Pharmacologic Class::N0000000069	Pharmacologic Class::N0000000069
Pharmacologic Class::N0000000070	Pharmacologic Class::N0000000070
Pharmacologic Class::N0000000083	Pharmacologic Class::N0000000083
Pharmacologic Class::N0000000100	Pharmacologic Class::N0000000100
Pharmacologic Class::N0000000102	Pharmacologic Class::N0000000102
Pharmacologic Class::N0000000104	Pharmacologic Class::N0000000104
Pharmacologic Class::N0000000106	Pharmacologic Class::N0000000106
Pharmacologic Class::N0000000109	Pharmacologic Class::N0000000109
Pharmacologic Class::N0000000111	Pharmacologic Class::N0000000111
Pharmacologic Class::N0000000114	Pharmacologic Class::N0000000114
Pharmacologic Class::N0000000115	Pharmacologic Class::N0000000115
Pharmacologic Class::N0000000116	Pharmacologic Class::N0000000116
Pharmacologic Class::N0000000122	Pharmacologic Class::N0000000122
Pharmacologic Class::N0000000125	Pharmacologic Class::N0000000125
Pharmacologic Class::N0000000144	Pharmacologic Class::N0000000144
Pharmacologic Class::N0000000146	Pharmacologic Class::N0000000146
Pharmacologic Class::N0000000150	Pharmacologic Class::N0000000150
Pharmacologic Class::N0000000151	Pharmacologic Class::N0000000151
Pharmacologic Class::N0000000154	Pharmacologic Class::N0000000154
Pharmacologic Class::N0000000160	Pharmacologic Class::N0000000160
Pharmacologic Class::N0000000166	Pharmacologic Class::N0000000166
Pharmacologic Class::N0000000168	Pharmacologic Class::N0000000168
Pharmacologic Class::N0000000174	Pharmacologic Class::N0000000174
Pharmacologic Class::N0000000176	Pharmacologic Class::N0000000176
Pharmacologic Class::N0000000183	Pharmacologic Class::N0000000183
Pharmacologic Class::N0000000190	Pharmacologic Class::N0000000190
Pharmacologic Class::N0000000191	Pharmacologic Class::N0000000191
Pharmacologic Class::N0000000194	Pharmacologic Class::N0000000194
Pharmacologic Class::N0000000196	Pharmacologic Class::N0000000196
Pharmacologic Class::N0000000202	Pharmacologic Class::N0000000202
Pharmacologic Class::N0000000206	Pharmacologic Class::N0000000206
Pharmacologic Class::N0000000207	Pharmacologic Class::N0000000207
Pharmacologic Class::N0000000209	Pharmacologic Class::N0000000209
Pharmacologic Class::N0000000233	Pharmacologic Class::N0000000233
Pharmacologic Class::N0000000235	Pharmacologic Class::N0000000235
Pharmacologic Class::N0000000236	Pharmacologic Class::N0000000236
Pharmacologic Class::N0000000239	Pharmacologic Class::N0000000239
Pharmacologic Class::N0000000243	Pharmacologic Class::N0000000243
Pharmacologic Class::N0000000246	Pharmacologic Class::N0000000246
Pharmacologic Class::N0000000250	Pharmacologic Class::N0000000250
Pharmacologic Class::N0000005760	Pharmacologic Class::N0000005760
Pharmacologic Class::N0000005934	Pharmacologic Class::N0000005934
Pharmacologic Class::N0000006014	Pharmacologic Class::N0000006014
Pharmacologic Class::N0000006165	Pharmacologic Class::N0000006165
Pharmacologic Class::N0000006269	Pharmacologic Class::N0000006269
Pharmacologic Class::N0000006276	Pharmacologic Class::N0000006276
Pharmacologic Class::N0000006277	Pharmacologic Class::N0000006277
Pharmacologic Class::N0000006290	Pharmacologic Class::N0000006290
Pharmacologic Class::N0000006320	Pharmacologic Class::N0000006320
Pharmacologic Class::N0000006337	Pharmacologic Class::N0000006337
Pharmacologic Class::N0000006496	Pharmacologic Class::N0000006496
Pharmacologic Class::N0000006688	Pharmacologic Class::N0000006688
Pharmacologic Class::N0000006801	Pharmacologic Class::N0000006801
Pharmacologic Class::N0000006806	Pharmacologic Class::N0000006806
Pharmacologic Class::N0000006996	Pharmacologic Class::N0000006996
Pharmacologic Class::N0000006999	Pharmacologic Class::N0000006999
Pharmacologic Class::N0000007151	Pharmacologic Class::N0000007151
Pharmacologic Class::N0000007196	Pharmacologic Class::N0000007196
Pharmacologic Class::N0000007246	Pharmacologic Class::N0000007246
Pharmacologic Class::N0000007522	Pharmacologic Class::N0000007522
Pharmacologic Class::N0000007529	Pharmacologic Class::N0000007529
Pharmacologic Class::N0000007530	Pharmacologic Class::N0000007530
Pharmacologic Class::N0000007542	Pharmacologic Class::N0000007542
Pharmacologic Class::N0000007544	Pharmacologic Class::N0000007544
Pharmacologic Class::N0000007556	Pharmacologic Class::N0000007556
Pharmacologic Class::N0000007566	Pharmacologic Class::N0000007566
Pharmacologic Class::N0000007568	Pharmacologic Class::N0000007568
Pharmacologic Class::N0000007570	Pharmacologic Class::N0000007570
Pharmacologic Class::N0000007606	Pharmacologic Class::N0000007606
Pharmacologic Class::N0000007618	Pharmacologic Class::N0000007618
Pharmacologic Class::N0000007620	Pharmacologic Class::N0000007620
Pharmacologic Class::N0000007621	Pharmacologic Class::N0000007621
Pharmacologic Class::N0000007632	Pharmacologic Class::N0000007632
Pharmacologic Class::N0000007641	Pharmacologic Class::N0000007641
Pharmacologic Class::N0000007647	Pharmacologic Class::N0000007647
Pharmacologic Class::N0000007658	Pharmacologic Class::N0000007658
Pharmacologic Class::N0000007659	Pharmacologic Class::N0000007659
Pharmacologic Class::N0000007663	Pharmacologic Class::N0000007663
Pharmacologic Class::N0000007672	Pharmacologic Class::N0000007672
Pharmacologic Class::N0000007681	Pharmacologic Class::N0000007681
Pharmacologic Class::N0000007683	Pharmacologic Class::N0000007683
Pharmacologic Class::N0000007698	Pharmacologic Class::N0000007698
Pharmacologic Class::N0000007700	Pharmacologic Class::N0000007700
Pharmacologic Class::N0000007706	Pharmacologic Class::N0000007706
Pharmacologic Class::N0000007707	Pharmacologic Class::N0000007707
Pharmacologic Class::N0000007710	Pharmacologic Class::N0000007710
Pharmacologic Class::N0000007715	Pharmacologic Class::N0000007715
Pharmacologic Class::N0000007770	Pharmacologic Class::N0000007770
Pharmacologic Class::N0000007780	Pharmacologic Class::N0000007780
Pharmacologic Class::N0000007822	Pharmacologic Class::N0000007822
Pharmacologic Class::N0000007853	Pharmacologic Class::N0000007853
Pharmacologic Class::N0000007883	Pharmacologic Class::N0000007883
Pharmacologic Class::N0000007888	Pharmacologic Class::N0000007888
Pharmacologic Class::N0000007889	Pharmacologic Class::N0000007889
Pharmacologic Class::N0000007893	Pharmacologic Class::N0000007893
Pharmacologic Class::N0000007909	Pharmacologic Class::N0000007909
Pharmacologic Class::N0000007911	Pharmacologic Class::N0000007911
Pharmacologic Class::N0000007948	Pharmacologic Class::N0000007948
Pharmacologic Class::N0000007961	Pharmacologic Class::N0000007961
Pharmacologic Class::N0000007983	Pharmacologic Class::N0000007983
Pharmacologic Class::N0000008010	Pharmacologic Class::N0000008010
Pharmacologic Class::N0000008016	Pharmacologic Class::N0000008016
Pharmacologic Class::N0000008048	Pharmacologic Class::N0000008048
Pharmacologic Class::N0000008053	Pharmacologic Class::N0000008053
Pharmacologic Class::N0000008054	Pharmacologic Class::N0000008054
Pharmacologic Class::N0000008065	Pharmacologic Class::N0000008065
Pharmacologic Class::N0000008118	Pharmacologic Class::N0000008118
Pharmacologic Class::N0000008157	Pharmacologic Class::N0000008157
Pharmacologic Class::N0000008217	Pharmacologic Class::N0000008217
Pharmacologic Class::N0000008241	Pharmacologic Class::N0000008241
Pharmacologic Class::N0000008330	Pharmacologic Class::N0000008330
Pharmacologic Class::N0000008478	Pharmacologic Class::N0000008478
Pharmacologic Class::N0000008479	Pharmacologic Class::N0000008479
Pharmacologic Class::N0000008486	Pharmacologic Class::N0000008486
Pharmacologic Class::N0000008553	Pharmacologic Class::N0000008553
Pharmacologic Class::N0000008556	Pharmacologic Class::N0000008556
Pharmacologic Class::N0000008577	Pharmacologic Class::N0000008577
Pharmacologic Class::N0000008638	Pharmacologic Class::N0000008638
Pharmacologic Class::N0000008663	Pharmacologic Class::N0000008663
Pharmacologic Class::N0000008683	Pharmacologic Class::N0000008683
Pharmacologic Class::N0000008732	Pharmacologic Class::N0000008732
Pharmacologic Class::N0000008779	Pharmacologic Class::N0000008779
Pharmacologic Class::N0000008832	Pharmacologic Class::N0000008832
Pharmacologic Class::N0000008836	Pharmacologic Class::N0000008836
Pharmacologic Class::N0000008841	Pharmacologic Class::N0000008841
Pharmacologic Class::N0000008853	Pharmacologic Class::N0000008853
Pharmacologic Class::N0000008859	Pharmacologic Class::N0000008859
Pharmacologic Class::N0000008867	Pharmacologic Class::N0000008867
Pharmacologic Class::N0000008953	Pharmacologic Class::N0000008953
Pharmacologic Class::N0000009010	Pharmacologic Class::N0000009010
Pharmacologic Class::N0000009022	Pharmacologic Class::N0000009022
Pharmacologic Class::N0000009034	Pharmacologic Class::N0000009034
Pharmacologic Class::N0000009048	Pharmacologic Class::N0000009048
Pharmacologic Class::N0000009059	Pharmacologic Class::N0000009059
Pharmacologic Class::N0000009065	Pharmacologic Class::N0000009065
Pharmacologic Class::N0000009079	Pharmacologic Class::N0000009079
Pharmacologic Class::N0000009176	Pharmacologic Class::N0000009176
Pharmacologic Class::N0000009267	Pharmacologic Class::N0000009267
Pharmacologic Class::N0000009269	Pharmacologic Class::N0000009269
Pharmacologic Class::N0000009282	Pharmacologic Class::N0000009282
Pharmacologic Class::N0000009371	Pharmacologic Class::N0000009371
Pharmacologic Class::N0000009393	Pharmacologic Class::N0000009393
Pharmacologic Class::N0000009456	Pharmacologic Class::N0000009456
Pharmacologic Class::N0000009526	Pharmacologic Class::N0000009526
Pharmacologic Class::N0000009724	Pharmacologic Class::N0000009724
Pharmacologic Class::N0000009801	Pharmacologic Class::N0000009801
Pharmacologic Class::N0000009871	Pharmacologic Class::N0000009871
Pharmacologic Class::N0000009905	Pharmacologic Class::N0000009905
Pharmacologic Class::N0000009909	Pharmacologic Class::N0000009909
Pharmacologic Class::N0000009911	Pharmacologic Class::N0000009911
Pharmacologic Class::N0000009916	Pharmacologic Class::N0000009916
Pharmacologic Class::N0000009917	Pharmacologic Class::N0000009917
Pharmacologic Class::N0000009918	Pharmacologic Class::N0000009918
Pharmacologic Class::N0000009922	Pharmacologic Class::N0000009922
Pharmacologic Class::N0000009923	Pharmacologic Class::N0000009923
Pharmacologic Class::N0000009924	Pharmacologic Class::N0000009924
Pharmacologic Class::N0000009945	Pharmacologic Class::N0000009945
Pharmacologic Class::N0000009947	Pharmacologic Class::N0000009947
Pharmacologic Class::N0000009948	Pharmacologic Class::N0000009948
Pharmacologic Class::N0000009963	Pharmacologic Class::N0000009963
Pharmacologic Class::N0000009982	Pharmacologic Class::N0000009982
Pharmacologic Class::N0000010217	Pharmacologic Class::N0000010217
Pharmacologic Class::N0000010258	Pharmacologic Class::N0000010258
Pharmacologic Class::N0000010259	Pharmacologic Class::N0000010259
Pharmacologic Class::N0000010262	Pharmacologic Class::N0000010262
Pharmacologic Class::N0000010288	Pharmacologic Class::N0000010288
Pharmacologic Class::N0000011161	Pharmacologic Class::N0000011161
Pharmacologic Class::N0000011272	Pharmacologic Class::N0000011272
Pharmacologic Class::N0000011280	Pharmacologic Class::N0000011280
Pharmacologic Class::N0000011281	Pharmacologic Class::N0000011281
Pharmacologic Class::N0000011294	Pharmacologic Class::N0000011294
Pharmacologic Class::N0000011301	Pharmacologic Class::N0000011301
Pharmacologic Class::N0000011310	Pharmacologic Class::N0000011310
Pharmacologic Class::N0000011311	Pharmacologic Class::N0000011311
Pharmacologic Class::N0000011402	Pharmacologic Class::N0000011402
Pharmacologic Class::N0000011414	Pharmacologic Class::N0000011414
Pharmacologic Class::N0000011418	Pharmacologic Class::N0000011418
Pharmacologic Class::N0000020000	Pharmacologic Class::N0000020000
Pharmacologic Class::N0000020015	Pharmacologic Class::N0000020015
Pharmacologic Class::N0000020019	Pharmacologic Class::N0000020019
Pharmacologic Class::N0000020024	Pharmacologic Class::N0000020024
Pharmacologic Class::N0000020026	Pharmacologic Class::N0000020026
Pharmacologic Class::N0000020060	Pharmacologic Class::N0000020060
Pharmacologic Class::N0000020074	Pharmacologic Class::N0000020074
Pharmacologic Class::N0000020081	Pharmacologic Class::N0000020081
Pharmacologic Class::N0000166469	Pharmacologic Class::N0000166469
Pharmacologic Class::N0000166489	Pharmacologic Class::N0000166489
Pharmacologic Class::N0000166743	Pharmacologic Class::N0000166743
Pharmacologic Class::N0000167094	Pharmacologic Class::N0000167094
Pharmacologic Class::N0000167510	Pharmacologic Class::N0000167510
Pharmacologic Class::N0000170118	Pharmacologic Class::N0000170118
Pharmacologic Class::N0000170119	Pharmacologic Class::N0000170119
Pharmacologic Class::N0000171131	Pharmacologic Class::N0000171131
Pharmacologic Class::N0000171207	Pharmacologic Class::N0000171207
Pharmacologic Class::N0000175073	Pharmacologic Class::N0000175073
Pharmacologic Class::N0000175075	Pharmacologic Class::N0000175075
Pharmacologic Class::N0000175076	Pharmacologic Class::N0000175076
Pharmacologic Class::N0000175080	Pharmacologic Class::N0000175080
Pharmacologic Class::N0000175084	Pharmacologic Class::N0000175084
Pharmacologic Class::N0000175085	Pharmacologic Class::N0000175085
Pharmacologic Class::N0000175086	Pharmacologic Class::N0000175086
Pharmacologic Class::N0000175087	Pharmacologic Class::N0000175087
Pharmacologic Class::N0000175089	Pharmacologic Class::N0000175089
Pharmacologic Class::N0000175359	Pharmacologic Class::N0000175359
Pharmacologic Class::N0000175361	Pharmacologic Class::N0000175361
Pharmacologic Class::N0000175365	Pharmacologic Class::N0000175365
Pharmacologic Class::N0000175366	Pharmacologic Class::N0000175366
Pharmacologic Class::N0000175370	Pharmacologic Class::N0000175370
Pharmacologic Class::N0000175372	Pharmacologic Class::N0000175372
Pharmacologic Class::N0000175374	Pharmacologic Class::N0000175374
Pharmacologic Class::N0000175375	Pharmacologic Class::N0000175375
Pharmacologic Class::N0000175379	Pharmacologic Class::N0000175379
Pharmacologic Class::N0000175433	Pharmacologic Class::N0000175433
Pharmacologic Class::N0000175436	Pharmacologic Class::N0000175436
Pharmacologic Class::N0000175442	Pharmacologic Class::N0000175442
Pharmacologic Class::N0000175445	Pharmacologic Class::N0000175445
Pharmacologic Class::N0000175448	Pharmacologic Class::N0000175448
Pharmacologic Class::N0000175450	Pharmacologic Class::N0000175450
Pharmacologic Class::N0000175456	Pharmacologic Class::N0000175456
Pharmacologic Class::N0000175459	Pharmacologic Class::N0000175459
Pharmacologic Class::N0000175460	Pharmacologic Class::N0000175460
Pharmacologic Class::N0000175469	Pharmacologic Class::N0000175469
Pharmacologic Class::N0000175472	Pharmacologic Class::N0000175472
Pharmacologic Class::N0000175479	Pharmacologic Class::N0000175479
Pharmacologic Class::N0000175508	Pharmacologic Class::N0000175508
Pharmacologic Class::N0000175512	Pharmacologic Class::N0000175512
Pharmacologic Class::N0000175513	Pharmacologic Class::N0000175513
Pharmacologic Class::N0000175516	Pharmacologic Class::N0000175516
Pharmacologic Class::N0000175533	Pharmacologic Class::N0000175533
Pharmacologic Class::N0000175542	Pharmacologic Class::N0000175542
Pharmacologic Class::N0000175547	Pharmacologic Class::N0000175547
Pharmacologic Class::N0000175549	Pharmacologic Class::N0000175549
Pharmacologic Class::N0000175550	Pharmacologic Class::N0000175550
Pharmacologic Class::N0000175624	Pharmacologic Class::N0000175624
Pharmacologic Class::N0000175628	Pharmacologic Class::N0000175628
Pharmacologic Class::N0000175629	Pharmacologic Class::N0000175629
Pharmacologic Class::N0000175632	Pharmacologic Class::N0000175632
Pharmacologic Class::N0000175635	Pharmacologic Class::N0000175635
Pharmacologic Class::N0000175644	Pharmacologic Class::N0000175644
Pharmacologic Class::N0000175650	Pharmacologic Class::N0000175650
Pharmacologic Class::N0000175651	Pharmacologic Class::N0000175651
Pharmacologic Class::N0000175654	Pharmacologic Class::N0000175654
Pharmacologic Class::N0000175684	Pharmacologic Class::N0000175684
Pharmacologic Class::N0000175685	Pharmacologic Class::N0000175685
Pharmacologic Class::N0000175686	Pharmacologic Class::N0000175686
Pharmacologic Class::N0000175702	Pharmacologic Class::N0000175702
Pharmacologic Class::N0000175721	Pharmacologic Class::N0000175721
Pharmacologic Class::N0000175728	Pharmacologic Class::N0000175728
Pharmacologic Class::N0000175729	Pharmacologic Class::N0000175729
Pharmacologic Class::N0000175730	Pharmacologic Class::N0000175730
Pharmacologic Class::N0000175732	Pharmacologic Class::N0000175732
Pharmacologic Class::N0000175733	Pharmacologic Class::N0000175733
Pharmacologic Class::N0000175735	Pharmacologic Class::N0000175735
Pharmacologic Class::N0000175755	Pharmacologic Class::N0000175755
Pharmacologic Class::N0000175761	Pharmacologic Class::N0000175761
Pharmacologic Class::N0000175763	Pharmacologic Class::N0000175763
Pharmacologic Class::N0000175764	Pharmacologic Class::N0000175764
Pharmacologic Class::N0000175788	Pharmacologic Class::N0000175788
Pharmacologic Class::N0000175799	Pharmacologic Class::N0000175799
Pharmacologic Class::N0000175808	Pharmacologic Class::N0000175808
Pharmacologic Class::N0000175817	Pharmacologic Class::N0000175817
Pharmacologic Class::N0000175830	Pharmacologic Class::N0000175830
Pharmacologic Class::N0000175833	Pharmacologic Class::N0000175833
Pharmacologic Class::N0000175850	Pharmacologic Class::N0000175850
Pharmacologic Class::N0000175851	Pharmacologic Class::N0000175851
Pharmacologic Class::N0000175862	Pharmacologic Class::N0000175862
Pharmacologic Class::N0000175912	Pharmacologic Class::N0000175912
Pharmacologic Class::N0000175914	Pharmacologic Class::N0000175914
Pharmacologic Class::N0000175915	Pharmacologic Class::N0000175915
Pharmacologic Class::N0000175917	Pharmacologic Class::N0000175917
Pharmacologic Class::N0000175921	Pharmacologic Class::N0000175921
Pharmacologic Class::N0000175955	Pharmacologic Class::N0000175955
Pharmacologic Class::N0000175960	Pharmacologic Class::N0000175960
Pharmacologic Class::N0000175962	Pharmacologic Class::N0000175962
Pharmacologic Class::N0000175964	Pharmacologic Class::N0000175964
Pharmacologic Class::N0000175965	Pharmacologic Class::N0000175965
Pharmacologic Class::N0000175967	Pharmacologic Class::N0000175967
Pharmacologic Class::N0000175968	Pharmacologic Class::N0000175968
Pharmacologic Class::N0000175969	Pharmacologic Class::N0000175969
Pharmacologic Class::N0000175970	Pharmacologic Class::N0000175970
Pharmacologic Class::N0000175972	Pharmacologic Class::N0000175972
Pharmacologic Class::N0000175975	Pharmacologic Class::N0000175975
Pharmacologic Class::N0000175976	Pharmacologic Class::N0000175976
Pharmacologic Class::N0000175982	Pharmacologic Class::N0000175982
Pharmacologic Class::N0000178324	Pharmacologic Class::N0000178324
Pharmacologic Class::N0000178477	Pharmacologic Class::N0000178477
Pharmacologic Class::N0000178478	Pharmacologic Class::N0000178478
Pharmacologic Class::N0000180999	Pharmacologic Class::N0000180999
Pharmacologic Class::N0000181815	Pharmacologic Class::N0000181815
Pharmacologic Class::N0000181819	Pharmacologic Class::N0000181819
Pharmacologic Class::N0000182137	Pharmacologic Class::N0000182137
Pharmacologic Class::N0000182138	Pharmacologic Class::N0000182138
Pharmacologic Class::N0000182139	Pharmacologic Class::N0000182139
Pharmacologic Class::N0000182140	Pharmacologic Class::N0000182140
Pharmacologic Class::N0000182141	Pharmacologic Class::N0000182141
Pharmacologic Class::N0000182143	Pharmacologic Class::N0000182143
Pharmacologic Class::N0000182147	Pharmacologic Class::N0000182147
Pharmacologic Class::N0000182638	Pharmacologic Class::N0000182638
Pharmacologic Class::N0000182728	Pharmacologic Class::N0000182728
Pharmacologic Class::N0000182960	Pharmacologic Class::N0000182960
Pharmacologic Class::N0000184143	Pharmacologic Class::N0000184143
Pharmacologic Class::N0000184145	Pharmacologic Class::N0000184145
Pharmacologic Class::N0000184148	Pharmacologic Class::N0000184148
Pharmacologic Class::N0000184306	Pharmacologic Class::N0000184306
Pharmacologic Class::N0000185007	Pharmacologic Class::N0000185007
Pharmacologic Class::N0000185499	Pharmacologic Class::N0000185499
Pharmacologic Class::N0000185503	Pharmacologic Class::N0000185503
Pharmacologic Class::N0000185504	Pharmacologic Class::N0000185504
Pharmacologic Class::N0000185506	Pharmacologic Class::N0000185506
Pharmacologic Class::N0000185507	Pharmacologic Class::N0000185507
Pharmacologic Class::N0000185607	Pharmacologic Class::N0000185607
Pharmacologic Class::N0000186774	Pharmacologic Class::N0000186774
Pharmacologic Class::N0000186778	Pharmacologic Class::N0000186778
Pharmacologic Class::N0000187058	Pharmacologic Class::N0000187058
Pharmacologic Class::N0000187061	Pharmacologic Class::N0000187061
Pharmacologic Class::N0000187062	Pharmacologic Class::N0000187062
Pharmacologic Class::N0000187063	Pharmacologic Class::N0000187063
Pharmacologic Class::N0000187064	Pharmacologic Class::N0000187064
Pharmacologic Class::N0000190107	Pharmacologic Class::N0000190107
Pharmacologic Class::N0000190108	Pharmacologic Class::N0000190108
Pharmacologic Class::N0000190109	Pharmacologic Class::N0000190109
Pharmacologic Class::N0000190110	Pharmacologic Class::N0000190110
Pharmacologic Class::N0000190111	Pharmacologic Class::N0000190111
Pharmacologic Class::N0000190113	Pharmacologic Class::N0000190113
Pharmacologic Class::N0000190114	Pharmacologic Class::N0000190114
Pharmacologic Class::N0000190115	Pharmacologic Class::N0000190115
Pharmacologic Class::N0000190118	Pharmacologic Class::N0000190118
Pharmacologic Class::N0000190482	Pharmacologic Class::N0000190482
Pharmacologic Class::N0000190855	Pharmacologic Class::N0000190855
Pharmacologic Class::N0000191258	Pharmacologic Class::N0000191258
Pharmacologic Class::N0000191264	Pharmacologic Class::N0000191264
Pharmacologic Class::N0000191265	Pharmacologic Class::N0000191265
Pharmacologic Class::N0000191266	Pharmacologic Class::N0000191266
Pharmacologic Class::N0000191267	Pharmacologic Class::N0000191267
Pharmacologic Class::N0000191269	Pharmacologic Class::N0000191269
Pharmacologic Class::N0000191272	Pharmacologic Class::N0000191272
Pharmacologic Class::N0000191273	Pharmacologic Class::N0000191273
Pharmacologic Class::N0000191274	Pharmacologic Class::N0000191274
Pharmacologic Class::N0000191275	Pharmacologic Class::N0000191275
Pharmacologic Class::N0000191276	Pharmacologic Class::N0000191276
Pharmacologic Class::N0000191277	Pharmacologic Class::N0000191277
Pharmacologic Class::N0000191278	Pharmacologic Class::N0000191278
Pharmacologic Class::N0000191280	Pharmacologic Class::N0000191280
Pharmacologic Class::N0000191423	Pharmacologic Class::N0000191423
Pharmacologic Class::N0000191624	Pharmacologic Class::N0000191624
