Symptom::D000006	Symptom::D000006
Symptom::D000270	Symptom::D000270
Symptom::D000326	Symptom::D000326
Symptom::D000334	Symptom::D000334
Symptom::D000370	Symptom::D000370
Symptom::D000377	Symptom::D000377
Symptom::D000381	Symptom::D000381
Symptom::D000419	Symptom::D000419
Symptom::D000425	Symptom::D000425
Symptom::D000472	Symptom::D000472
Symptom::D000550	Symptom::D000550
Symptom::D000647	Symptom::D000647
Symptom::D000648	Symptom::D000648
Symptom::D000787	Symptom::D000787
Symptom::D000788	Symptom::D000788
Symptom::D000789	Symptom::D000789
Symptom::D000849	Symptom::D000849
Symptom::D000855	Symptom::D000855
Symptom::D000857	Symptom::D000857
Symptom::D000860	Symptom::D000860
Symptom::D001037	Symptom::D001037
Symptom::D001039	Symptom::D001039
Symptom::D001041	Symptom::D001041
Symptom::D001044	Symptom::D001044
Symptom::D001049	Symptom::D001049
Symptom::D001072	Symptom::D001072
Symptom::D001184	Symptom::D001184
Symptom::D001247	Symptom::D001247
Symptom::D001259	Symptom::D001259
Symptom::D001260	Symptom::D001260
Symptom::D001264	Symptom::D001264
Symptom::D001308	Symptom::D001308
Symptom::D001416	Symptom::D001416
Symptom::D001724	Symptom::D001724
Symptom::D001750	Symptom::D001750
Symptom::D001766	Symptom::D001766
Symptom::D001832	Symptom::D001832
Symptom::D001835	Symptom::D001835
Symptom::D001836	Symptom::D001836
Symptom::D001926	Symptom::D001926
Symptom::D002032	Symptom::D002032
Symptom::D002100	Symptom::D002100
Symptom::D002303	Symptom::D002303
Symptom::D002375	Symptom::D002375
Symptom::D002385	Symptom::D002385
Symptom::D002389	Symptom::D002389
Symptom::D002422	Symptom::D002422
Symptom::D002524	Symptom::D002524
Symptom::D002558	Symptom::D002558
Symptom::D002559	Symptom::D002559
Symptom::D002637	Symptom::D002637
Symptom::D002639	Symptom::D002639
Symptom::D002819	Symptom::D002819
Symptom::D002832	Symptom::D002832
Symptom::D003085	Symptom::D003085
Symptom::D003117	Symptom::D003117
Symptom::D003128	Symptom::D003128
Symptom::D003147	Symptom::D003147
Symptom::D003221	Symptom::D003221
Symptom::D003244	Symptom::D003244
Symptom::D003248	Symptom::D003248
Symptom::D003371	Symptom::D003371
Symptom::D003410	Symptom::D003410
Symptom::D003490	Symptom::D003490
Symptom::D003635	Symptom::D003635
Symptom::D003638	Symptom::D003638
Symptom::D003639	Symptom::D003639
Symptom::D003655	Symptom::D003655
Symptom::D003693	Symptom::D003693
Symptom::D003967	Symptom::D003967
Symptom::D003968	Symptom::D003968
Symptom::D004172	Symptom::D004172
Symptom::D004244	Symptom::D004244
Symptom::D004314	Symptom::D004314
Symptom::D004401	Symptom::D004401
Symptom::D004408	Symptom::D004408
Symptom::D004409	Symptom::D004409
Symptom::D004410	Symptom::D004410
Symptom::D004411	Symptom::D004411
Symptom::D004412	Symptom::D004412
Symptom::D004415	Symptom::D004415
Symptom::D004417	Symptom::D004417
Symptom::D004418	Symptom::D004418
Symptom::D004421	Symptom::D004421
Symptom::D004433	Symptom::D004433
Symptom::D004438	Symptom::D004438
Symptom::D004454	Symptom::D004454
Symptom::D004487	Symptom::D004487
Symptom::D004489	Symptom::D004489
Symptom::D004614	Symptom::D004614
Symptom::D004688	Symptom::D004688
Symptom::D004884	Symptom::D004884
Symptom::D005130	Symptom::D005130
Symptom::D005132	Symptom::D005132
Symptom::D005157	Symptom::D005157
Symptom::D005158	Symptom::D005158
Symptom::D005183	Symptom::D005183
Symptom::D005207	Symptom::D005207
Symptom::D005221	Symptom::D005221
Symptom::D005222	Symptom::D005222
Symptom::D005262	Symptom::D005262
Symptom::D005311	Symptom::D005311
Symptom::D005316	Symptom::D005316
Symptom::D005320	Symptom::D005320
Symptom::D005334	Symptom::D005334
Symptom::D005335	Symptom::D005335
Symptom::D005414	Symptom::D005414
Symptom::D005483	Symptom::D005483
Symptom::D005600	Symptom::D005600
Symptom::D005683	Symptom::D005683
Symptom::D005862	Symptom::D005862
Symptom::D005884	Symptom::D005884
Symptom::D005926	Symptom::D005926
Symptom::D006209	Symptom::D006209
Symptom::D006212	Symptom::D006212
Symptom::D006261	Symptom::D006261
Symptom::D006311	Symptom::D006311
Symptom::D006312	Symptom::D006312
Symptom::D006313	Symptom::D006313
Symptom::D006314	Symptom::D006314
Symptom::D006315	Symptom::D006315
Symptom::D006316	Symptom::D006316
Symptom::D006317	Symptom::D006317
Symptom::D006319	Symptom::D006319
Symptom::D006337	Symptom::D006337
Symptom::D006356	Symptom::D006356
Symptom::D006396	Symptom::D006396
Symptom::D006423	Symptom::D006423
Symptom::D006429	Symptom::D006429
Symptom::D006456	Symptom::D006456
Symptom::D006469	Symptom::D006469
Symptom::D006472	Symptom::D006472
Symptom::D006606	Symptom::D006606
Symptom::D006628	Symptom::D006628
Symptom::D006685	Symptom::D006685
Symptom::D006732	Symptom::D006732
Symptom::D006816	Symptom::D006816
Symptom::D006930	Symptom::D006930
Symptom::D006935	Symptom::D006935
Symptom::D006939	Symptom::D006939
Symptom::D006941	Symptom::D006941
Symptom::D006942	Symptom::D006942
Symptom::D006948	Symptom::D006948
Symptom::D006963	Symptom::D006963
Symptom::D006970	Symptom::D006970
Symptom::D006985	Symptom::D006985
Symptom::D006987	Symptom::D006987
Symptom::D006988	Symptom::D006988
Symptom::D007024	Symptom::D007024
Symptom::D007035	Symptom::D007035
Symptom::D007040	Symptom::D007040
Symptom::D007088	Symptom::D007088
Symptom::D007319	Symptom::D007319
Symptom::D007331	Symptom::D007331
Symptom::D007383	Symptom::D007383
Symptom::D007565	Symptom::D007565
Symptom::D007625	Symptom::D007625
Symptom::D007706	Symptom::D007706
Symptom::D007805	Symptom::D007805
Symptom::D007806	Symptom::D007806
Symptom::D007859	Symptom::D007859
Symptom::D007926	Symptom::D007926
Symptom::D008065	Symptom::D008065
Symptom::D008569	Symptom::D008569
Symptom::D008580	Symptom::D008580
Symptom::D008607	Symptom::D008607
Symptom::D008998	Symptom::D008998
Symptom::D009041	Symptom::D009041
Symptom::D009058	Symptom::D009058
Symptom::D009120	Symptom::D009120
Symptom::D009122	Symptom::D009122
Symptom::D009123	Symptom::D009123
Symptom::D009127	Symptom::D009127
Symptom::D009128	Symptom::D009128
Symptom::D009133	Symptom::D009133
Symptom::D009155	Symptom::D009155
Symptom::D009207	Symptom::D009207
Symptom::D009222	Symptom::D009222
Symptom::D009290	Symptom::D009290
Symptom::D009325	Symptom::D009325
Symptom::D009437	Symptom::D009437
Symptom::D009461	Symptom::D009461
Symptom::D009755	Symptom::D009755
Symptom::D009765	Symptom::D009765
Symptom::D009767	Symptom::D009767
Symptom::D009846	Symptom::D009846
Symptom::D009886	Symptom::D009886
Symptom::D009903	Symptom::D009903
Symptom::D009912	Symptom::D009912
Symptom::D010146	Symptom::D010146
Symptom::D010148	Symptom::D010148
Symptom::D010149	Symptom::D010149
Symptom::D010167	Symptom::D010167
Symptom::D010243	Symptom::D010243
Symptom::D010264	Symptom::D010264
Symptom::D010291	Symptom::D010291
Symptom::D010292	Symptom::D010292
Symptom::D010468	Symptom::D010468
Symptom::D010591	Symptom::D010591
Symptom::D010845	Symptom::D010845
Symptom::D011141	Symptom::D011141
Symptom::D011218	Symptom::D011218
Symptom::D011304	Symptom::D011304
Symptom::D011507	Symptom::D011507
Symptom::D011537	Symptom::D011537
Symptom::D011538	Symptom::D011538
Symptom::D011539	Symptom::D011539
Symptom::D011595	Symptom::D011595
Symptom::D011596	Symptom::D011596
Symptom::D011602	Symptom::D011602
Symptom::D011681	Symptom::D011681
Symptom::D011693	Symptom::D011693
Symptom::D011694	Symptom::D011694
Symptom::D011695	Symptom::D011695
Symptom::D011696	Symptom::D011696
Symptom::D011697	Symptom::D011697
Symptom::D011782	Symptom::D011782
Symptom::D012001	Symptom::D012001
Symptom::D012021	Symptom::D012021
Symptom::D012133	Symptom::D012133
Symptom::D012135	Symptom::D012135
Symptom::D012148	Symptom::D012148
Symptom::D012166	Symptom::D012166
Symptom::D012415	Symptom::D012415
Symptom::D012585	Symptom::D012585
Symptom::D012607	Symptom::D012607
Symptom::D012640	Symptom::D012640
Symptom::D012678	Symptom::D012678
Symptom::D012817	Symptom::D012817
Symptom::D012818	Symptom::D012818
Symptom::D012877	Symptom::D012877
Symptom::D012891	Symptom::D012891
Symptom::D012892	Symptom::D012892
Symptom::D012893	Symptom::D012893
Symptom::D012912	Symptom::D012912
Symptom::D012913	Symptom::D012913
Symptom::D013009	Symptom::D013009
Symptom::D013035	Symptom::D013035
Symptom::D013064	Symptom::D013064
Symptom::D013342	Symptom::D013342
Symptom::D013494	Symptom::D013494
Symptom::D013575	Symptom::D013575
Symptom::D013651	Symptom::D013651
Symptom::D013746	Symptom::D013746
Symptom::D013851	Symptom::D013851
Symptom::D014008	Symptom::D014008
Symptom::D014012	Symptom::D014012
Symptom::D014098	Symptom::D014098
Symptom::D014103	Symptom::D014103
Symptom::D014202	Symptom::D014202
Symptom::D014313	Symptom::D014313
Symptom::D014474	Symptom::D014474
Symptom::D014549	Symptom::D014549
Symptom::D014550	Symptom::D014550
Symptom::D014717	Symptom::D014717
Symptom::D014770	Symptom::D014770
Symptom::D014786	Symptom::D014786
Symptom::D014823	Symptom::D014823
Symptom::D014826	Symptom::D014826
Symptom::D014832	Symptom::D014832
Symptom::D014839	Symptom::D014839
Symptom::D014840	Symptom::D014840
Symptom::D014884	Symptom::D014884
Symptom::D014929	Symptom::D014929
Symptom::D015160	Symptom::D015160
Symptom::D015325	Symptom::D015325
Symptom::D015354	Symptom::D015354
Symptom::D015430	Symptom::D015430
Symptom::D015431	Symptom::D015431
Symptom::D015518	Symptom::D015518
Symptom::D015746	Symptom::D015746
Symptom::D015845	Symptom::D015845
Symptom::D015875	Symptom::D015875
Symptom::D015877	Symptom::D015877
Symptom::D015878	Symptom::D015878
Symptom::D016532	Symptom::D016532
Symptom::D016534	Symptom::D016534
Symptom::D016553	Symptom::D016553
Symptom::D016857	Symptom::D016857
Symptom::D017109	Symptom::D017109
Symptom::D017116	Symptom::D017116
Symptom::D017246	Symptom::D017246
Symptom::D017288	Symptom::D017288
Symptom::D017566	Symptom::D017566
Symptom::D017593	Symptom::D017593
Symptom::D017624	Symptom::D017624
Symptom::D017699	Symptom::D017699
Symptom::D017827	Symptom::D017827
Symptom::D018437	Symptom::D018437
Symptom::D018458	Symptom::D018458
Symptom::D018476	Symptom::D018476
Symptom::D018489	Symptom::D018489
Symptom::D018496	Symptom::D018496
Symptom::D018589	Symptom::D018589
Symptom::D018614	Symptom::D018614
Symptom::D018771	Symptom::D018771
Symptom::D018886	Symptom::D018886
Symptom::D018888	Symptom::D018888
Symptom::D018908	Symptom::D018908
Symptom::D018980	Symptom::D018980
Symptom::D019080	Symptom::D019080
Symptom::D019462	Symptom::D019462
Symptom::D019547	Symptom::D019547
Symptom::D019569	Symptom::D019569
Symptom::D019575	Symptom::D019575
Symptom::D019584	Symptom::D019584
Symptom::D019588	Symptom::D019588
Symptom::D019591	Symptom::D019591
Symptom::D019873	Symptom::D019873
Symptom::D019954	Symptom::D019954
Symptom::D020069	Symptom::D020069
Symptom::D020078	Symptom::D020078
Symptom::D020150	Symptom::D020150
Symptom::D020177	Symptom::D020177
Symptom::D020178	Symptom::D020178
Symptom::D020179	Symptom::D020179
Symptom::D020181	Symptom::D020181
Symptom::D020182	Symptom::D020182
Symptom::D020183	Symptom::D020183
Symptom::D020184	Symptom::D020184
Symptom::D020186	Symptom::D020186
Symptom::D020187	Symptom::D020187
Symptom::D020188	Symptom::D020188
Symptom::D020189	Symptom::D020189
Symptom::D020207	Symptom::D020207
Symptom::D020233	Symptom::D020233
Symptom::D020234	Symptom::D020234
Symptom::D020235	Symptom::D020235
Symptom::D020236	Symptom::D020236
Symptom::D020237	Symptom::D020237
Symptom::D020238	Symptom::D020238
Symptom::D020240	Symptom::D020240
Symptom::D020250	Symptom::D020250
Symptom::D020270	Symptom::D020270
Symptom::D020323	Symptom::D020323
Symptom::D020324	Symptom::D020324
Symptom::D020335	Symptom::D020335
Symptom::D020336	Symptom::D020336
Symptom::D020385	Symptom::D020385
Symptom::D020447	Symptom::D020447
Symptom::D020567	Symptom::D020567
Symptom::D020754	Symptom::D020754
Symptom::D020757	Symptom::D020757
Symptom::D020795	Symptom::D020795
Symptom::D020820	Symptom::D020820
Symptom::D020828	Symptom::D020828
Symptom::D020879	Symptom::D020879
Symptom::D020886	Symptom::D020886
Symptom::D020915	Symptom::D020915
Symptom::D020919	Symptom::D020919
Symptom::D020920	Symptom::D020920
Symptom::D020921	Symptom::D020921
Symptom::D020922	Symptom::D020922
Symptom::D020923	Symptom::D020923
Symptom::D020924	Symptom::D020924
Symptom::D021501	Symptom::D021501
Symptom::D023341	Symptom::D023341
Symptom::D034062	Symptom::D034062
Symptom::D034381	Symptom::D034381
Symptom::D037061	Symptom::D037061
Symptom::D038901	Symptom::D038901
Symptom::D038921	Symptom::D038921
Symptom::D041781	Symptom::D041781
Symptom::D045262	Symptom::D045262
Symptom::D046088	Symptom::D046088
Symptom::D046089	Symptom::D046089
Symptom::D046608	Symptom::D046608
Symptom::D048949	Symptom::D048949
Symptom::D048968	Symptom::D048968
Symptom::D050177	Symptom::D050177
Symptom::D051346	Symptom::D051346
Symptom::D051474	Symptom::D051474
Symptom::D052120	Symptom::D052120
Symptom::D052245	Symptom::D052245
Symptom::D053158	Symptom::D053158
Symptom::D053159	Symptom::D053159
Symptom::D053201	Symptom::D053201
Symptom::D053202	Symptom::D053202
Symptom::D053448	Symptom::D053448
Symptom::D053565	Symptom::D053565
Symptom::D053578	Symptom::D053578
Symptom::D053584	Symptom::D053584
Symptom::D053591	Symptom::D053591
Symptom::D053608	Symptom::D053608
Symptom::D053609	Symptom::D053609
Symptom::D054058	Symptom::D054058
Symptom::D054062	Symptom::D054062
Symptom::D054068	Symptom::D054068
Symptom::D054078	Symptom::D054078
Symptom::D054160	Symptom::D054160
Symptom::D054221	Symptom::D054221
Symptom::D054546	Symptom::D054546
Symptom::D054971	Symptom::D054971
Symptom::D054972	Symptom::D054972
Symptom::D055111	Symptom::D055111
Symptom::D055154	Symptom::D055154
Symptom::D055665	Symptom::D055665
Symptom::D055948	Symptom::D055948
Symptom::D055955	Symptom::D055955
Symptom::D055958	Symptom::D055958
Symptom::D055964	Symptom::D055964
Symptom::D056124	Symptom::D056124
Symptom::D056128	Symptom::D056128
Symptom::D056844	Symptom::D056844
Symptom::D056865	Symptom::D056865
Symptom::D057178	Symptom::D057178
Symptom::D057768	Symptom::D057768
Symptom::D057774	Symptom::D057774
Symptom::D057896	Symptom::D057896
Symptom::D058447	Symptom::D058447
Symptom::D058568	Symptom::D058568
Symptom::D059226	Symptom::D059226
Symptom::D059245	Symptom::D059245
Symptom::D059246	Symptom::D059246
Symptom::D059265	Symptom::D059265
Symptom::D059350	Symptom::D059350
Symptom::D059352	Symptom::D059352
Symptom::D059373	Symptom::D059373
Symptom::D059388	Symptom::D059388
Symptom::D059390	Symptom::D059390
Symptom::D059411	Symptom::D059411
Symptom::D059445	Symptom::D059445
Symptom::D059606	Symptom::D059606
Symptom::D059607	Symptom::D059607
Symptom::D059787	Symptom::D059787
Symptom::D060050	Symptom::D060050
Symptom::D060486	Symptom::D060486
Symptom::D060545	Symptom::D060545
Symptom::D060705	Symptom::D060705
Symptom::D062026	Symptom::D062026
Symptom::D062706	Symptom::D062706
Symptom::D063766	Symptom::D063766
Symptom::D063806	Symptom::D063806
Symptom::D064250	Symptom::D064250
Symptom::D065634	Symptom::D065634
Symptom::D065635	Symptom::D065635
Symptom::D065906	Symptom::D065906
Symptom::D066190	Symptom::D066190
