Symptom_D000006	Symptom_D000006
Symptom_D000270	Symptom_D000270
Symptom_D000326	Symptom_D000326
Symptom_D000334	Symptom_D000334
Symptom_D000370	Symptom_D000370
Symptom_D000377	Symptom_D000377
Symptom_D000381	Symptom_D000381
Symptom_D000419	Symptom_D000419
Symptom_D000425	Symptom_D000425
Symptom_D000472	Symptom_D000472
Symptom_D000550	Symptom_D000550
Symptom_D000647	Symptom_D000647
Symptom_D000648	Symptom_D000648
Symptom_D000787	Symptom_D000787
Symptom_D000788	Symptom_D000788
Symptom_D000789	Symptom_D000789
Symptom_D000849	Symptom_D000849
Symptom_D000855	Symptom_D000855
Symptom_D000857	Symptom_D000857
Symptom_D000860	Symptom_D000860
Symptom_D001037	Symptom_D001037
Symptom_D001039	Symptom_D001039
Symptom_D001041	Symptom_D001041
Symptom_D001044	Symptom_D001044
Symptom_D001049	Symptom_D001049
Symptom_D001072	Symptom_D001072
Symptom_D001184	Symptom_D001184
Symptom_D001247	Symptom_D001247
Symptom_D001259	Symptom_D001259
Symptom_D001260	Symptom_D001260
Symptom_D001264	Symptom_D001264
Symptom_D001308	Symptom_D001308
Symptom_D001416	Symptom_D001416
Symptom_D001724	Symptom_D001724
Symptom_D001750	Symptom_D001750
Symptom_D001766	Symptom_D001766
Symptom_D001832	Symptom_D001832
Symptom_D001835	Symptom_D001835
Symptom_D001836	Symptom_D001836
Symptom_D001926	Symptom_D001926
Symptom_D002032	Symptom_D002032
Symptom_D002100	Symptom_D002100
Symptom_D002303	Symptom_D002303
Symptom_D002375	Symptom_D002375
Symptom_D002385	Symptom_D002385
Symptom_D002389	Symptom_D002389
Symptom_D002422	Symptom_D002422
Symptom_D002524	Symptom_D002524
Symptom_D002558	Symptom_D002558
Symptom_D002559	Symptom_D002559
Symptom_D002637	Symptom_D002637
Symptom_D002639	Symptom_D002639
Symptom_D002819	Symptom_D002819
Symptom_D002832	Symptom_D002832
Symptom_D003085	Symptom_D003085
Symptom_D003117	Symptom_D003117
Symptom_D003128	Symptom_D003128
Symptom_D003147	Symptom_D003147
Symptom_D003221	Symptom_D003221
Symptom_D003244	Symptom_D003244
Symptom_D003248	Symptom_D003248
Symptom_D003371	Symptom_D003371
Symptom_D003410	Symptom_D003410
Symptom_D003490	Symptom_D003490
Symptom_D003635	Symptom_D003635
Symptom_D003638	Symptom_D003638
Symptom_D003639	Symptom_D003639
Symptom_D003655	Symptom_D003655
Symptom_D003693	Symptom_D003693
Symptom_D003967	Symptom_D003967
Symptom_D003968	Symptom_D003968
Symptom_D004172	Symptom_D004172
Symptom_D004244	Symptom_D004244
Symptom_D004314	Symptom_D004314
Symptom_D004401	Symptom_D004401
Symptom_D004408	Symptom_D004408
Symptom_D004409	Symptom_D004409
Symptom_D004410	Symptom_D004410
Symptom_D004411	Symptom_D004411
Symptom_D004412	Symptom_D004412
Symptom_D004415	Symptom_D004415
Symptom_D004417	Symptom_D004417
Symptom_D004418	Symptom_D004418
Symptom_D004421	Symptom_D004421
Symptom_D004433	Symptom_D004433
Symptom_D004438	Symptom_D004438
Symptom_D004454	Symptom_D004454
Symptom_D004487	Symptom_D004487
Symptom_D004489	Symptom_D004489
Symptom_D004614	Symptom_D004614
Symptom_D004688	Symptom_D004688
Symptom_D004884	Symptom_D004884
Symptom_D005130	Symptom_D005130
Symptom_D005132	Symptom_D005132
Symptom_D005157	Symptom_D005157
Symptom_D005158	Symptom_D005158
Symptom_D005183	Symptom_D005183
Symptom_D005207	Symptom_D005207
Symptom_D005221	Symptom_D005221
Symptom_D005222	Symptom_D005222
Symptom_D005262	Symptom_D005262
Symptom_D005311	Symptom_D005311
Symptom_D005316	Symptom_D005316
Symptom_D005320	Symptom_D005320
Symptom_D005334	Symptom_D005334
Symptom_D005335	Symptom_D005335
Symptom_D005414	Symptom_D005414
Symptom_D005483	Symptom_D005483
Symptom_D005600	Symptom_D005600
Symptom_D005683	Symptom_D005683
Symptom_D005862	Symptom_D005862
Symptom_D005884	Symptom_D005884
Symptom_D005926	Symptom_D005926
Symptom_D006209	Symptom_D006209
Symptom_D006212	Symptom_D006212
Symptom_D006261	Symptom_D006261
Symptom_D006311	Symptom_D006311
Symptom_D006312	Symptom_D006312
Symptom_D006313	Symptom_D006313
Symptom_D006314	Symptom_D006314
Symptom_D006315	Symptom_D006315
Symptom_D006316	Symptom_D006316
Symptom_D006317	Symptom_D006317
Symptom_D006319	Symptom_D006319
Symptom_D006337	Symptom_D006337
Symptom_D006356	Symptom_D006356
Symptom_D006396	Symptom_D006396
Symptom_D006423	Symptom_D006423
Symptom_D006429	Symptom_D006429
Symptom_D006456	Symptom_D006456
Symptom_D006469	Symptom_D006469
Symptom_D006472	Symptom_D006472
Symptom_D006606	Symptom_D006606
Symptom_D006628	Symptom_D006628
Symptom_D006685	Symptom_D006685
Symptom_D006732	Symptom_D006732
Symptom_D006816	Symptom_D006816
Symptom_D006930	Symptom_D006930
Symptom_D006935	Symptom_D006935
Symptom_D006939	Symptom_D006939
Symptom_D006941	Symptom_D006941
Symptom_D006942	Symptom_D006942
Symptom_D006948	Symptom_D006948
Symptom_D006963	Symptom_D006963
Symptom_D006970	Symptom_D006970
Symptom_D006985	Symptom_D006985
Symptom_D006987	Symptom_D006987
Symptom_D006988	Symptom_D006988
Symptom_D007024	Symptom_D007024
Symptom_D007035	Symptom_D007035
Symptom_D007040	Symptom_D007040
Symptom_D007088	Symptom_D007088
Symptom_D007319	Symptom_D007319
Symptom_D007331	Symptom_D007331
Symptom_D007383	Symptom_D007383
Symptom_D007565	Symptom_D007565
Symptom_D007625	Symptom_D007625
Symptom_D007706	Symptom_D007706
Symptom_D007805	Symptom_D007805
Symptom_D007806	Symptom_D007806
Symptom_D007859	Symptom_D007859
Symptom_D007926	Symptom_D007926
Symptom_D008065	Symptom_D008065
Symptom_D008569	Symptom_D008569
Symptom_D008580	Symptom_D008580
Symptom_D008607	Symptom_D008607
Symptom_D008998	Symptom_D008998
Symptom_D009041	Symptom_D009041
Symptom_D009058	Symptom_D009058
Symptom_D009120	Symptom_D009120
Symptom_D009122	Symptom_D009122
Symptom_D009123	Symptom_D009123
Symptom_D009127	Symptom_D009127
Symptom_D009128	Symptom_D009128
Symptom_D009133	Symptom_D009133
Symptom_D009155	Symptom_D009155
Symptom_D009207	Symptom_D009207
Symptom_D009222	Symptom_D009222
Symptom_D009290	Symptom_D009290
Symptom_D009325	Symptom_D009325
Symptom_D009437	Symptom_D009437
Symptom_D009461	Symptom_D009461
Symptom_D009755	Symptom_D009755
Symptom_D009765	Symptom_D009765
Symptom_D009767	Symptom_D009767
Symptom_D009846	Symptom_D009846
Symptom_D009886	Symptom_D009886
Symptom_D009903	Symptom_D009903
Symptom_D009912	Symptom_D009912
Symptom_D010146	Symptom_D010146
Symptom_D010148	Symptom_D010148
Symptom_D010149	Symptom_D010149
Symptom_D010167	Symptom_D010167
Symptom_D010243	Symptom_D010243
Symptom_D010264	Symptom_D010264
Symptom_D010291	Symptom_D010291
Symptom_D010292	Symptom_D010292
Symptom_D010468	Symptom_D010468
Symptom_D010591	Symptom_D010591
Symptom_D010845	Symptom_D010845
Symptom_D011141	Symptom_D011141
Symptom_D011218	Symptom_D011218
Symptom_D011304	Symptom_D011304
Symptom_D011507	Symptom_D011507
Symptom_D011537	Symptom_D011537
Symptom_D011538	Symptom_D011538
Symptom_D011539	Symptom_D011539
Symptom_D011595	Symptom_D011595
Symptom_D011596	Symptom_D011596
Symptom_D011602	Symptom_D011602
Symptom_D011681	Symptom_D011681
Symptom_D011693	Symptom_D011693
Symptom_D011694	Symptom_D011694
Symptom_D011695	Symptom_D011695
Symptom_D011696	Symptom_D011696
Symptom_D011697	Symptom_D011697
Symptom_D011782	Symptom_D011782
Symptom_D012001	Symptom_D012001
Symptom_D012021	Symptom_D012021
Symptom_D012133	Symptom_D012133
Symptom_D012135	Symptom_D012135
Symptom_D012148	Symptom_D012148
Symptom_D012166	Symptom_D012166
Symptom_D012415	Symptom_D012415
Symptom_D012585	Symptom_D012585
Symptom_D012607	Symptom_D012607
Symptom_D012640	Symptom_D012640
Symptom_D012678	Symptom_D012678
Symptom_D012817	Symptom_D012817
Symptom_D012818	Symptom_D012818
Symptom_D012877	Symptom_D012877
Symptom_D012891	Symptom_D012891
Symptom_D012892	Symptom_D012892
Symptom_D012893	Symptom_D012893
Symptom_D012912	Symptom_D012912
Symptom_D012913	Symptom_D012913
Symptom_D013009	Symptom_D013009
Symptom_D013035	Symptom_D013035
Symptom_D013064	Symptom_D013064
Symptom_D013342	Symptom_D013342
Symptom_D013494	Symptom_D013494
Symptom_D013575	Symptom_D013575
Symptom_D013651	Symptom_D013651
Symptom_D013746	Symptom_D013746
Symptom_D013851	Symptom_D013851
Symptom_D014008	Symptom_D014008
Symptom_D014012	Symptom_D014012
Symptom_D014098	Symptom_D014098
Symptom_D014103	Symptom_D014103
Symptom_D014202	Symptom_D014202
Symptom_D014313	Symptom_D014313
Symptom_D014474	Symptom_D014474
Symptom_D014549	Symptom_D014549
Symptom_D014550	Symptom_D014550
Symptom_D014717	Symptom_D014717
Symptom_D014770	Symptom_D014770
Symptom_D014786	Symptom_D014786
Symptom_D014823	Symptom_D014823
Symptom_D014826	Symptom_D014826
Symptom_D014832	Symptom_D014832
Symptom_D014839	Symptom_D014839
Symptom_D014840	Symptom_D014840
Symptom_D014884	Symptom_D014884
Symptom_D014929	Symptom_D014929
Symptom_D015160	Symptom_D015160
Symptom_D015325	Symptom_D015325
Symptom_D015354	Symptom_D015354
Symptom_D015430	Symptom_D015430
Symptom_D015431	Symptom_D015431
Symptom_D015518	Symptom_D015518
Symptom_D015746	Symptom_D015746
Symptom_D015845	Symptom_D015845
Symptom_D015875	Symptom_D015875
Symptom_D015877	Symptom_D015877
Symptom_D015878	Symptom_D015878
Symptom_D016532	Symptom_D016532
Symptom_D016534	Symptom_D016534
Symptom_D016553	Symptom_D016553
Symptom_D016857	Symptom_D016857
Symptom_D017109	Symptom_D017109
Symptom_D017116	Symptom_D017116
Symptom_D017246	Symptom_D017246
Symptom_D017288	Symptom_D017288
Symptom_D017566	Symptom_D017566
Symptom_D017593	Symptom_D017593
Symptom_D017624	Symptom_D017624
Symptom_D017699	Symptom_D017699
Symptom_D017827	Symptom_D017827
Symptom_D018437	Symptom_D018437
Symptom_D018458	Symptom_D018458
Symptom_D018476	Symptom_D018476
Symptom_D018489	Symptom_D018489
Symptom_D018496	Symptom_D018496
Symptom_D018589	Symptom_D018589
Symptom_D018614	Symptom_D018614
Symptom_D018771	Symptom_D018771
Symptom_D018886	Symptom_D018886
Symptom_D018888	Symptom_D018888
Symptom_D018908	Symptom_D018908
Symptom_D018980	Symptom_D018980
Symptom_D019080	Symptom_D019080
Symptom_D019462	Symptom_D019462
Symptom_D019547	Symptom_D019547
Symptom_D019569	Symptom_D019569
Symptom_D019575	Symptom_D019575
Symptom_D019584	Symptom_D019584
Symptom_D019588	Symptom_D019588
Symptom_D019591	Symptom_D019591
Symptom_D019873	Symptom_D019873
Symptom_D019954	Symptom_D019954
Symptom_D020069	Symptom_D020069
Symptom_D020078	Symptom_D020078
Symptom_D020150	Symptom_D020150
Symptom_D020177	Symptom_D020177
Symptom_D020178	Symptom_D020178
Symptom_D020179	Symptom_D020179
Symptom_D020181	Symptom_D020181
Symptom_D020182	Symptom_D020182
Symptom_D020183	Symptom_D020183
Symptom_D020184	Symptom_D020184
Symptom_D020186	Symptom_D020186
Symptom_D020187	Symptom_D020187
Symptom_D020188	Symptom_D020188
Symptom_D020189	Symptom_D020189
Symptom_D020207	Symptom_D020207
Symptom_D020233	Symptom_D020233
Symptom_D020234	Symptom_D020234
Symptom_D020235	Symptom_D020235
Symptom_D020236	Symptom_D020236
Symptom_D020237	Symptom_D020237
Symptom_D020238	Symptom_D020238
Symptom_D020240	Symptom_D020240
Symptom_D020250	Symptom_D020250
Symptom_D020270	Symptom_D020270
Symptom_D020323	Symptom_D020323
Symptom_D020324	Symptom_D020324
Symptom_D020335	Symptom_D020335
Symptom_D020336	Symptom_D020336
Symptom_D020385	Symptom_D020385
Symptom_D020447	Symptom_D020447
Symptom_D020567	Symptom_D020567
Symptom_D020754	Symptom_D020754
Symptom_D020757	Symptom_D020757
Symptom_D020795	Symptom_D020795
Symptom_D020820	Symptom_D020820
Symptom_D020828	Symptom_D020828
Symptom_D020879	Symptom_D020879
Symptom_D020886	Symptom_D020886
Symptom_D020915	Symptom_D020915
Symptom_D020919	Symptom_D020919
Symptom_D020920	Symptom_D020920
Symptom_D020921	Symptom_D020921
Symptom_D020922	Symptom_D020922
Symptom_D020923	Symptom_D020923
Symptom_D020924	Symptom_D020924
Symptom_D021501	Symptom_D021501
Symptom_D023341	Symptom_D023341
Symptom_D034062	Symptom_D034062
Symptom_D034381	Symptom_D034381
Symptom_D037061	Symptom_D037061
Symptom_D038901	Symptom_D038901
Symptom_D038921	Symptom_D038921
Symptom_D041781	Symptom_D041781
Symptom_D045262	Symptom_D045262
Symptom_D046088	Symptom_D046088
Symptom_D046089	Symptom_D046089
Symptom_D046608	Symptom_D046608
Symptom_D048949	Symptom_D048949
Symptom_D048968	Symptom_D048968
Symptom_D050177	Symptom_D050177
Symptom_D051346	Symptom_D051346
Symptom_D051474	Symptom_D051474
Symptom_D052120	Symptom_D052120
Symptom_D052245	Symptom_D052245
Symptom_D053158	Symptom_D053158
Symptom_D053159	Symptom_D053159
Symptom_D053201	Symptom_D053201
Symptom_D053202	Symptom_D053202
Symptom_D053448	Symptom_D053448
Symptom_D053565	Symptom_D053565
Symptom_D053578	Symptom_D053578
Symptom_D053584	Symptom_D053584
Symptom_D053591	Symptom_D053591
Symptom_D053608	Symptom_D053608
Symptom_D053609	Symptom_D053609
Symptom_D054058	Symptom_D054058
Symptom_D054062	Symptom_D054062
Symptom_D054068	Symptom_D054068
Symptom_D054078	Symptom_D054078
Symptom_D054160	Symptom_D054160
Symptom_D054221	Symptom_D054221
Symptom_D054546	Symptom_D054546
Symptom_D054971	Symptom_D054971
Symptom_D054972	Symptom_D054972
Symptom_D055111	Symptom_D055111
Symptom_D055154	Symptom_D055154
Symptom_D055665	Symptom_D055665
Symptom_D055948	Symptom_D055948
Symptom_D055955	Symptom_D055955
Symptom_D055958	Symptom_D055958
Symptom_D055964	Symptom_D055964
Symptom_D056124	Symptom_D056124
Symptom_D056128	Symptom_D056128
Symptom_D056844	Symptom_D056844
Symptom_D056865	Symptom_D056865
Symptom_D057178	Symptom_D057178
Symptom_D057768	Symptom_D057768
Symptom_D057774	Symptom_D057774
Symptom_D057896	Symptom_D057896
Symptom_D058447	Symptom_D058447
Symptom_D058568	Symptom_D058568
Symptom_D059226	Symptom_D059226
Symptom_D059245	Symptom_D059245
Symptom_D059246	Symptom_D059246
Symptom_D059265	Symptom_D059265
Symptom_D059350	Symptom_D059350
Symptom_D059352	Symptom_D059352
Symptom_D059373	Symptom_D059373
Symptom_D059388	Symptom_D059388
Symptom_D059390	Symptom_D059390
Symptom_D059411	Symptom_D059411
Symptom_D059445	Symptom_D059445
Symptom_D059606	Symptom_D059606
Symptom_D059607	Symptom_D059607
Symptom_D059787	Symptom_D059787
Symptom_D060050	Symptom_D060050
Symptom_D060486	Symptom_D060486
Symptom_D060545	Symptom_D060545
Symptom_D060705	Symptom_D060705
Symptom_D062026	Symptom_D062026
Symptom_D062706	Symptom_D062706
Symptom_D063766	Symptom_D063766
Symptom_D063806	Symptom_D063806
Symptom_D064250	Symptom_D064250
Symptom_D065634	Symptom_D065634
Symptom_D065635	Symptom_D065635
Symptom_D065906	Symptom_D065906
Symptom_D066190	Symptom_D066190
