Anatomy::UBERON:0000002	Anatomy::UBERON:0000002
Anatomy::UBERON:0000004	Anatomy::UBERON:0000004
Anatomy::UBERON:0000006	Anatomy::UBERON:0000006
Anatomy::UBERON:0000007	Anatomy::UBERON:0000007
Anatomy::UBERON:0000010	Anatomy::UBERON:0000010
Anatomy::UBERON:0000011	Anatomy::UBERON:0000011
Anatomy::UBERON:0000013	Anatomy::UBERON:0000013
Anatomy::UBERON:0000020	Anatomy::UBERON:0000020
Anatomy::UBERON:0000026	Anatomy::UBERON:0000026
Anatomy::UBERON:0000029	Anatomy::UBERON:0000029
Anatomy::UBERON:0000033	Anatomy::UBERON:0000033
Anatomy::UBERON:0000038	Anatomy::UBERON:0000038
Anatomy::UBERON:0000042	Anatomy::UBERON:0000042
Anatomy::UBERON:0000043	Anatomy::UBERON:0000043
Anatomy::UBERON:0000045	Anatomy::UBERON:0000045
Anatomy::UBERON:0000053	Anatomy::UBERON:0000053
Anatomy::UBERON:0000054	Anatomy::UBERON:0000054
Anatomy::UBERON:0000056	Anatomy::UBERON:0000056
Anatomy::UBERON:0000057	Anatomy::UBERON:0000057
Anatomy::UBERON:0000165	Anatomy::UBERON:0000165
Anatomy::UBERON:0000178	Anatomy::UBERON:0000178
Anatomy::UBERON:0000211	Anatomy::UBERON:0000211
Anatomy::UBERON:0000473	Anatomy::UBERON:0000473
Anatomy::UBERON:0000474	Anatomy::UBERON:0000474
Anatomy::UBERON:0000482	Anatomy::UBERON:0000482
Anatomy::UBERON:0000483	Anatomy::UBERON:0000483
Anatomy::UBERON:0000922	Anatomy::UBERON:0000922
Anatomy::UBERON:0000941	Anatomy::UBERON:0000941
Anatomy::UBERON:0000946	Anatomy::UBERON:0000946
Anatomy::UBERON:0000948	Anatomy::UBERON:0000948
Anatomy::UBERON:0000949	Anatomy::UBERON:0000949
Anatomy::UBERON:0000955	Anatomy::UBERON:0000955
Anatomy::UBERON:0000959	Anatomy::UBERON:0000959
Anatomy::UBERON:0000964	Anatomy::UBERON:0000964
Anatomy::UBERON:0000966	Anatomy::UBERON:0000966
Anatomy::UBERON:0000970	Anatomy::UBERON:0000970
Anatomy::UBERON:0000974	Anatomy::UBERON:0000974
Anatomy::UBERON:0000975	Anatomy::UBERON:0000975
Anatomy::UBERON:0000977	Anatomy::UBERON:0000977
Anatomy::UBERON:0000978	Anatomy::UBERON:0000978
Anatomy::UBERON:0000982	Anatomy::UBERON:0000982
Anatomy::UBERON:0000985	Anatomy::UBERON:0000985
Anatomy::UBERON:0000988	Anatomy::UBERON:0000988
Anatomy::UBERON:0000989	Anatomy::UBERON:0000989
Anatomy::UBERON:0000991	Anatomy::UBERON:0000991
Anatomy::UBERON:0000992	Anatomy::UBERON:0000992
Anatomy::UBERON:0000993	Anatomy::UBERON:0000993
Anatomy::UBERON:0000995	Anatomy::UBERON:0000995
Anatomy::UBERON:0000996	Anatomy::UBERON:0000996
Anatomy::UBERON:0000997	Anatomy::UBERON:0000997
Anatomy::UBERON:0000998	Anatomy::UBERON:0000998
Anatomy::UBERON:0000999	Anatomy::UBERON:0000999
Anatomy::UBERON:0001000	Anatomy::UBERON:0001000
Anatomy::UBERON:0001003	Anatomy::UBERON:0001003
Anatomy::UBERON:0001004	Anatomy::UBERON:0001004
Anatomy::UBERON:0001007	Anatomy::UBERON:0001007
Anatomy::UBERON:0001008	Anatomy::UBERON:0001008
Anatomy::UBERON:0001011	Anatomy::UBERON:0001011
Anatomy::UBERON:0001013	Anatomy::UBERON:0001013
Anatomy::UBERON:0001016	Anatomy::UBERON:0001016
Anatomy::UBERON:0001017	Anatomy::UBERON:0001017
Anatomy::UBERON:0001021	Anatomy::UBERON:0001021
Anatomy::UBERON:0001031	Anatomy::UBERON:0001031
Anatomy::UBERON:0001037	Anatomy::UBERON:0001037
Anatomy::UBERON:0001044	Anatomy::UBERON:0001044
Anatomy::UBERON:0001064	Anatomy::UBERON:0001064
Anatomy::UBERON:0001067	Anatomy::UBERON:0001067
Anatomy::UBERON:0001070	Anatomy::UBERON:0001070
Anatomy::UBERON:0001072	Anatomy::UBERON:0001072
Anatomy::UBERON:0001088	Anatomy::UBERON:0001088
Anatomy::UBERON:0001089	Anatomy::UBERON:0001089
Anatomy::UBERON:0001090	Anatomy::UBERON:0001090
Anatomy::UBERON:0001093	Anatomy::UBERON:0001093
Anatomy::UBERON:0001103	Anatomy::UBERON:0001103
Anatomy::UBERON:0001105	Anatomy::UBERON:0001105
Anatomy::UBERON:0001111	Anatomy::UBERON:0001111
Anatomy::UBERON:0001130	Anatomy::UBERON:0001130
Anatomy::UBERON:0001132	Anatomy::UBERON:0001132
Anatomy::UBERON:0001135	Anatomy::UBERON:0001135
Anatomy::UBERON:0001140	Anatomy::UBERON:0001140
Anatomy::UBERON:0001143	Anatomy::UBERON:0001143
Anatomy::UBERON:0001148	Anatomy::UBERON:0001148
Anatomy::UBERON:0001174	Anatomy::UBERON:0001174
Anatomy::UBERON:0001175	Anatomy::UBERON:0001175
Anatomy::UBERON:0001182	Anatomy::UBERON:0001182
Anatomy::UBERON:0001183	Anatomy::UBERON:0001183
Anatomy::UBERON:0001184	Anatomy::UBERON:0001184
Anatomy::UBERON:0001193	Anatomy::UBERON:0001193
Anatomy::UBERON:0001194	Anatomy::UBERON:0001194
Anatomy::UBERON:0001224	Anatomy::UBERON:0001224
Anatomy::UBERON:0001225	Anatomy::UBERON:0001225
Anatomy::UBERON:0001228	Anatomy::UBERON:0001228
Anatomy::UBERON:0001231	Anatomy::UBERON:0001231
Anatomy::UBERON:0001232	Anatomy::UBERON:0001232
Anatomy::UBERON:0001235	Anatomy::UBERON:0001235
Anatomy::UBERON:0001236	Anatomy::UBERON:0001236
Anatomy::UBERON:0001237	Anatomy::UBERON:0001237
Anatomy::UBERON:0001264	Anatomy::UBERON:0001264
Anatomy::UBERON:0001267	Anatomy::UBERON:0001267
Anatomy::UBERON:0001283	Anatomy::UBERON:0001283
Anatomy::UBERON:0001285	Anatomy::UBERON:0001285
Anatomy::UBERON:0001288	Anatomy::UBERON:0001288
Anatomy::UBERON:0001295	Anatomy::UBERON:0001295
Anatomy::UBERON:0001296	Anatomy::UBERON:0001296
Anatomy::UBERON:0001300	Anatomy::UBERON:0001300
Anatomy::UBERON:0001305	Anatomy::UBERON:0001305
Anatomy::UBERON:0001310	Anatomy::UBERON:0001310
Anatomy::UBERON:0001322	Anatomy::UBERON:0001322
Anatomy::UBERON:0001323	Anatomy::UBERON:0001323
Anatomy::UBERON:0001324	Anatomy::UBERON:0001324
Anatomy::UBERON:0001343	Anatomy::UBERON:0001343
Anatomy::UBERON:0001348	Anatomy::UBERON:0001348
Anatomy::UBERON:0001352	Anatomy::UBERON:0001352
Anatomy::UBERON:0001361	Anatomy::UBERON:0001361
Anatomy::UBERON:0001365	Anatomy::UBERON:0001365
Anatomy::UBERON:0001394	Anatomy::UBERON:0001394
Anatomy::UBERON:0001398	Anatomy::UBERON:0001398
Anatomy::UBERON:0001404	Anatomy::UBERON:0001404
Anatomy::UBERON:0001406	Anatomy::UBERON:0001406
Anatomy::UBERON:0001437	Anatomy::UBERON:0001437
Anatomy::UBERON:0001456	Anatomy::UBERON:0001456
Anatomy::UBERON:0001460	Anatomy::UBERON:0001460
Anatomy::UBERON:0001461	Anatomy::UBERON:0001461
Anatomy::UBERON:0001463	Anatomy::UBERON:0001463
Anatomy::UBERON:0001464	Anatomy::UBERON:0001464
Anatomy::UBERON:0001465	Anatomy::UBERON:0001465
Anatomy::UBERON:0001467	Anatomy::UBERON:0001467
Anatomy::UBERON:0001469	Anatomy::UBERON:0001469
Anatomy::UBERON:0001470	Anatomy::UBERON:0001470
Anatomy::UBERON:0001479	Anatomy::UBERON:0001479
Anatomy::UBERON:0001484	Anatomy::UBERON:0001484
Anatomy::UBERON:0001485	Anatomy::UBERON:0001485
Anatomy::UBERON:0001486	Anatomy::UBERON:0001486
Anatomy::UBERON:0001488	Anatomy::UBERON:0001488
Anatomy::UBERON:0001490	Anatomy::UBERON:0001490
Anatomy::UBERON:0001492	Anatomy::UBERON:0001492
Anatomy::UBERON:0001494	Anatomy::UBERON:0001494
Anatomy::UBERON:0001515	Anatomy::UBERON:0001515
Anatomy::UBERON:0001516	Anatomy::UBERON:0001516
Anatomy::UBERON:0001529	Anatomy::UBERON:0001529
Anatomy::UBERON:0001530	Anatomy::UBERON:0001530
Anatomy::UBERON:0001532	Anatomy::UBERON:0001532
Anatomy::UBERON:0001533	Anatomy::UBERON:0001533
Anatomy::UBERON:0001535	Anatomy::UBERON:0001535
Anatomy::UBERON:0001544	Anatomy::UBERON:0001544
Anatomy::UBERON:0001567	Anatomy::UBERON:0001567
Anatomy::UBERON:0001577	Anatomy::UBERON:0001577
Anatomy::UBERON:0001579	Anatomy::UBERON:0001579
Anatomy::UBERON:0001585	Anatomy::UBERON:0001585
Anatomy::UBERON:0001587	Anatomy::UBERON:0001587
Anatomy::UBERON:0001594	Anatomy::UBERON:0001594
Anatomy::UBERON:0001597	Anatomy::UBERON:0001597
Anatomy::UBERON:0001598	Anatomy::UBERON:0001598
Anatomy::UBERON:0001599	Anatomy::UBERON:0001599
Anatomy::UBERON:0001600	Anatomy::UBERON:0001600
Anatomy::UBERON:0001616	Anatomy::UBERON:0001616
Anatomy::UBERON:0001619	Anatomy::UBERON:0001619
Anatomy::UBERON:0001620	Anatomy::UBERON:0001620
Anatomy::UBERON:0001624	Anatomy::UBERON:0001624
Anatomy::UBERON:0001627	Anatomy::UBERON:0001627
Anatomy::UBERON:0001633	Anatomy::UBERON:0001633
Anatomy::UBERON:0001636	Anatomy::UBERON:0001636
Anatomy::UBERON:0001637	Anatomy::UBERON:0001637
Anatomy::UBERON:0001638	Anatomy::UBERON:0001638
Anatomy::UBERON:0001640	Anatomy::UBERON:0001640
Anatomy::UBERON:0001643	Anatomy::UBERON:0001643
Anatomy::UBERON:0001644	Anatomy::UBERON:0001644
Anatomy::UBERON:0001645	Anatomy::UBERON:0001645
Anatomy::UBERON:0001646	Anatomy::UBERON:0001646
Anatomy::UBERON:0001647	Anatomy::UBERON:0001647
Anatomy::UBERON:0001648	Anatomy::UBERON:0001648
Anatomy::UBERON:0001649	Anatomy::UBERON:0001649
Anatomy::UBERON:0001650	Anatomy::UBERON:0001650
Anatomy::UBERON:0001673	Anatomy::UBERON:0001673
Anatomy::UBERON:0001675	Anatomy::UBERON:0001675
Anatomy::UBERON:0001676	Anatomy::UBERON:0001676
Anatomy::UBERON:0001677	Anatomy::UBERON:0001677
Anatomy::UBERON:0001678	Anatomy::UBERON:0001678
Anatomy::UBERON:0001679	Anatomy::UBERON:0001679
Anatomy::UBERON:0001681	Anatomy::UBERON:0001681
Anatomy::UBERON:0001684	Anatomy::UBERON:0001684
Anatomy::UBERON:0001685	Anatomy::UBERON:0001685
Anatomy::UBERON:0001687	Anatomy::UBERON:0001687
Anatomy::UBERON:0001688	Anatomy::UBERON:0001688
Anatomy::UBERON:0001689	Anatomy::UBERON:0001689
Anatomy::UBERON:0001690	Anatomy::UBERON:0001690
Anatomy::UBERON:0001691	Anatomy::UBERON:0001691
Anatomy::UBERON:0001694	Anatomy::UBERON:0001694
Anatomy::UBERON:0001697	Anatomy::UBERON:0001697
Anatomy::UBERON:0001700	Anatomy::UBERON:0001700
Anatomy::UBERON:0001702	Anatomy::UBERON:0001702
Anatomy::UBERON:0001705	Anatomy::UBERON:0001705
Anatomy::UBERON:0001707	Anatomy::UBERON:0001707
Anatomy::UBERON:0001708	Anatomy::UBERON:0001708
Anatomy::UBERON:0001710	Anatomy::UBERON:0001710
Anatomy::UBERON:0001711	Anatomy::UBERON:0001711
Anatomy::UBERON:0001716	Anatomy::UBERON:0001716
Anatomy::UBERON:0001717	Anatomy::UBERON:0001717
Anatomy::UBERON:0001720	Anatomy::UBERON:0001720
Anatomy::UBERON:0001723	Anatomy::UBERON:0001723
Anatomy::UBERON:0001724	Anatomy::UBERON:0001724
Anatomy::UBERON:0001733	Anatomy::UBERON:0001733
Anatomy::UBERON:0001734	Anatomy::UBERON:0001734
Anatomy::UBERON:0001736	Anatomy::UBERON:0001736
Anatomy::UBERON:0001737	Anatomy::UBERON:0001737
Anatomy::UBERON:0001744	Anatomy::UBERON:0001744
Anatomy::UBERON:0001750	Anatomy::UBERON:0001750
Anatomy::UBERON:0001756	Anatomy::UBERON:0001756
Anatomy::UBERON:0001759	Anatomy::UBERON:0001759
Anatomy::UBERON:0001760	Anatomy::UBERON:0001760
Anatomy::UBERON:0001762	Anatomy::UBERON:0001762
Anatomy::UBERON:0001764	Anatomy::UBERON:0001764
Anatomy::UBERON:0001768	Anatomy::UBERON:0001768
Anatomy::UBERON:0001769	Anatomy::UBERON:0001769
Anatomy::UBERON:0001771	Anatomy::UBERON:0001771
Anatomy::UBERON:0001772	Anatomy::UBERON:0001772
Anatomy::UBERON:0001773	Anatomy::UBERON:0001773
Anatomy::UBERON:0001775	Anatomy::UBERON:0001775
Anatomy::UBERON:0001776	Anatomy::UBERON:0001776
Anatomy::UBERON:0001777	Anatomy::UBERON:0001777
Anatomy::UBERON:0001780	Anatomy::UBERON:0001780
Anatomy::UBERON:0001783	Anatomy::UBERON:0001783
Anatomy::UBERON:0001785	Anatomy::UBERON:0001785
Anatomy::UBERON:0001786	Anatomy::UBERON:0001786
Anatomy::UBERON:0001796	Anatomy::UBERON:0001796
Anatomy::UBERON:0001805	Anatomy::UBERON:0001805
Anatomy::UBERON:0001814	Anatomy::UBERON:0001814
Anatomy::UBERON:0001815	Anatomy::UBERON:0001815
Anatomy::UBERON:0001818	Anatomy::UBERON:0001818
Anatomy::UBERON:0001820	Anatomy::UBERON:0001820
Anatomy::UBERON:0001821	Anatomy::UBERON:0001821
Anatomy::UBERON:0001825	Anatomy::UBERON:0001825
Anatomy::UBERON:0001827	Anatomy::UBERON:0001827
Anatomy::UBERON:0001831	Anatomy::UBERON:0001831
Anatomy::UBERON:0001832	Anatomy::UBERON:0001832
Anatomy::UBERON:0001833	Anatomy::UBERON:0001833
Anatomy::UBERON:0001836	Anatomy::UBERON:0001836
Anatomy::UBERON:0001837	Anatomy::UBERON:0001837
Anatomy::UBERON:0001840	Anatomy::UBERON:0001840
Anatomy::UBERON:0001844	Anatomy::UBERON:0001844
Anatomy::UBERON:0001846	Anatomy::UBERON:0001846
Anatomy::UBERON:0001855	Anatomy::UBERON:0001855
Anatomy::UBERON:0001860	Anatomy::UBERON:0001860
Anatomy::UBERON:0001864	Anatomy::UBERON:0001864
Anatomy::UBERON:0001866	Anatomy::UBERON:0001866
Anatomy::UBERON:0001884	Anatomy::UBERON:0001884
Anatomy::UBERON:0001886	Anatomy::UBERON:0001886
Anatomy::UBERON:0001887	Anatomy::UBERON:0001887
Anatomy::UBERON:0001890	Anatomy::UBERON:0001890
Anatomy::UBERON:0001891	Anatomy::UBERON:0001891
Anatomy::UBERON:0001893	Anatomy::UBERON:0001893
Anatomy::UBERON:0001895	Anatomy::UBERON:0001895
Anatomy::UBERON:0001896	Anatomy::UBERON:0001896
Anatomy::UBERON:0001905	Anatomy::UBERON:0001905
Anatomy::UBERON:0001908	Anatomy::UBERON:0001908
Anatomy::UBERON:0001910	Anatomy::UBERON:0001910
Anatomy::UBERON:0001911	Anatomy::UBERON:0001911
Anatomy::UBERON:0001914	Anatomy::UBERON:0001914
Anatomy::UBERON:0001968	Anatomy::UBERON:0001968
Anatomy::UBERON:0001969	Anatomy::UBERON:0001969
Anatomy::UBERON:0001970	Anatomy::UBERON:0001970
Anatomy::UBERON:0001971	Anatomy::UBERON:0001971
Anatomy::UBERON:0001980	Anatomy::UBERON:0001980
Anatomy::UBERON:0001981	Anatomy::UBERON:0001981
Anatomy::UBERON:0001985	Anatomy::UBERON:0001985
Anatomy::UBERON:0001986	Anatomy::UBERON:0001986
Anatomy::UBERON:0001988	Anatomy::UBERON:0001988
Anatomy::UBERON:0001989	Anatomy::UBERON:0001989
Anatomy::UBERON:0002005	Anatomy::UBERON:0002005
Anatomy::UBERON:0002010	Anatomy::UBERON:0002010
Anatomy::UBERON:0002012	Anatomy::UBERON:0002012
Anatomy::UBERON:0002016	Anatomy::UBERON:0002016
Anatomy::UBERON:0002017	Anatomy::UBERON:0002017
Anatomy::UBERON:0002018	Anatomy::UBERON:0002018
Anatomy::UBERON:0002019	Anatomy::UBERON:0002019
Anatomy::UBERON:0002028	Anatomy::UBERON:0002028
Anatomy::UBERON:0002030	Anatomy::UBERON:0002030
Anatomy::UBERON:0002037	Anatomy::UBERON:0002037
Anatomy::UBERON:0002040	Anatomy::UBERON:0002040
Anatomy::UBERON:0002046	Anatomy::UBERON:0002046
Anatomy::UBERON:0002048	Anatomy::UBERON:0002048
Anatomy::UBERON:0002053	Anatomy::UBERON:0002053
Anatomy::UBERON:0002054	Anatomy::UBERON:0002054
Anatomy::UBERON:0002055	Anatomy::UBERON:0002055
Anatomy::UBERON:0002060	Anatomy::UBERON:0002060
Anatomy::UBERON:0002061	Anatomy::UBERON:0002061
Anatomy::UBERON:0002066	Anatomy::UBERON:0002066
Anatomy::UBERON:0002067	Anatomy::UBERON:0002067
Anatomy::UBERON:0002073	Anatomy::UBERON:0002073
Anatomy::UBERON:0002081	Anatomy::UBERON:0002081
Anatomy::UBERON:0002082	Anatomy::UBERON:0002082
Anatomy::UBERON:0002097	Anatomy::UBERON:0002097
Anatomy::UBERON:0002099	Anatomy::UBERON:0002099
Anatomy::UBERON:0002102	Anatomy::UBERON:0002102
Anatomy::UBERON:0002103	Anatomy::UBERON:0002103
Anatomy::UBERON:0002107	Anatomy::UBERON:0002107
Anatomy::UBERON:0002110	Anatomy::UBERON:0002110
Anatomy::UBERON:0002113	Anatomy::UBERON:0002113
Anatomy::UBERON:0002129	Anatomy::UBERON:0002129
Anatomy::UBERON:0002130	Anatomy::UBERON:0002130
Anatomy::UBERON:0002134	Anatomy::UBERON:0002134
Anatomy::UBERON:0002135	Anatomy::UBERON:0002135
Anatomy::UBERON:0002137	Anatomy::UBERON:0002137
Anatomy::UBERON:0002146	Anatomy::UBERON:0002146
Anatomy::UBERON:0002148	Anatomy::UBERON:0002148
Anatomy::UBERON:0002162	Anatomy::UBERON:0002162
Anatomy::UBERON:0002165	Anatomy::UBERON:0002165
Anatomy::UBERON:0002185	Anatomy::UBERON:0002185
Anatomy::UBERON:0002204	Anatomy::UBERON:0002204
Anatomy::UBERON:0002205	Anatomy::UBERON:0002205
Anatomy::UBERON:0002223	Anatomy::UBERON:0002223
Anatomy::UBERON:0002226	Anatomy::UBERON:0002226
Anatomy::UBERON:0002228	Anatomy::UBERON:0002228
Anatomy::UBERON:0002240	Anatomy::UBERON:0002240
Anatomy::UBERON:0002250	Anatomy::UBERON:0002250
Anatomy::UBERON:0002275	Anatomy::UBERON:0002275
Anatomy::UBERON:0002279	Anatomy::UBERON:0002279
Anatomy::UBERON:0002282	Anatomy::UBERON:0002282
Anatomy::UBERON:0002285	Anatomy::UBERON:0002285
Anatomy::UBERON:0002286	Anatomy::UBERON:0002286
Anatomy::UBERON:0002294	Anatomy::UBERON:0002294
Anatomy::UBERON:0002297	Anatomy::UBERON:0002297
Anatomy::UBERON:0002298	Anatomy::UBERON:0002298
Anatomy::UBERON:0002299	Anatomy::UBERON:0002299
Anatomy::UBERON:0002303	Anatomy::UBERON:0002303
Anatomy::UBERON:0002347	Anatomy::UBERON:0002347
Anatomy::UBERON:0002349	Anatomy::UBERON:0002349
Anatomy::UBERON:0002351	Anatomy::UBERON:0002351
Anatomy::UBERON:0002352	Anatomy::UBERON:0002352
Anatomy::UBERON:0002353	Anatomy::UBERON:0002353
Anatomy::UBERON:0002354	Anatomy::UBERON:0002354
Anatomy::UBERON:0002356	Anatomy::UBERON:0002356
Anatomy::UBERON:0002360	Anatomy::UBERON:0002360
Anatomy::UBERON:0002361	Anatomy::UBERON:0002361
Anatomy::UBERON:0002362	Anatomy::UBERON:0002362
Anatomy::UBERON:0002363	Anatomy::UBERON:0002363
Anatomy::UBERON:0002365	Anatomy::UBERON:0002365
Anatomy::UBERON:0002366	Anatomy::UBERON:0002366
Anatomy::UBERON:0002367	Anatomy::UBERON:0002367
Anatomy::UBERON:0002368	Anatomy::UBERON:0002368
Anatomy::UBERON:0002369	Anatomy::UBERON:0002369
Anatomy::UBERON:0002371	Anatomy::UBERON:0002371
Anatomy::UBERON:0002377	Anatomy::UBERON:0002377
Anatomy::UBERON:0002378	Anatomy::UBERON:0002378
Anatomy::UBERON:0002382	Anatomy::UBERON:0002382
Anatomy::UBERON:0002384	Anatomy::UBERON:0002384
Anatomy::UBERON:0002385	Anatomy::UBERON:0002385
Anatomy::UBERON:0002386	Anatomy::UBERON:0002386
Anatomy::UBERON:0002387	Anatomy::UBERON:0002387
Anatomy::UBERON:0002389	Anatomy::UBERON:0002389
Anatomy::UBERON:0002390	Anatomy::UBERON:0002390
Anatomy::UBERON:0002392	Anatomy::UBERON:0002392
Anatomy::UBERON:0002394	Anatomy::UBERON:0002394
Anatomy::UBERON:0002397	Anatomy::UBERON:0002397
Anatomy::UBERON:0002398	Anatomy::UBERON:0002398
Anatomy::UBERON:0002405	Anatomy::UBERON:0002405
Anatomy::UBERON:0002407	Anatomy::UBERON:0002407
Anatomy::UBERON:0002410	Anatomy::UBERON:0002410
Anatomy::UBERON:0002411	Anatomy::UBERON:0002411
Anatomy::UBERON:0002413	Anatomy::UBERON:0002413
Anatomy::UBERON:0002414	Anatomy::UBERON:0002414
Anatomy::UBERON:0002418	Anatomy::UBERON:0002418
Anatomy::UBERON:0002422	Anatomy::UBERON:0002422
Anatomy::UBERON:0002439	Anatomy::UBERON:0002439
Anatomy::UBERON:0002441	Anatomy::UBERON:0002441
Anatomy::UBERON:0002450	Anatomy::UBERON:0002450
Anatomy::UBERON:0002453	Anatomy::UBERON:0002453
Anatomy::UBERON:0002466	Anatomy::UBERON:0002466
Anatomy::UBERON:0002481	Anatomy::UBERON:0002481
Anatomy::UBERON:0002486	Anatomy::UBERON:0002486
Anatomy::UBERON:0002494	Anatomy::UBERON:0002494
Anatomy::UBERON:0002497	Anatomy::UBERON:0002497
Anatomy::UBERON:0002500	Anatomy::UBERON:0002500
Anatomy::UBERON:0002501	Anatomy::UBERON:0002501
Anatomy::UBERON:0002502	Anatomy::UBERON:0002502
Anatomy::UBERON:0002512	Anatomy::UBERON:0002512
Anatomy::UBERON:0002515	Anatomy::UBERON:0002515
Anatomy::UBERON:0002516	Anatomy::UBERON:0002516
Anatomy::UBERON:0002517	Anatomy::UBERON:0002517
Anatomy::UBERON:0002518	Anatomy::UBERON:0002518
Anatomy::UBERON:0002519	Anatomy::UBERON:0002519
Anatomy::UBERON:0002521	Anatomy::UBERON:0002521
Anatomy::UBERON:0002522	Anatomy::UBERON:0002522
Anatomy::UBERON:0002523	Anatomy::UBERON:0002523
Anatomy::UBERON:0002606	Anatomy::UBERON:0002606
Anatomy::UBERON:0002673	Anatomy::UBERON:0002673
Anatomy::UBERON:0002707	Anatomy::UBERON:0002707
Anatomy::UBERON:0002741	Anatomy::UBERON:0002741
Anatomy::UBERON:0002925	Anatomy::UBERON:0002925
Anatomy::UBERON:0002944	Anatomy::UBERON:0002944
Anatomy::UBERON:0003092	Anatomy::UBERON:0003092
Anatomy::UBERON:0003126	Anatomy::UBERON:0003126
Anatomy::UBERON:0003129	Anatomy::UBERON:0003129
Anatomy::UBERON:0003216	Anatomy::UBERON:0003216
Anatomy::UBERON:0003685	Anatomy::UBERON:0003685
Anatomy::UBERON:0003889	Anatomy::UBERON:0003889
Anatomy::UBERON:0004288	Anatomy::UBERON:0004288
Anatomy::UBERON:0004452	Anatomy::UBERON:0004452
Anatomy::UBERON:0004535	Anatomy::UBERON:0004535
Anatomy::UBERON:0004727	Anatomy::UBERON:0004727
Anatomy::UBERON:0004769	Anatomy::UBERON:0004769
Anatomy::UBERON:0006849	Anatomy::UBERON:0006849
