KCNK5	UMLS:C0342639	0
ILDR1	UMLS:C2936694	0
SNAP23	UMLS:C0398777	0
CLASP2	UMLS:C0022353	0
ZC3H14	UMLS:C0948031	0
RRM1	UMLS:C0751059	0
ATP5LP2	UMLS:C0019202	0
SUMO4	UMLS:C1335931	0
AP5Z1	UMLS:C0265552	0
EIF2B3	UMLS:C0023817	0
MFSD6L	UMLS:C0016978	0
TIMELESS	UMLS:C1837845	0
ARTN	UMLS:C2676766	0
PNKD	UMLS:C0271333	0
STARD3NL	UMLS:C0016395	0
C11orf74	UMLS:C0265218	0
RP11-526A4.1	UMLS:C0521858	0
PEE2	UMLS:C0679408	0
SLC6A1	UMLS:C3494488	0
MIR877	UMLS:C1836217	0
IL7R	UMLS:C2931205	0
HMOX2	UMLS:C1839730	0
CD86	UMLS:C1456240	0
FSTL5	UMLS:C0150080	0
PAX3	UMLS:C0080276	0
ARMC3	UMLS:C1863688	0
GAK	UMLS:C0265257	0
WIPF3	UMLS:C3150757	0
SIX3	UMLS:C1844948	0
SUN1	UMLS:C0001418	0
RBMXL2	UMLS:C0027927	0
CXCL13	UMLS:C0545074	0
SLC38A2	UMLS:C1835265	0
RAPGEF1	UMLS:C0025521	0
SCA25	UMLS:C0006848	0
MRPL1	UMLS:C0432222	0
UBQLN1P1	UMLS:C0242597	0
TMEM55A	UMLS:C0272137	0
TRAT1	UMLS:C0362046	0
LRP4	UMLS:C0406650	0
LYPLA2P1	UMLS:C2982732	0
ADH5P2	UMLS:C1720863	0
PRIMA1	UMLS:C2674838	0
KHK	UMLS:C1857844	0
HBFQTL4	UMLS:C1279945	0
SPATS2L	UMLS:C0026755	0
CASP6	UMLS:C0027794	0
PRSS55	UMLS:C1835178	0
TMEM47	UMLS:C1167664	0
UGT1A9	UMLS:C1710547	0
NFKBIA	UMLS:C0238033	0
PRDM6	UMLS:C1851526	0
CDH16	UMLS:C1838262	0
ACACA	UMLS:C1720862	0
GTF2H2C	UMLS:C0751050	0
GPX7	UMLS:C0018621	0
HYT3	UMLS:C0268226	0
CELIAC5	UMLS:C0016781	0
PGAP2	UMLS:C0011434	0
CTAA2	UMLS:C0266574	0
IGLL1	UMLS:C0543612	0
TAS2R2P	UMLS:C0031022	0
MIR604	UMLS:C0016085	0
SAA@	UMLS:C2930797	0
VWF	UMLS:C0263338	0
LAIR2	UMLS:C0238258	0
GHRL	UMLS:C0042164	0
TRIM62	UMLS:C0030587	0
C11orf74	UMLS:C1846038	0
LEAP2	UMLS:C0865214	0
DPPA3	UMLS:C1266044	0
PDE3A	UMLS:C0028433	0
MRPL9	UMLS:C0030569	0
VTI1B	UMLS:C1850386	0
CYP26C1	UMLS:C0746105	0
BMND8	UMLS:C3281215	0
WNK4	UMLS:C0268635	0
AABT	UMLS:C0021051	0
CDK5RAP1	UMLS:C2584409	0
ALG10	UMLS:C0278595	0
PCDHB8	UMLS:C0154830	0
GSTCD	UMLS:C1858051	0
FMR1	UMLS:C1836284	0
OR2W3	UMLS:C1514225	0
TSPYL4	UMLS:C0278882	0
ARIH2P1	UMLS:C0549493	0
ANKRD29	UMLS:C0457506	0
DFNB38	UMLS:C1835865	0
AGAP2	UMLS:C0153425	0
FCRLA	UMLS:C1845243	0
GLC1P	UMLS:C0559506	0
SULT4A1	UMLS:C1458156	0
PPP1R18	UMLS:C2930970	0
TCF15	UMLS:C0344772	0
MUC22	UMLS:C0236811	0
HOXB7	UMLS:C0154061	0
RPL35AP7	UMLS:C1335381	0
ZFP36L1	UMLS:C0265221	0
RA27	UMLS:C0858906	0
NSF	UMLS:C2678045	0
BOLA3	UMLS:C3150657	0
NIT2	UMLS:C2931786	0
ATCAY	UMLS:C1839792	0
CACNG1	UMLS:C0740479	0
GRIK5	UMLS:C0033324	0
NBLST5	UMLS:C3149631	0
MAP3K3	UMLS:C2986622	0
PNMA1	UMLS:C2348101	0
PPP1R8	UMLS:C3489725	0
SCZD13	UMLS:C0206769	0
TBC1D27	UMLS:C0750194	0
ZNF750	UMLS:C2700425	0
KAZA1	UMLS:C0268181	0
LMBR1	UMLS:C1861861	0
CCM2	UMLS:C0085083	0
ARHGAP24	UMLS:C1853392	0
PON2	UMLS:C1839988	0
DEFB126	UMLS:C0917804	0
CMSS1	UMLS:C0020517	0
DYRK1A	UMLS:C0026650	0
AP5B1	UMLS:C0268646	0
MIR181B2	UMLS:C0023510	0
TMF1	UMLS:C0795820	0
AGO1	UMLS:C0033845	0
RFWD2	UMLS:C0243000	0
CES1	UMLS:C0741270	0
DHRS4	UMLS:C1835817	0
ABTB2	UMLS:C0554985	0
DUSP12	UMLS:C2362320	0
MEF2BNB-MEF2B	UMLS:C0037116	0
OR2L13	UMLS:C1141890	0
KIAA0101	UMLS:C0431124	0
OR7E55P	UMLS:C0012734	0
RNU7-2P	UMLS:C2932715	0
CYP1A2	UMLS:C2745963	0
RNU12-2P	UMLS:C0751895	0
RNU4-5P	UMLS:C0238158	0
CD34	UMLS:C0019623	0
NARG2	UMLS:C0264732	0
AZGP1	UMLS:C3151406	0
PLA2G4D	UMLS:C3149378	0
SEC23B	UMLS:C0152257	0
IRS2	UMLS:C1846823	0
MST1	UMLS:C1856058	0
BED	UMLS:C0026633	0
CDK5RAP3	UMLS:C0346183	0
ACSS2	UMLS:C0393702	0
HLA-H	UMLS:C2677087	0
ETNPPL	UMLS:C2678492	0
GABBR2	UMLS:C1858278	0
MT2A	UMLS:C1832600	0
ATF6B	UMLS:C1845530	0
ATXN2L	UMLS:C0276535	0
MPDZ	UMLS:C0233622	0
ANIB1	UMLS:C1848793	0
CFTR	UMLS:C0349530	0
LIN28A	UMLS:C1846452	0
NLK	UMLS:C0265313	0
MYL12A	UMLS:C0545080	0
C16orf62	UMLS:C0265341	0
BTF3P11	UMLS:C0020473	0
SLC9A9	UMLS:C1969623	0
CACNB2	UMLS:C1970179	0
NR0B1	UMLS:C0006852	0
RBBP8	UMLS:C1334683	0
GNAT3	UMLS:C0242510	0
ATRN	UMLS:C1868397	0
C1orf110	UMLS:C0281267	0
CASC1	UMLS:C0012754	0
LYPLAL1	UMLS:C1858378	0
BSN	UMLS:C0003492	0
KTCN3	UMLS:C0025269	0
RAD23B	UMLS:C0002792	0
ACVRL1	UMLS:C1836258	0
MICD	UMLS:C0018204	0
TSPEAR	UMLS:C1141926	0
JAWAD	UMLS:C0279680	0
NDEL1	UMLS:C2680445	0
DMWD	UMLS:C0302361	0
PLD4	UMLS:C0266362	0
WNT7B	UMLS:C0022661	0
SLA	UMLS:C0264716	0
MRPL1	UMLS:C0008058	0
ANXA8	UMLS:C0341335	0
MAGI3	UMLS:C0021367	0
SLC26A1	UMLS:C0243066	0
TJP2	UMLS:C2751315	0
TMBIM4	UMLS:C0035921	0
ESR1	UMLS:C0278704	0
PCDHGA2	UMLS:C0280201	0
ZNF816	UMLS:C0392553	0
ZNF41	UMLS:C0031903	0
TRNE	UMLS:C2936349	0
WM2	UMLS:C0398650	0
HDLCQ6	UMLS:C0024137	0
TNFAIP2	UMLS:C0334299	0
RAD51C	UMLS:C1853120	0
SRSF9	UMLS:C0270202	0
RBMY2DP	UMLS:C0268790	0
FSHB	UMLS:C0024408	0
FGF14	UMLS:C0282527	0
CD53	UMLS:C0265252	0
ST3	UMLS:C0024137	0
CHMP2A	UMLS:C0263940	0
IFI44L	UMLS:C1858726	0
SLC6A18	UMLS:C0334276	0
FSHMD1B	UMLS:C1846038	0
CASC1	UMLS:C3150924	0
LAD1	UMLS:C0346011	0
HOXB1	UMLS:C0007795	0
MDFI	UMLS:C2678497	0
CHCHD4	UMLS:C0728829	0
STBMS1	UMLS:C0001339	0
GDF3	UMLS:C1858477	0
IL3	UMLS:C0948380	0
SERPINA4	UMLS:C1274887	0
LPCAT4	UMLS:C2608083	0
SLC1A4	UMLS:C1843816	0
WDR45	UMLS:C0152915	0
DCUN1D1	UMLS:C1858556	0
FAM20C	UMLS:C0037928	0
EGR3	UMLS:C0008928	0
PREB	UMLS:C1842382	0
PIH	UMLS:C2675915	0
RBMY1HP	UMLS:C1868672	0
GLC1N	UMLS:C0023532	0
ETL4	UMLS:C3280612	0
URM1	UMLS:C1849139	0
C1orf56	UMLS:C0039254	0
MIR744	UMLS:C0206736	0
MT1XP1	UMLS:C1424692	0
CD274	UMLS:C0149519	0
SEC23A	UMLS:C0032914	0
KCNK9	UMLS:C1864652	0
ALG10	UMLS:C0334488	0
PRKCD	UMLS:C0221757	0
ELOVL6	UMLS:C0393799	0
TRAF6	UMLS:C0262376	0
COL4A4	UMLS:C0472772	0
GATA5	UMLS:C0007129	0
DONSON	UMLS:C2751053	0
TNFRSF10C	UMLS:C0242707	0
MARCKS	UMLS:C0010276	0
TNP1	UMLS:C2751308	0
MTRF1	UMLS:C1334282	0
TXNRD3	UMLS:C0265259	0
STAC	UMLS:C0343713	0
AAGAB	UMLS:C0264162	0
SLC13A4	UMLS:C1533847	0
RNU7-17P	UMLS:C1306068	0
GGA1	UMLS:C1846046	0
RPS6KA3	UMLS:C1334753	0
NTS	UMLS:C0032533	0
ADO	UMLS:C1521897	0
ATP10B	UMLS:C0021141	0
MBD3	UMLS:C3150914	0
OR3A1	UMLS:C1855648	0
MIR381	UMLS:C1866078	0
TXNIP	UMLS:C0574083	0
INTS10	UMLS:C0206703	0
MMP11	UMLS:C0403809	0
C22orf31	UMLS:C2931009	0
TNNI3K	UMLS:C0205696	0
ANKRD17	UMLS:C0276259	0
FBP1	UMLS:C0752335	0
CPEB4	UMLS:C0003615	0
NUP155	UMLS:C0031029	0
SPTA1	UMLS:C0410438	0
IDDM9	UMLS:C0265482	0
MEOX2	UMLS:C1865286	0
MIR130A	UMLS:C0264515	0
JRK	UMLS:C2676771	0
AGBL1	UMLS:C1844862	0
LINC01152	UMLS:C1862555	0
TPP2	UMLS:C1837341	0
LINC00032	UMLS:C1306889	0
ZNF562	UMLS:C0810006	0
CER1	UMLS:C0015802	0
RHOH	UMLS:C0003550	0
ACLS	UMLS:C1865782	0
GLT6D1	UMLS:C0085702	0
NUDT1	UMLS:C0751214	0
TRNN	UMLS:C0206718	0
SMG6	UMLS:C2699510	0
RFXAP	UMLS:C1845517	0
SGCA	UMLS:C0598428	0
HOOK1	UMLS:C0268123	0
RUNX1	UMLS:C1855346	0
ZBTB7A	UMLS:C0034735	0
RTN3	UMLS:C1848552	0
IFITM3	UMLS:C0023827	0
CDC45	UMLS:C1849139	0
RP24	UMLS:C0426070	0
SPG46	UMLS:C1863370	0
ZBTB12	UMLS:C2713546	0
TAS2R64P	UMLS:C0342376	0
MYT1L	UMLS:C0234379	0
FLJ45139	UMLS:C0007125	0
IPO11	UMLS:C0275524	0
LACE1	UMLS:C0027809	0
SNORD13P3	UMLS:C2931752	0
ZDHHC14	UMLS:C0027149	0
CMTX2	UMLS:C1838348	0
PRMT5	UMLS:C0013384	0
SHFM1	UMLS:C1843891	0
PCDH20	UMLS:C0338375	0
RPL10P13	UMLS:C1257960	0
UBE2Z	UMLS:C2827362	0
CHAF1A	UMLS:C3492932	0
COPG2IT1	UMLS:C0026961	0
RAB10	UMLS:C2750466	0
HAUS6	UMLS:C0015530	0
SNORA47	UMLS:C0427055	0
BRSK1	UMLS:C0268165	0
KIAA1598	UMLS:C0858617	0
ANIB10	UMLS:C3150803	0
CEACAM7	UMLS:C2751825	0
OR2G3	UMLS:C1167709	0
RCC2	UMLS:C1836050	0
MCCC1	UMLS:C2750825	0
PLXNA1	UMLS:C1384514	0
FIQTL1	UMLS:C0275982	0
KRT37	UMLS:C0342750	0
CFD	UMLS:C0009086	0
EFTUD1	UMLS:C2717906	0
TRAPPC3L	UMLS:C0267187	0
SLC52A2	UMLS:C1956257	0
GLC1N	UMLS:C0221059	0
RPL7AP9	UMLS:C0334492	0
CELSR1	UMLS:C2931785	0
CETP	UMLS:C0339864	0
GPX4	UMLS:C1334229	0
MYP7	UMLS:C0031212	0
SIN3A	UMLS:C0266316	0
THAS	UMLS:C1864846	0
MIR151A	UMLS:C0042166	0
MCRS1	UMLS:C0022410	0
COPE	UMLS:C0020627	0
ITGB1	UMLS:C1510475	0
UBIAD1	UMLS:C1853276	0
NGB	UMLS:C0238217	0
RAD51AP1	UMLS:C0162281	0
MBS2	UMLS:C0006144	0
LSAMP	UMLS:C0268323	0
PRDM14	UMLS:C1384353	0
MAGEE1	UMLS:C0038525	0
INTS6P1	UMLS:C1845078	0
BIRC2	UMLS:C1832322	0
CT47A11	UMLS:C0002881	0
COTL1	UMLS:C0751279	0
RBMXL2	UMLS:C0878676	0
CENPW	UMLS:C0026998	0
ADAMTS20	UMLS:C0149896	0
PDCD10	UMLS:C0270857	0
AIMP2	UMLS:C1142132	0
GAGE2C	UMLS:C2751052	0
CYP2B7P	UMLS:C2752061	0
GLT1D1	UMLS:C0206669	0
FNIP2	UMLS:C1318550	0
NFKBIA	UMLS:C1855861	0
CTRC	UMLS:C1843232	0
METTL25	UMLS:C0032460	0
AOMS1	UMLS:C0599973	0
FRZB	UMLS:C1861915	0
GALK1	UMLS:C1835819	0
LPAR1	UMLS:C0338657	0
MAP1LC3B2	UMLS:C0752244	0
TRDJ1	UMLS:C1862264	0
AP5M1	UMLS:C0600113	0
MCKD1	UMLS:C0162679	0
PNPLA3	UMLS:C1850718	0
CMC1	UMLS:C1867441	0
FECD3	UMLS:C2675186	0
DNASE1L3	UMLS:C2931048	0
ADIPQTL3	UMLS:C1838568	0
SRA1	UMLS:C1510475	0
FKBP3	UMLS:C0598176	0
TMC2	UMLS:C1848599	0
SLC22A15	UMLS:C1302746	0
NDUFB6	UMLS:C3273019	0
MC4R	UMLS:C3280781	0
ZKSCAN7	UMLS:C1720470	0
UBE2B	UMLS:C0220710	0
KIF3A	UMLS:C1412332	0
ZNF146	UMLS:C1112261	0
MSC	UMLS:C1847843	0
WAPAL	UMLS:C2678503	0
GNAT2	UMLS:C1843015	0
EPN1	UMLS:C0007787	0
ITM2A	UMLS:C0027497	0
FASLG	UMLS:C0027412	0
P2RX6	UMLS:C0685108	0
ART2P	UMLS:C0856554	0
FAM27L	UMLS:C1608393	0
IDS	UMLS:C0008479	0
CDNF	UMLS:C0685775	0
SNORD50B	UMLS:C0019357	0
RAPGEF1	UMLS:C0007621	0
CDC7	UMLS:C1853441	0
SP8	UMLS:C3151058	0
UBQLN1P1	UMLS:C1834741	0
TAL1	UMLS:C2676782	0
CCAT1	UMLS:C0011881	0
CCDC40	UMLS:C0600066	0
CMM	UMLS:C0342278	0
DHCR24	UMLS:C0154084	0
IMPDH2	UMLS:C0743125	0
MARK3	UMLS:C0155686	0
HMNJ	UMLS:C0018500	0
MMP3	UMLS:C0086209	0
WWC1	UMLS:C0238790	0
GMDS	UMLS:C2020625	0
TSPY4	UMLS:C0346010	0
TAAR8	UMLS:C0079747	0
UBASH3A	UMLS:C2350350	0
RPS19	UMLS:C0751623	0
CLCP1	UMLS:C0264611	0
HOXD4	UMLS:C0555206	0
ZPBP	UMLS:C2350236	0
HMG20B	UMLS:C1257877	0
ACRPS	UMLS:C2745900	0
CYP4F2	UMLS:C1320640	0
CCDC137	UMLS:C1291329	0
SLC4A5	UMLS:C1858656	0
NPTN	UMLS:C0005403	0
HSD3B2	UMLS:C1336746	0
NEUROG2	UMLS:C0006023	0
TIAF1	UMLS:C2751324	0
MRPL11P2	UMLS:C0393814	0
PLAC1	UMLS:C0033845	0
SPIRE1	UMLS:C1274377	0
IGKV1-39	UMLS:C0014236	0
RPL34P22	UMLS:C0496836	0
GTF2A2	UMLS:C0026987	0
RAD51AP1	UMLS:C0268287	0
CTXN3	UMLS:C0238399	0
PRB3	UMLS:C0016053	0
PARVA	UMLS:C1334953	0
ARVD4	UMLS:C0020438	0
GAMT	UMLS:C0023492	0
SCZD7	UMLS:C1838625	0
DNMT1	UMLS:C3178974	0
CUL9	UMLS:C0392707	0
NEU3	UMLS:C0233794	0
LTC4S	UMLS:C2677888	0
COG3	UMLS:C0700323	0
RAPGEF4	UMLS:C0019025	0
HDGFL1	UMLS:C0014804	0
HIST1H3J	UMLS:C1849699	0
ARSE	UMLS:C0404484	0
MYP16	UMLS:C0699949	0
PSMC3	UMLS:C0010246	0
TBC1D32	UMLS:C1706416	0
CVMRF	UMLS:C2931859	0
HGD	UMLS:C0149642	0
HTOR	UMLS:C0023348	0
UVM1	UMLS:C0036689	0
TNFSF12	UMLS:C1853230	0
TTC23L	UMLS:C0175695	0
TK1	UMLS:C0856281	0
ARHGEF10L	UMLS:C0856554	0
KHDRBS2	UMLS:C2242826	0
PIGV	UMLS:C2676507	0
PPA1	UMLS:C0677607	0
TBCD	UMLS:C0023464	0
SDC4	UMLS:C0398621	0
LOC100129203	UMLS:C0085315	0
ZNF260	UMLS:C1834304	0
RBFOX2	UMLS:C0011053	0
GFRA4	UMLS:C1835980	0
ZKSCAN4	UMLS:C0017920	0
RPS17	UMLS:C0240805	0
APOF	UMLS:C0270726	0
AK3	UMLS:C1848213	0
FABP9	UMLS:C0001576	0
FBXL3	UMLS:C0233656	0
PLAG1	UMLS:C0398746	0
PIGM	UMLS:C0221263	0
DMC1	UMLS:C1858763	0
DPP3	UMLS:C0314657	0
RPPH1	UMLS:C1858160	0
HOGA1	UMLS:C2673195	0
TRPM7	UMLS:C1838657	0
MYLK4	UMLS:C0162871	0
ADAM24P	UMLS:C0008728	0
ARF1P1	UMLS:C1335976	0
EBAG9	UMLS:C0042138	0
PYCARD	UMLS:C0017661	0
MRPS35P1	UMLS:C1458155	0
ZNF217	UMLS:C0850497	0
KIF21B	UMLS:C3280616	0
STATH	UMLS:C0022118	0
FIBP	UMLS:C0235522	0
ABL2	UMLS:C1843884	0
RGS7BP	UMLS:C0312422	0
LOC222344	UMLS:C0271560	0
CASQ1	UMLS:C0033822	0
FGB	UMLS:C0267750	0
MFSD6L	UMLS:C0012691	0
NIPA2	UMLS:C0264573	0
RNF170	UMLS:C0040336	0
LSM6	UMLS:C1266158	0
FEZ1	UMLS:C2931299	0
COX20	UMLS:C0349412	0
NIPSNAP3B	UMLS:C3279708	0
IMPAD1	UMLS:C0162532	0
ANAPC1	UMLS:C1839884	0
KIR3DS1	UMLS:C0342623	0
CD8A	UMLS:C1719315	0
MGST3	UMLS:C1318544	0
CHORDC1	UMLS:C0269062	0
KLHL5	UMLS:C0009088	0
DEFB103B	UMLS:C0001627	0
VTA1	UMLS:C1845530	0
BCC3	UMLS:C3151434	0
RPL7P21	UMLS:C1609433	0
IGSF21	UMLS:C1857809	0
TRNY	UMLS:C0342649	0
PLAC8	UMLS:C1842564	0
KDELR2	UMLS:C0024025	0
APOBEC3G	UMLS:C0376620	0
PKHD1L1	UMLS:C0406735	0
NOL4	UMLS:C1841691	0
RPS9P3	UMLS:C1860213	0
SNTA1	UMLS:C0021828	0
PPM1E	UMLS:C1854021	0
PTPRO	UMLS:C0242656	0
ZNF154	UMLS:C0494475	0
FXYD2	UMLS:C0917800	0
TMEFF2	UMLS:C0011608	0
IL17RA	UMLS:C2676723	0
PIEZO1	UMLS:C1844933	0
MYP16	UMLS:C0008525	0
ZNF592	UMLS:C2750481	0
VPS26A	UMLS:C0343057	0
VPS4B	UMLS:C1527424	0
ARMS2	UMLS:C0236964	0
ADH5P2	UMLS:C0815107	0
MRPL19	UMLS:C0855071	0
PDE1A	UMLS:C1853761	0
GSC	UMLS:C3151192	0
NRCAM	UMLS:C1568247	0
PCYT1A	UMLS:C1834870	0
GNRHR2	UMLS:C0238027	0
KIF20B	UMLS:C2930839	0
CPSF4	UMLS:C0238448	0
SLC16A13	UMLS:C0858320	0
ASD1	UMLS:C0033324	0
MUC22	UMLS:C1142253	0
SRP19	UMLS:C0334524	0
SAPCD2	UMLS:C2986536	0
ALPPL2	UMLS:C1720863	0
S100A5	UMLS:C0521533	0
HCN1	UMLS:C0032241	0
HSPA1A	UMLS:C0339534	0
BNIP3L	UMLS:C3160731	0
FBXL4	UMLS:C2751322	0
EPHA4	UMLS:C0011859	0
SLC17A5	UMLS:C1843075	0
ASRT8	UMLS:C1268937	0
PLAA	UMLS:C0393808	0
ALRH	UMLS:C1835398	0
IDDMX	UMLS:C1257965	0
USPL1	UMLS:C0282528	0
HULC	UMLS:C1268936	0
RHOJ	UMLS:C1854594	0
TENM4	UMLS:C2717837	0
FARS2	UMLS:C2827407	0
PRDM1	UMLS:C0000786	0
POLD3	UMLS:C0013902	0
CABP2	UMLS:C0007107	0
NADK	UMLS:C1858717	0
KRT25	UMLS:C0008780	0
CAMK2B	UMLS:C2063326	0
BEST2	UMLS:C1864670	0
NTHL1	UMLS:C1850169	0
DMD	UMLS:C0342613	0
SLC22A4	UMLS:C1720775	0
HERC1	UMLS:C0741884	0
ENTPD4	UMLS:C2986622	0
FTH1	UMLS:C0264652	0
METAP1	UMLS:C0266039	0
ELF4	UMLS:C0003756	0
APLNR	UMLS:C3280799	0
C12orf56	UMLS:C3151079	0
IPO5	UMLS:C0744471	0
NPAP1	UMLS:C0035334	0
ALOX15B	UMLS:C0268494	0
AK2	UMLS:C1836876	0
CTAA1	UMLS:C1271219	0
C12orf10	UMLS:C1969106	0
LOC100129203	UMLS:C0011875	0
NACC2	UMLS:C0040427	0
C1R	UMLS:C1112746	0
OFC4	UMLS:C0221055	0
IVNS1ABP	UMLS:C1321546	0
CRCS7	UMLS:C3151057	0
KLHL42	UMLS:C0025164	0
RPL21P99	UMLS:C1848805	0
USP17L28	UMLS:C1835813	0
ATP6V1H	UMLS:C0016202	0
HTRA1	UMLS:C0085311	0
UROC1	UMLS:C0431718	0
AGER	UMLS:C0154653	0
CYP2C19	UMLS:C0018609	0
SYNE2	UMLS:C0155773	0
TMEM98	UMLS:C0863194	0
SIX5	UMLS:C0339901	0
MRX1	UMLS:C1394891	0
SEC61G	UMLS:C1275128	0
OXT	UMLS:C0022081	0
MIR920	UMLS:C0751007	0
TSN	UMLS:C0240035	0
BMP10	UMLS:C2750087	0
CTNS	UMLS:C1333112	0
PCBP4	UMLS:C0006444	0
AMPD2	UMLS:C0740898	0
BTF3P11	UMLS:C0345050	0
TSPYL5	UMLS:C0003862	0
BW22	UMLS:C2750069	0
ODF3B	UMLS:C0039254	0
ANAPC7	UMLS:C0036310	0
PXT1	UMLS:C0019112	0
E2F6	UMLS:C0024591	0
RPL19	UMLS:C1851112	0
CHGB	UMLS:C0745744	0
ZSWIM2	UMLS:C1559072	0
RPS7P7	UMLS:C1095979	0
PLCXD2	UMLS:C0038506	0
SLC8A2	UMLS:C1842398	0
OPN4	UMLS:C1997217	0
SLC7A3	UMLS:C0153392	0
TST	UMLS:C1866174	0
KLK15	UMLS:C0239816	0
FAR2	UMLS:C0878654	0
ENOX2	UMLS:C0007758	0
LDOC1L	UMLS:C0281242	0
CCDC65	UMLS:C1835178	0
CBR3	UMLS:C0349604	0
HLA-DPB1	UMLS:C1847800	0
SPG46	UMLS:C2750088	0
DUSP28	UMLS:C0231918	0
DCT	UMLS:C0004093	0
FANCC	UMLS:C1519787	0
SLC28A2	UMLS:C0015423	0
IARS	UMLS:C3472608	0
KCNN1	UMLS:C1969657	0
CDK13	UMLS:C0038273	0
LCOR	UMLS:C0017922	0
ISOC2	UMLS:C0280451	0
NUCB1	UMLS:C0497397	0
KIF23	UMLS:C1112486	0
RPL7P27	UMLS:C0003467	0
SLC6A8	UMLS:C0522274	0
KIAA1715	UMLS:C0043202	0
MBNL2	UMLS:C0581882	0
KLK10	UMLS:C1863236	0
CTHRC1	UMLS:C0267771	0
NOP14	UMLS:C1833136	0
UNG	UMLS:C1301363	0
CYP2C19	UMLS:C0750197	0
SF3B2	UMLS:C1855535	0
XRCC1	UMLS:C0206754	0
CDK4PS	UMLS:C1861171	0
DFNA27	UMLS:C1412332	0
KPNA3	UMLS:C0007682	0
SLC4A8	UMLS:C0220993	0
RPS15AP3	UMLS:C0279606	0
SLC10A6	UMLS:C0432268	0
TMPRSS13	UMLS:C0042373	0
PRCC	UMLS:C3150879	0
TRGC2	UMLS:C1096717	0
PLCG1	UMLS:C0038368	0
PEX5	UMLS:C0349535	0
PLA2G12B	UMLS:C1849508	0
COPD	UMLS:C2750451	0
ATP8A1	UMLS:C1955871	0
CDK19	UMLS:C0233475	0
CDC14C	UMLS:C1848144	0
PROX2	UMLS:C1849387	0
MIR650	UMLS:C0017181	0
IGHV4-28	UMLS:C0038395	0
DIABLO	UMLS:C1832274	0
MIR181C	UMLS:C0701824	0
MICU2	UMLS:C0271900	0
UBE2C	UMLS:C0398739	0
PEX14	UMLS:C0349571	0
SRR	UMLS:C0238486	0
BDKRB1	UMLS:C1844776	0
GPR22	UMLS:C0018889	0
GCH1	UMLS:C0487852	0
SH2D4A	UMLS:C1301700	0
HSPD1P15	UMLS:C0278513	0
CEP135	UMLS:C0004093	0
TK2	UMLS:C2677105	0
PCDHB11	UMLS:C2750234	0
TRGC2	UMLS:C0038443	0
MERTK	UMLS:C1848934	0
MCKD1	UMLS:C0086447	0
SNW1	UMLS:C0426396	0
DLX4	UMLS:C0856536	0
CHAT	UMLS:C0154628	0
ARF6	UMLS:C0038160	0
LDB2	UMLS:C1840347	0
WAGRO	UMLS:C1512433	0
NOL7	UMLS:C3489734	0
NNT	UMLS:C1843183	0
MSRB2	UMLS:C1859966	0
NME1-NME2	UMLS:C0270851	0
BDP1P	UMLS:C0740340	0
FBXW7	UMLS:C0263555	0
PRR4	UMLS:C0340068	0
ERN2	UMLS:C3151201	0
DUSP10	UMLS:C1833564	0
USH1C	UMLS:C0235952	0
PWWP2B	UMLS:C0265220	0
IL13RA2	UMLS:C2931888	0
BNIPL	UMLS:C0275553	0
MIR196A2	UMLS:C0278689	0
OPTC	UMLS:C2676369	0
SNORD1C	UMLS:C0232197	0
ITPRIPL2	UMLS:C2675519	0
SLC9A4	UMLS:C0009326	0
SLC45A4	UMLS:C1847835	0
ND4L	UMLS:C1970479	0
KIAA1598	UMLS:C0396060	0
CUL4A	UMLS:C0031269	0
BTAF1	UMLS:C0349081	0
KRT18P48	UMLS:C1970237	0
USPL1	UMLS:C0019829	0
CASP12	UMLS:C1332079	0
FAM92B	UMLS:C0011268	0
STARD13	UMLS:C0796226	0
SND1	UMLS:C1852372	0
IBD18	UMLS:C1864125	0
PSMC2	UMLS:C0749870	0
TMEM45B	UMLS:C0342879	0
FAM47E	UMLS:C2750457	0
TYMS	UMLS:C0027127	0
RPN2	UMLS:C0341742	0
EBF3	UMLS:C0341038	0
ATAT1	UMLS:C0007107	0
LARS	UMLS:C0277565	0
PKD1L2	UMLS:C0009376	0
MYO1A	UMLS:C2350530	0
MORN2	UMLS:C0152081	0
FAM58A	UMLS:C1837008	0
THAP1	UMLS:C1863307	0
SPNS3	UMLS:C0344955	0
ARHGEF7	UMLS:C0028768	0
RABEP2	UMLS:C0024894	0
TCEANC2	UMLS:C1839736	0
SNX25	UMLS:C0263637	0
LINC00322	UMLS:C0678199	0
SPG21	UMLS:C3266863	0
NPAT	UMLS:C1415038	0
FLAD1	UMLS:C0948380	0
SLC16A8	UMLS:C0037019	0
EZH2	UMLS:C1636149	0
CALCR	UMLS:C1292772	0
DVL1	UMLS:C0009269	0
MTA3	UMLS:C0038868	0
TSGA10	UMLS:C0267750	0
GGCT	UMLS:C1868019	0
PPIP5K2	UMLS:C1838603	0
NIPBL	UMLS:C0020532	0
RPS6P22	UMLS:C0025312	0
OSBPL3	UMLS:C0010314	0
BMP1	UMLS:C0008055	0
CCL3	UMLS:C1879643	0
PTPRC	UMLS:C0334595	0
MDP1	UMLS:C0158981	0
FXYD1	UMLS:C0006285	0
VWCE	UMLS:C0677660	0
SAT2	UMLS:C0003873	0
OR2L13	UMLS:C0279609	0
HEIH	UMLS:C0375024	0
ANIB8	UMLS:C0272157	0
FLVCR2	UMLS:C0393568	0
SFRP4	UMLS:C0266928	0
RPL3P8	UMLS:C0154061	0
GLP2R	UMLS:C0026705	0
UGT2B28	UMLS:C3150415	0
DANCR	UMLS:C0546952	0
GSM1	UMLS:C0265282	0
SNORD115@	UMLS:C1838603	0
PRDM5	UMLS:C0268336	0
PTPN12	UMLS:C0339648	0
KIRREL	UMLS:C1866558	0
OR51E2	UMLS:C1839928	0
USH1K	UMLS:C0013592	0
OLFML2B	UMLS:C0877854	0
ARID4A	UMLS:C0571752	0
STRADB	UMLS:C1838652	0
SHISA6	UMLS:C2752082	0
BTRC	UMLS:C0026884	0
TRIAP1	UMLS:C1417247	0
KDM4C	UMLS:C0268151	0
KHDRBS2	UMLS:C0342326	0
KTCN4	UMLS:C1136033	0
MRPL1	UMLS:C0025205	0
LYST	UMLS:C0030486	0
PRKCSH	UMLS:C0400930	0
GTS	UMLS:C1167720	0
XPO6	UMLS:C0020074	0
PCYT1B	UMLS:C1266005	0
OS4	UMLS:C0600467	0
PLIN3	UMLS:C2607914	0
SLC4A2	UMLS:C0878683	0
CRH	UMLS:C0276240	0
SNRNP40	UMLS:C1858709	0
H2BFS	UMLS:C1846886	0
PXK	UMLS:C0235812	0
NEFH	UMLS:C2750824	0
ELAC1	UMLS:C0263725	0
PTGER2	UMLS:C1846366	0
BDA1B	UMLS:C2751607	0
NOS3	UMLS:C1960458	0
HYT1	UMLS:C0917890	0
ITM2A	UMLS:C1868081	0
ASH1L	UMLS:C0154208	0
ZSCAN12P1	UMLS:C0472762	0
IDH2	UMLS:C0162809	0
MSH4	UMLS:C0029124	0
TXNDC17	UMLS:C0334276	0
ST3	UMLS:C1275275	0
INSL4	UMLS:C0278110	0
FBXO8	UMLS:C0275703	0
MIR34C	UMLS:C2718017	0
NDUFA5	UMLS:C0740903	0
CBL	UMLS:C2936859	0
CA11	UMLS:C0023443	0
CTBS	UMLS:C0021933	0
DISP1	UMLS:C0391861	0
BP6	UMLS:C1856399	0
CHL1	UMLS:C0011389	0
PHF20L1	UMLS:C0432124	0
TYSND1	UMLS:C0854886	0
CIB2	UMLS:C1336843	0
OR2T5	UMLS:C0021846	0
XPO6	UMLS:C2242577	0
ALG1	UMLS:C1639520	0
KLF8	UMLS:C2675481	0
FLG2	UMLS:C0432201	0
ESPN	UMLS:C2936783	0
FZD6	UMLS:C0948896	0
HADHAP1	UMLS:C0027927	0
HIP1R	UMLS:C0005612	0
FUCA2	UMLS:C0271386	0
TBC1D20	UMLS:C0003969	0
EXOC5	UMLS:C2931746	0
LUC7L3	UMLS:C0271710	0
AGL	UMLS:C0279674	0
IPP	UMLS:C0521707	0
PRPF31	UMLS:C0010606	0
FCRL4	UMLS:C0749098	0
PLCD4	UMLS:C0751791	0
SPG19	UMLS:C1854335	0
DGKZ	UMLS:C1415802	0
KRTAP1-3	UMLS:C3150821	0
DDX3Y	UMLS:C1370868	0
TXN2	UMLS:C0263504	0
TRH	UMLS:C0040116	0
PLCG1	UMLS:C0033788	0
PLA1A	UMLS:C1274214	0
CRISPLD1	UMLS:C0752262	0
CSF2	UMLS:C3150889	0
ZBTB2	UMLS:C2677879	0
CNGB1	UMLS:C2678493	0
BAG6	UMLS:C0235904	0
PLXNB1	UMLS:C0023891	0
NAP1L5	UMLS:C0393484	0
GREM2	UMLS:C1858592	0
C9orf72	UMLS:C1274103	0
CUL4B	UMLS:C2919796	0
IL11RA	UMLS:C0343641	0
GRM5	UMLS:C0948968	0
SLC37A1	UMLS:C0149520	0
C5orf63	UMLS:C0342803	0
KCNIP2	UMLS:C1711373	0
DEFB4B	UMLS:C2751603	0
MPZL3	UMLS:C1318558	0
ZNF492	UMLS:C2676510	0
CDAN1	UMLS:C0575090	0
SLC9A6	UMLS:C0042900	0
OA25	UMLS:C0745150	0
CDC20	UMLS:C0242520	0
SPN	UMLS:C3280598	0
CSMD3	UMLS:C0008690	0
PFDN1	UMLS:C1868114	0
ZAR1	UMLS:C0018798	0
ATRN	UMLS:C0544855	0
DDB2	UMLS:C0334488	0
FAM168B	UMLS:C0920715	0
KRT6C	UMLS:C1866029	0
PMP22	UMLS:C0020649	0
MIR920	UMLS:C2675184	0
EXTL1	UMLS:C0854802	0
LMBRD2	UMLS:C1291610	0
MSSD	UMLS:C0472767	0
IDDM10	UMLS:C0030232	0
NLRP14	UMLS:C0751494	0
JPH2	UMLS:C0278595	0
GAPDHS	UMLS:C1535187	0
FABP7	UMLS:C1833382	0
ATP2C1	UMLS:C0009714	0
ATE1-AS1	UMLS:C1842124	0
HAS3	UMLS:C0149896	0
VAMP3	UMLS:C0161398	0
CCL13	UMLS:C1855648	0
RNF2	UMLS:C0015379	0
MGR12	UMLS:C0264097	0
HPRHP	UMLS:C1304508	0
SLC39A10	UMLS:C0795878	0
SPATA7	UMLS:C0031511	0
CPO	UMLS:C0494164	0
SIPA1L2	UMLS:C0268523	0
STAG3L1	UMLS:C1867982	0
LOC101060233	UMLS:C0007115	0
PLSA1	UMLS:C2919365	0
CCDC170	UMLS:C1504404	0
PIP	UMLS:C3161192	0
BDET	UMLS:C2673634	0
PANK4	UMLS:C0004045	0
TMEM165	UMLS:C0730284	0
WDR93	UMLS:C0555214	0
MME	UMLS:C0268416	0
MYOZ2	UMLS:C0039147	0
LOC650157	UMLS:C3494652	0
TOR3A	UMLS:C0268155	0
TMEM101	UMLS:C0085273	0
MF4	UMLS:C1853248	0
AR	UMLS:C0267211	0
C10orf32	UMLS:C0264142	0
MIR9-1	UMLS:C0338591	0
GTSE1	UMLS:C0032787	0
C10orf53	UMLS:C1864729	0
TOR1A	UMLS:C0026827	0
FLJ45079	UMLS:C0334520	0
SPINK4	UMLS:C0011615	0
SHARPIN	UMLS:C0243038	0
SLC6A12	UMLS:C1864952	0
NANOG	UMLS:C0039730	0
PSME2	UMLS:C1843140	0
CYP21A2	UMLS:C0403528	0
AQP8	UMLS:C0458631	0
TREML2	UMLS:C0033817	0
ABCC8	UMLS:C0280252	0
MRPS18CP3	UMLS:C3272809	0
ZNF432	UMLS:C0003076	0
RPL5P19	UMLS:C0079154	0
SCZD11	UMLS:C0016063	0
TPMT	UMLS:C0027828	0
BAX	UMLS:C1838644	0
ODF1	UMLS:C0029132	0
LEMD3	UMLS:C2931601	0
RPL12	UMLS:C0021313	0
MIR193B	UMLS:C0524702	0
GPSM1	UMLS:C0003477	0
TDRD7	UMLS:C3163961	0
TBPL1	UMLS:C0238294	0
GPR171	UMLS:C0041234	0
ANGEL1	UMLS:C0153690	0
WDR59	UMLS:C0271528	0
TMEM127	UMLS:C0344263	0
SH3TC1	UMLS:C0264657	0
SLC25A20	UMLS:C1867771	0
MAD2L1BP	UMLS:C0007384	0
CHRM1	UMLS:C0271606	0
NRSN1	UMLS:C0344529	0
AIH3	UMLS:C0002879	0
MAFD2	UMLS:C0263324	0
AMFR	UMLS:C0085648	0
PRR4	UMLS:C0220690	0
FMNL1	UMLS:C0268523	0
LAMB3	UMLS:C1301364	0
KCNMB1	UMLS:C0206627	0
STAT5A	UMLS:C0311343	0
MDFIC	UMLS:C0022078	0
IGHE	UMLS:C0154841	0
MIR411	UMLS:C3495438	0
TUBB4B	UMLS:C1096488	0
AP3D1	UMLS:C0521173	0
RPS14P9	UMLS:C0279602	0
SLEH1	UMLS:C0751409	0
PAX1	UMLS:C1861832	0
HDLCQ14	UMLS:C1704380	0
SEC16A	UMLS:C2931003	0
RAPGEF6	UMLS:C0036391	0
DYT7	UMLS:C1857276	0
COQ3	UMLS:C0009374	0
BCL3	UMLS:C0302362	0
PLOD1	UMLS:C0262655	0
TRIM17	UMLS:C1864902	0
KLB	UMLS:C0349571	0
RIBC2	UMLS:C0400822	0
NCR3	UMLS:C1864912	0
RPS11	UMLS:C1328349	0
KCNQ2	UMLS:C0393814	0
SMIM19	UMLS:C0452148	0
DLL1	UMLS:C0149676	0
MIR203	UMLS:C0020595	0
AHSA2	UMLS:C1837317	0
F7	UMLS:C1868672	0
HMHB1	UMLS:C1857744	0
LOC101060399	UMLS:C0796004	0
BRE	UMLS:C1319193	0
SLC13A1	UMLS:C0240310	0
OTX2	UMLS:C0700595	0
CTR9	UMLS:C1654637	0
PLEC	UMLS:C0206699	0
HPC14	UMLS:C0574002	0
TPI1	UMLS:C2931001	0
LAMA2	UMLS:C0240414	0
RGS6	UMLS:C0085179	0
FAM169B	UMLS:C1302547	0
KIR2DL5B	UMLS:C0809983	0
LEMD1	UMLS:C0265479	0
FEB2	UMLS:C0376175	0
WDR63	UMLS:C1832440	0
TRIM44	UMLS:C0001127	0
RPL7P27	UMLS:C0024121	0
PPIB	UMLS:C0678201	0
GHRH	UMLS:C0080276	0
MIR324	UMLS:C0740421	0
GADL1	UMLS:C1328550	0
CCDC60	UMLS:C0393818	0
CENPU	UMLS:C0338113	0
CALR	UMLS:C0025427	0
PHKA1	UMLS:C0242770	0
RNF34	UMLS:C0233622	0
ANIB7	UMLS:C2931258	0
AFP	UMLS:C0006277	0
H2AFX	UMLS:C0393702	0
EEF1A1P43	UMLS:C0796055	0
EMX1	UMLS:C0265338	0
NOVA2	UMLS:C0393907	0
MAFD4	UMLS:C0751226	0
PIN4	UMLS:C2931862	0
NUTM2A	UMLS:C1566302	0
FABP4	UMLS:C0004364	0
SIGLEC12	UMLS:C3150889	0
ALYREF	UMLS:C1842642	0
SAMM50	UMLS:C0340068	0
DRC1	UMLS:C1828108	0
HMG20A	UMLS:C0278996	0
KCNMB3P1	UMLS:C1834405	0
RHBDD3	UMLS:C0155141	0
GNLY	UMLS:C0878787	0
CPT2	UMLS:C0795821	0
MIR30C1	UMLS:C1399793	0
ZFHX4	UMLS:C3150715	0
NOB1	UMLS:C0026393	0
GUCY1A3	UMLS:C0038020	0
ITK	UMLS:C0259749	0
MAFG	UMLS:C1266147	0
UNGP2	UMLS:C0031900	0
NDUFAF4	UMLS:C2751824	0
GGA3	UMLS:C0031763	0
EYA1	UMLS:C1855114	0
TRAPPC2P1	UMLS:C0598689	0
NFKBIA	UMLS:C0009400	0
SAMM50	UMLS:C0033805	0
GABPB1	UMLS:C0267187	0
ZNF205	UMLS:C0344724	0
FYCO1	UMLS:C0278861	0
FOXL2	UMLS:C0079745	0
IL4R	UMLS:C2939419	0
BACH1	UMLS:C0751950	0
NEK8	UMLS:C1709781	0
FATE1	UMLS:C0025945	0
PPP2R5A	UMLS:C0162835	0
CDH4	UMLS:C1858695	0
FUT2	UMLS:C0334524	0
VPS4B	UMLS:C1842675	0
LOC646377	UMLS:C2673923	0
IL12B	UMLS:C0744471	0
VPS4B	UMLS:C2675527	0
WWC1	UMLS:C0746408	0
CCDC172	UMLS:C3277849	0
VAMP1	UMLS:C1853136	0
SUMF1	UMLS:C0029095	0
CGRRF1	UMLS:C0432365	0
C12orf63	UMLS:C1836148	0
SETD1A	UMLS:C0854196	0
RHOT1	UMLS:C0010403	0
IYD	UMLS:C0205945	0
POMT1	UMLS:C1709246	0
FAM175A	UMLS:C0153446	0
ESCO1	UMLS:C0234235	0
MLLT11	UMLS:C0037672	0
FOXR2	UMLS:C0009676	0
ARAP1	UMLS:C1264195	0
LYRM1	UMLS:C3279793	0
CSE	UMLS:C0040021	0
PAICS	UMLS:C0008493	0
TAC1	UMLS:C0278595	0
ABCA3	UMLS:C0546817	0
CCND2	UMLS:C1332632	0
ZC3H7B	UMLS:C0553707	0
CDV3	UMLS:C0342879	0
SNORD107	UMLS:C0341225	0
LINC01171	UMLS:C0587246	0
SPATA41	UMLS:C0751360	0
SESN2	UMLS:C0029132	0
TSR2	UMLS:C0018202	0
RHCE	UMLS:C0277562	0
ESD	UMLS:C0342745	0
CYC1	UMLS:C0155733	0
MAPK6	UMLS:C0520678	0
ATG5	UMLS:C0019061	0
CHR	UMLS:C1969040	0
SYT16	UMLS:C3280587	0
LARGE	UMLS:C0393489	0
GPR182	UMLS:C0206669	0
OR1N1	UMLS:C0333983	0
ALPK2	UMLS:C0027341	0
CA11	UMLS:C0598790	0
HLA-DRB2	UMLS:C0857345	0
PREB	UMLS:C2266670	0
EN2	UMLS:C0543822	0
SNX31	UMLS:C0010051	0
ETHE1	UMLS:C1848066	0
LDHC	UMLS:C0220724	0
GLP1R	UMLS:C0236792	0
ATP1A3	UMLS:C0007192	0
RPS13	UMLS:C0014371	0
RRAGD	UMLS:C1836326	0
GFOD1	UMLS:C0849925	0
MIR17HG	UMLS:C0234133	0
RNU6ATAC	UMLS:C0234958	0
ZSWIM5	UMLS:C0003875	0
C11orf53	UMLS:C0578736	0
PPM1L	UMLS:C0002902	0
SEL1L2	UMLS:C0542519	0
TSPAN31	UMLS:C2930844	0
RHBDF1	UMLS:C2968445	0
PRSS3	UMLS:C1833809	0
IARS	UMLS:C0019655	0
TSPEAR	UMLS:C0272082	0
ADRA1B	UMLS:C0030477	0
CDV3	UMLS:C1333292	0
MS4A4A	UMLS:C1306247	0
TAC1	UMLS:C1863198	0
EIF4EBP1	UMLS:C1839141	0
NKX2-6	UMLS:C0030283	0
CSDE1	UMLS:C1527358	0
MICAL2	UMLS:C0017536	0
BCL2L13	UMLS:C3463916	0
SFPQ	UMLS:C2936913	0
TBL3	UMLS:C0743841	0
PSMC6P1	UMLS:C0038002	0
SFMBT1	UMLS:C0276253	0
TFCP2	UMLS:C0265291	0
ASPG4	UMLS:C0149871	0
PGBD5	UMLS:C1865370	0
WDR11	UMLS:C1456270	0
EYA1	UMLS:C0585474	0
FRRS1	UMLS:C0240903	0
CYP20A1	UMLS:C0271333	0
TAPVR1	UMLS:C2584620	0
QDPR	UMLS:C0302254	0
H3F3AP5	UMLS:C1858582	0
ACSS1	UMLS:C3160739	0
ZFP36L2	UMLS:C0338582	0
APH1A	UMLS:C0206631	0
FDPS	UMLS:C0036344	0
RANBP2	UMLS:C1561826	0
USP17L28	UMLS:C0001723	0
SGK2	UMLS:C1319384	0
TSPY1	UMLS:C0155320	0
MIR93	UMLS:C0855071	0
FPR2	UMLS:C0265292	0
NEK4	UMLS:C0012736	0
TLE6	UMLS:C0232493	0
C1QTNF7	UMLS:C1096293	0
ATIC	UMLS:C0410190	0
ATL3	UMLS:C0238111	0
TRNAA46P	UMLS:C2585684	0
C15orf48	UMLS:C0040715	0
PAPPA-AS1	UMLS:C0035690	0
SUCLA2	UMLS:C0035436	0
FRMD6	UMLS:C0342801	0
BAD	UMLS:C0334287	0
IL2RG	UMLS:C0542080	0
IGHV1-69	UMLS:C1850155	0
SLC2A13	UMLS:C3281191	0
POU3F2	UMLS:C0270970	0
NTS	UMLS:C0263367	0
NTNG1	UMLS:C0235952	0
TMEM216	UMLS:C0152116	0
FEZF2	UMLS:C2198591	0
DCLK2	UMLS:C0042850	0
XRCC4	UMLS:C1112768	0
WASF5P	UMLS:C0025349	0
SOX15	UMLS:C0153426	0
MIR139	UMLS:C1299624	0
URGCP	UMLS:C1846057	0
PCDHB16	UMLS:C0578736	0
CTDSP1	UMLS:C0005747	0
CYP4F2	UMLS:C0014078	0
RAB4B	UMLS:C0349633	0
IGHV4-28	UMLS:C1290537	0
RPS23	UMLS:C1333132	0
RRP9	UMLS:C3280215	0
GNB1L	UMLS:C0887866	0
DFNA54	UMLS:C1866495	0
POM121L2	UMLS:C1704328	0
GPR19	UMLS:C1291316	0
MAPRE1P1	UMLS:C0162670	0
KRT18P48	UMLS:C3151432	0
FNDC3A	UMLS:C1955655	0
MED28	UMLS:C0013447	0
AC002511.1	UMLS:C0341503	0
STAG3L1	UMLS:C0742468	0
TCPT	UMLS:C0007775	0
THSD7A	UMLS:C3280866	0
VCAM1	UMLS:C1868684	0
TMEM169	UMLS:C1275282	0
ODPF	UMLS:C1865145	0
CHAT	UMLS:C2678037	0
SVIL	UMLS:C0403416	0
PPP6R2	UMLS:C0431124	0
SHISA9	UMLS:C1855663	0
SLITRK1	UMLS:C1858391	0
RAI14	UMLS:C3279841	0
E2F3	UMLS:C0266589	0
FSTL5	UMLS:C0346388	0
TRNR	UMLS:C0039131	0
MEP1A	UMLS:C0015519	0
SSR4	UMLS:C1263733	0
ENO2	UMLS:C0162557	0
LBH	UMLS:C1418533	0
COL5A1	UMLS:C0854451	0
MTCH1	UMLS:C3150967	0
CCND1	UMLS:C0011649	0
MIR137	UMLS:C0003875	0
SEPT12	UMLS:C0003872	0
HRNR	UMLS:C0018814	0
C1QB	UMLS:C2678483	0
GLUL	UMLS:C3280240	0
IDO1	UMLS:C1863600	0
KCTD11	UMLS:C0010072	0
SPATA18	UMLS:C1368354	0
KCTD18	UMLS:C3279948	0
NMUR2	UMLS:C0235598	0
PLAGL2	UMLS:C1096335	0
TTF2	UMLS:C0282527	0
EXT3	UMLS:C0398686	0
ZNF44	UMLS:C0024054	0
PDLIM4	UMLS:C0036996	0
CALCOCO1	UMLS:C0795816	0
PDF	UMLS:C1608410	0
TMPRSS6	UMLS:C1970235	0
ARVCF	UMLS:C0158570	0
GMCL1	UMLS:C1412016	0
SIAH1	UMLS:C0149782	0
GNA11	UMLS:C1835980	0
LAMP1	UMLS:C2939192	0
ATP5EP1	UMLS:C0410787	0
APOL1	UMLS:C0001349	0
MYP16	UMLS:C0746982	0
KIF11	UMLS:C2675187	0
PDE6A	UMLS:C0239816	0
RP9	UMLS:C2745963	0
PGRMC2	UMLS:C1832474	0
SLC2A5	UMLS:C0026847	0
MPDU1	UMLS:C0022336	0
ORF1	UMLS:C2677903	0
DIRC1	UMLS:C1334978	0
HDLBP	UMLS:C0268529	0
FUT7	UMLS:C0022716	0
MLN	UMLS:C0521648	0
CYP2C9	UMLS:C0040820	0
PITX2	UMLS:C0020564	0
SLC28A1	UMLS:C0037672	0
SIX5	UMLS:C1853441	0
HNRNPF	UMLS:C1859966	0
CYP4B1	UMLS:C0016202	0
FOXD1	UMLS:C0456909	0
ATP1B2	UMLS:C2317473	0
ALL2	UMLS:C0003466	0
ARHGAP15	UMLS:C0002020	0
UXS1	UMLS:C0206114	0
PANX2	UMLS:C0810364	0
CBX7	UMLS:C0263776	0
NPHP3-AS1	UMLS:C0401149	0
MARC2	UMLS:C0013595	0
CCRL2	UMLS:C1332201	0
DLEU2	UMLS:C0013985	0
VCP	UMLS:C0023443	0
LRTOMT	UMLS:C0342793	0
ERF	UMLS:C0032788	0
THRB	UMLS:C1849156	0
DYX6	UMLS:C1332162	0
BRI3	UMLS:C0042514	0
CYFIP1	UMLS:C2987189	0
CSF2RB	UMLS:C0494164	0
NEB	UMLS:C1335563	0
SUDS3	UMLS:C0021479	0
EPB41L4B	UMLS:C0040264	0
RPS6P22	UMLS:C0153453	0
WDR5	UMLS:C1855923	0
TRIM11	UMLS:C2316787	0
PEA15	UMLS:C0239816	0
ADAM30	UMLS:C0856901	0
EGFL7	UMLS:C0432124	0
PRMT6	UMLS:C0432283	0
FOXA2	UMLS:C0520757	0
MIR217	UMLS:C1274648	0
KLHL1	UMLS:C1533060	0
POLE2	UMLS:C0020461	0
GPR133	UMLS:C0334102	0
RP9P	UMLS:C0018013	0
ADH1C	UMLS:C1334266	0
OR52B4	UMLS:C0040247	0
SPN	UMLS:C1290879	0
MYH14	UMLS:C0033839	0
ZNF248	UMLS:C2751259	0
TAF15	UMLS:C2675235	0
DDX59	UMLS:C0679407	0
AGMO	UMLS:C1970207	0
SLC17A8	UMLS:C0342784	0
SPARC	UMLS:C0267672	0
POC1B	UMLS:C0267243	0
AUTS12	UMLS:C0027145	0
GNAT1	UMLS:C1861355	0
EMR3	UMLS:C0949116	0
PRICKLE2	UMLS:C0268187	0
CHMP1B	UMLS:C1853214	0
LTF	UMLS:C1274215	0
AHRR	UMLS:C0333183	0
NPPA	UMLS:C0687675	0
FCRL6	UMLS:C2752061	0
ASB16	UMLS:C0266568	0
TRG	UMLS:C1458156	0
PHF11	UMLS:C2930471	0
MAP3K4	UMLS:C0029128	0
KCTD13	UMLS:C0265993	0
BCAP31	UMLS:C0263314	0
EIF4A3	UMLS:C1837342	0
VSIG4	UMLS:C0010380	0
SLC4A4	UMLS:C0033785	0
NAMA	UMLS:C1516669	0
SPDA2	UMLS:C0406740	0
TFE3	UMLS:C0003507	0
TNNC1	UMLS:C1837007	0
RFC5	UMLS:C0012754	0
STK11IP	UMLS:C1846366	0
RUNX1	UMLS:C0376356	0
SLC39A11	UMLS:C2931592	0
CCDC40	UMLS:C0011119	0
ABCE1	UMLS:C0016049	0
PRPF40A	UMLS:C1850343	0
ADAM33	UMLS:C3502110	0
SLU7	UMLS:C2748507	0
KLHL3	UMLS:C0520572	0
B4GALT5	UMLS:C0278505	0
HEPN1	UMLS:C0687149	0
NANOGP8	UMLS:C0265012	0
RGS7BP	UMLS:C0265514	0
SPRY2	UMLS:C0024138	0
TRG	UMLS:C1864846	0
HDGF	UMLS:C0334106	0
USP40	UMLS:C3469606	0
RPL7P30	UMLS:C1266042	0
IL17RC	UMLS:C1336708	0
LPGAT1	UMLS:C0041228	0
DHX16	UMLS:C1257965	0
PTMAP5	UMLS:C0021843	0
C20orf196	UMLS:C0333440	0
SAA3P	UMLS:C1843504	0
SDR9C7	UMLS:C1846648	0
AVEN	UMLS:C0751772	0
ANGPTL3	UMLS:C0432487	0
MRPS11	UMLS:C1857662	0
LOC100128751	UMLS:C0334054	0
WDM	UMLS:C0007688	0
FBLN2	UMLS:C0520905	0
PAFAH1B1	UMLS:C0027609	0
SCZD13	UMLS:C0333293	0
NOS3	UMLS:C1856883	0
ANGPTL4	UMLS:C2675861	0
PIR	UMLS:C0038220	0
PPM1G	UMLS:C2675487	0
PPP2R2B	UMLS:C0162666	0
ZNF451	UMLS:C1879321	0
IGKV1D-42	UMLS:C0541912	0
RNF4	UMLS:C0042344	0
TJP2	UMLS:C1835912	0
TXNRD3NB	UMLS:C0154723	0
SLEB15	UMLS:C0026010	0
SEMA3E	UMLS:C0156318	0
LETM2	UMLS:C0033036	0
MST1	UMLS:C0406217	0
FA2H	UMLS:C1947901	0
C20orf26	UMLS:C0043119	0
IL37	UMLS:C0919267	0
ATFB2	UMLS:C2350873	0
C11orf73	UMLS:C0546264	0
SNORD107	UMLS:C1537984	0
S100A7A	UMLS:C0026857	0
LOC728290	UMLS:C1847839	0
ABI2	UMLS:C0015967	0
LNP1	UMLS:C0037661	0
VPS26A	UMLS:C0039128	0
CCL13	UMLS:C0410530	0
INSL4	UMLS:C0333983	0
DAPK3	UMLS:C1854274	0
NUB1	UMLS:C0024809	0
GSK3A	UMLS:C0348802	0
ISM1	UMLS:C2930974	0
TCEA2	UMLS:C0184567	0
RAC3	UMLS:C3279905	0
ARHGEF25	UMLS:C0263874	0
DIO1	UMLS:C0559483	0
CYP4V2	UMLS:C0406317	0
GPR97	UMLS:C0333463	0
GDI2P1	UMLS:C0333007	0
CHD1	UMLS:C0596321	0
SPRY4-IT1	UMLS:C0862448	0
IGLC3	UMLS:C0020514	0
TRIP11	UMLS:C1970414	0
CABP2	UMLS:C1857682	0
DNMT3L	UMLS:C0085110	0
LGALS16	UMLS:C0007115	0
HSPA9	UMLS:C0267419	0
DOCK3	UMLS:C2677091	0
HIC1	UMLS:C1290386	0
MUC4	UMLS:C1835852	0
SLC22A15	UMLS:C0334553	0
LINC00163	UMLS:C0578477	0
RABEP1	UMLS:C0162830	0
HLA-DRB5	UMLS:C0024299	0
POLB	UMLS:C2349423	0
LIMK1	UMLS:C0016397	0
TMEM11	UMLS:C0008625	0
UBE3B	UMLS:C1853686	0
LCAT	UMLS:C1563119	0
NXF5	UMLS:C0948264	0
WNK4	UMLS:C0849784	0
DPH2	UMLS:C0751882	0
ZNF286B	UMLS:C0860580	0
PLSCR1	UMLS:C0023520	0
ARHGEF26	UMLS:C2945759	0
PRDX4	UMLS:C0948976	0
HHIPL2	UMLS:C3150902	0
KDM2A	UMLS:C2937359	0
MIR301B	UMLS:C0743711	0
CSNK2B	UMLS:C1332460	0
KCNK1	UMLS:C0014084	0
FBXO4	UMLS:C0432315	0
EDRF1	UMLS:C0948216	0
HTX3	UMLS:C1260880	0
GANC	UMLS:C0154437	0
PDZD2	UMLS:C0019104	0
GIPC1	UMLS:C3495928	0
CD96	UMLS:C1744558	0
FAM206A	UMLS:C0152021	0
CNNM4	UMLS:C0220704	0
LOC100288289	UMLS:C0266159	0
IGLC2	UMLS:C0020437	0
TSPAN9	UMLS:C0175778	0
ZSCAN1	UMLS:C1333190	0
RPSAP23	UMLS:C1865819	0
PPP2R5A	UMLS:C0220776	0
TGFA	UMLS:C1850126	0
SLC26A6	UMLS:C0175697	0
SERPINA5	UMLS:C0022972	0
SP8	UMLS:C0014498	0
ITIH2	UMLS:C1848139	0
IDH3A	UMLS:C0206094	0
LBR	UMLS:C0342737	0
OR52K1	UMLS:C1334708	0
SCZD10	UMLS:C0007688	0
GTPBP1	UMLS:C1835664	0
PANK4	UMLS:C1691228	0
TRPC4	UMLS:C0017922	0
CD48	UMLS:C0701807	0
RAP1GAP	UMLS:C0856747	0
MFHAS1	UMLS:C3150939	0
C3orf20	UMLS:C2677100	0
TMX3	UMLS:C2063326	0
FAM188A	UMLS:C0265428	0
C2orf47	UMLS:C0020951	0
IDE	UMLS:C3150536	0
GNA12	UMLS:C1864668	0
PILRA	UMLS:C0265246	0
PCNXL4	UMLS:C0452138	0
SLC25A20	UMLS:C0034888	0
PET112	UMLS:C1834569	0
CYCSP22	UMLS:C2931210	0
SAR1AP3	UMLS:C0342376	0
JPH1	UMLS:C0393814	0
GLYCTK	UMLS:C2750791	0
OTUD1	UMLS:C3280644	0
KIAA1524	UMLS:C0026505	0
ZCCHC11	UMLS:C0079772	0
TECR	UMLS:C0039984	0
PPR1	UMLS:C0349667	0
PARPBP	UMLS:C0268119	0
OA2	UMLS:C0026603	0
PSME1	UMLS:C0221227	0
IGKV@	UMLS:C0270912	0
SLC13A5	UMLS:C0043117	0
JAWAD	UMLS:C1260903	0
RPS2P45	UMLS:C1840284	0
PRIM2	UMLS:C2931829	0
FKBP11	UMLS:C0342850	0
ID2	UMLS:C1838547	0
PHACTR4	UMLS:C1853812	0
ANO7	UMLS:C0679381	0
SMTNL1	UMLS:C0276253	0
GSTM1	UMLS:C1327916	0
MAST3	UMLS:C1836892	0
SPSB1	UMLS:C0001429	0
GJD3	UMLS:C0152026	0
RPS3AP51	UMLS:C1879362	0
SCARB2	UMLS:C0740842	0
MTMR9	UMLS:C1417848	0
PTH1R	UMLS:C0432326	0
RPL17P22	UMLS:C1862463	0
CDC42BPB	UMLS:C0271844	0
CUEDC1	UMLS:C1859690	0
RP1	UMLS:C0268353	0
AGTRAP	UMLS:C0457179	0
ITGA7	UMLS:C1378703	0
NGF	UMLS:C0404572	0
MCOPCT1	UMLS:C0025209	0
EPC2	UMLS:C2752082	0
RPL11P3	UMLS:C0403443	0
OR7E62P	UMLS:C0039538	0
SLURP1	UMLS:C1837249	0
SLC6A3	UMLS:C0031154	0
PSMG1	UMLS:C0544855	0
DEPDC1P1	UMLS:C0003469	0
GRXCR1	UMLS:C1862555	0
COX7B	UMLS:C0279665	0
MUC3B	UMLS:C0221011	0
PRSS23	UMLS:C1860404	0
ASPHD2	UMLS:C0021843	0
TRNAU1	UMLS:C0334054	0
CRADD	UMLS:C1291463	0
MOS	UMLS:C1304300	0
TMEM231	UMLS:C2936329	0
EVI2A	UMLS:C0221059	0
ZBTB10	UMLS:C0013364	0
FBLN5	UMLS:C2678493	0
TRPV2	UMLS:C0268413	0
TGIF1	UMLS:C0014852	0
ZBTB16	UMLS:C0796094	0
KIAA1109	UMLS:C1833688	0
RPL23P11	UMLS:C0263009	0
SCARNA5	UMLS:C0030443	0
NELFE	UMLS:C0003081	0
RIEG2	UMLS:C2242816	0
RNF165	UMLS:C1336636	0
TGM2	UMLS:C0268457	0
HBHR	UMLS:C1527348	0
ADAMTS5	UMLS:C3280265	0
PCCB	UMLS:C0344482	0
BTG4	UMLS:C0029002	0
FLT3	UMLS:C0040433	0
STRA6	UMLS:C0001818	0
PHACTR4	UMLS:C0349667	0
CELSR2	UMLS:C1858379	0
SLC51B	UMLS:C1959600	0
GPSM3	UMLS:C0022548	0
PHB	UMLS:C0346249	0
PTCH2	UMLS:C1848029	0
KCNJ13	UMLS:C3279660	0
FASLG	UMLS:C1302363	0
KIF17	UMLS:C0268524	0
G7P1	UMLS:C3278664	0
SCD5	UMLS:C0033103	0
LCK	UMLS:C0334070	0
INHBE	UMLS:C0039590	0
PTPRN	UMLS:C0872084	0
GRHL2	UMLS:C2677549	0
MSTO1	UMLS:C0796012	0
METTL18	UMLS:C1366550	0
AIFM3	UMLS:C1848042	0
EXTL1	UMLS:C0042485	0
CRYBA2	UMLS:C0033788	0
SWAP70	UMLS:C0585540	0
BPIFB1	UMLS:C0334438	0
PALM2	UMLS:C0677886	0
PKD2L1	UMLS:C0268414	0
FGS3	UMLS:C0037316	0
KAT5	UMLS:C0085692	0
TAF7L	UMLS:C0475813	0
RPS3	UMLS:C1863198	0
SLC25A3	UMLS:C1857795	0
MBOAT2	UMLS:C2677549	0
TKCR	UMLS:C0001726	0
FERMT1	UMLS:C0457949	0
CCDC37	UMLS:C1837229	0
CARD11	UMLS:C0427086	0
HINT1	UMLS:C1850077	0
C12orf56	UMLS:C1527411	0
PTPRJ	UMLS:C2970809	0
OSBPL7	UMLS:C0016395	0
RASA2	UMLS:C0006111	0
SLC13A4	UMLS:C0023473	0
NEK4	UMLS:C0278583	0
FAM173B	UMLS:C0343532	0
CXorf40A	UMLS:C1969087	0
LFNG	UMLS:C0022578	0
DCTN5	UMLS:C2930918	0
PPM1K	UMLS:C0524988	0
HTR1D	UMLS:C0850918	0
PPIP5K1	UMLS:C0152257	0
AIMP1	UMLS:C1335146	0
TST1	UMLS:C1630648	0
SRSF1	UMLS:C2349596	0
TAL1	UMLS:C0949091	0
NLGN3	UMLS:C1449842	0
ZNF236	UMLS:C0206615	0
OR2M7	UMLS:C2959547	0
FBLN2	UMLS:C2676782	0
DDX50	UMLS:C3274463	0
ZNF205	UMLS:C0037011	0
CLSTN1	UMLS:C0020474	0
OXGR1	UMLS:C1096249	0
GRM1	UMLS:C0334525	0
CLDN5	UMLS:C2748571	0
UCP3	UMLS:C1832669	0
PIGB	UMLS:C0155210	0
TMEM66	UMLS:C2678027	0
COPD2	UMLS:C3164780	0
CLMN	UMLS:C0206732	0
CDR3	UMLS:C3495537	0
CXCL2	UMLS:C1327915	0
ACAD10	UMLS:C0752104	0
MIR582	UMLS:C0027813	0
USP39	UMLS:C1420193	0
SERPING1	UMLS:C0018790	0
FBN1	UMLS:C3495417	0
GFRA1	UMLS:C0002874	0
RPS5P5	UMLS:C2673885	0
SSR2	UMLS:C1260873	0
IL19	UMLS:C0020636	0
CD83	UMLS:C0025568	0
GPX5	UMLS:C1837805	0
PDZD2	UMLS:C0038273	0
ADD1	UMLS:C0432028	0
NLGN4X	UMLS:C1704437	0
CTTN	UMLS:C0333983	0
CD1D	UMLS:C0730308	0
RPL37A	UMLS:C1855681	0
MCKD1	UMLS:C1265994	0
RPL23AP27	UMLS:C0271449	0
PRH1-PRR4	UMLS:C1843247	0
FNTB	UMLS:C0007279	0
RGS9BP	UMLS:C0042781	0
SNRPA	UMLS:C0154060	0
CAMK2D	UMLS:C0035304	0
FTMT	UMLS:C2676484	0
SEPP1	UMLS:C0162635	0
CORO1A	UMLS:C0027127	0
SEA	UMLS:C3179539	0
MAGOH	UMLS:C1866425	0
MAP3K1	UMLS:C0038367	0
ISCU	UMLS:C2239290	0
RDH11	UMLS:C0751494	0
PSIP1	UMLS:C1861514	0
NDUFAF4	UMLS:C0268119	0
SAT1	UMLS:C1843786	0
NDUFB9	UMLS:C0009663	0
BRAFP1	UMLS:C0406587	0
SLC43A2	UMLS:C1847493	0
S100B	UMLS:C0036489	0
SLC12A9	UMLS:C1854442	0
MPLKIP	UMLS:C1851504	0
HLA-DQB1	UMLS:C1519346	0
PDE6B	UMLS:C0851578	0
MAFD4	UMLS:C1264606	0
NAA50	UMLS:C0206739	0
VILL	UMLS:C0149630	0
ST3GAL6	UMLS:C0035309	0
IS1	UMLS:C0234379	0
NUS1P2	UMLS:C0393847	0
MIR520G	UMLS:C1840299	0
CETN3	UMLS:C2931876	0
POROK4	UMLS:C0795803	0
C11orf49	UMLS:C2945698	0
GALNT11	UMLS:C0233777	0
EGFL6	UMLS:C0149782	0
PQBP1	UMLS:C1842757	0
B4GALT4	UMLS:C0751383	0
EPHA2	UMLS:C0007873	0
DYT21	UMLS:C0948031	0
XAGE3	UMLS:C0025183	0
H2BFM	UMLS:C0543541	0
SPEG	UMLS:C0277555	0
SIGLEC12	UMLS:C0268468	0
HLA-K	UMLS:C1836797	0
CHRNA9	UMLS:C0558920	0
CCDC85A	UMLS:C0041972	0
DCN	UMLS:C1334807	0
SLCO2A1	UMLS:C0862878	0
DAW1	UMLS:C1847827	0
CADM1	UMLS:C0205713	0
DNMT1	UMLS:C1275127	0
CDAN1	UMLS:C0033838	0
C12orf43	UMLS:C0018923	0
STAB1	UMLS:C0036916	0
CEP72	UMLS:C1838703	0
BCL2L2-PABPN1	UMLS:C0334277	0
TRGV3	UMLS:C0344529	0
PAN2	UMLS:C0472814	0
KLRC1	UMLS:C2750080	0
SMARCC2	UMLS:C0268350	0
CEP63	UMLS:C0220744	0
L3MBTL4	UMLS:C0027849	0
TMEM97	UMLS:C0015464	0
ACOXL	UMLS:C2931505	0
FOXJ1	UMLS:C0013312	0
RA22	UMLS:C0796085	0
ZNF699	UMLS:C0221248	0
LHFPL5	UMLS:C1847200	0
FBLN1	UMLS:C1864960	0
ALPK3	UMLS:C1265792	0
LUZP4	UMLS:C0152426	0
ASB2	UMLS:C0268252	0
ART1	UMLS:C0024899	0
DYX9	UMLS:C0002395	0
NSG1	UMLS:C2986717	0
MLLT10	UMLS:C0154209	0
HSD11B2	UMLS:C1864827	0
CT47A11	UMLS:C1847843	0
RDH14	UMLS:C0678185	0
KCP	UMLS:C0036651	0
IRAK4	UMLS:C0749087	0
GNG10	UMLS:C0312420	0
PKN2	UMLS:C0024043	0
TGFBR2	UMLS:C1879526	0
SLC25A3	UMLS:C0151565	0
CDC34	UMLS:C0039128	0
DUH1	UMLS:C0001546	0
IFI6	UMLS:C2746069	0
PRKAB1	UMLS:C1846343	0
RNASE13	UMLS:C1853120	0
CCAR1	UMLS:C0751850	0
KIF24	UMLS:C1832978	0
MIR130B	UMLS:C0149781	0
C1orf204	UMLS:C2678098	0
PYGO2	UMLS:C0013384	0
PREPL	UMLS:C0684337	0
GIN1	UMLS:C1846059	0
AQP1	UMLS:C0342613	0
FEM1A	UMLS:C0036489	0
KCNK10	UMLS:C0334482	0
NAMA	UMLS:C0342776	0
CCDC8	UMLS:C0751491	0
BGLAP	UMLS:C0268080	0
ATPLS	UMLS:C1415481	0
EDA	UMLS:C1704330	0
TREML2	UMLS:C1275100	0
SCARA5	UMLS:C1536451	0
DCP1A	UMLS:C1857744	0
LGSN	UMLS:C0489980	0
CRTC2	UMLS:C1328587	0
UBE2T	UMLS:C0233523	0
DEL8Q13	UMLS:C0751859	0
SLC25A52	UMLS:C0024305	0
PSIP1	UMLS:C0262469	0
BMP6	UMLS:C0559469	0
NOX3	UMLS:C0429468	0
NEK3	UMLS:C0339515	0
PCBP1	UMLS:C0424101	0
PRKAR2A	UMLS:C2348820	0
RPL23AP28	UMLS:C1414532	0
MTHFD2	UMLS:C1864125	0
HIF1A	UMLS:C1832379	0
ELAVL4	UMLS:C1744705	0
RRBP1	UMLS:C1266043	0
KDM4D	UMLS:C0403809	0
PLEKHO2	UMLS:C1318485	0
KIAA1731	UMLS:C2748571	0
GUST	UMLS:C1394891	0
NODAL	UMLS:C1832855	0
DFNA24	UMLS:C0011156	0
CLEC11A	UMLS:C2751320	0
SOX14	UMLS:C0600142	0
CHST10	UMLS:C1846816	0
ECM2	UMLS:C0038557	0
GOT1	UMLS:C1861385	0
IFITM9P	UMLS:C0017575	0
RAMP1	UMLS:C0847614	0
UCKL1	UMLS:C0267112	0
CEP57	UMLS:C0153562	0
KRT18	UMLS:C0041972	0
PRPSAP2	UMLS:C0020503	0
FOXC1	UMLS:C1861833	0
RAF1P1	UMLS:C1845531	0
HYMAI	UMLS:C0242670	0
ALDH1L2	UMLS:C0376544	0
IL16	UMLS:C0740268	0
SPP2	UMLS:C1861862	0
SYT9	UMLS:C0221155	0
MMP19	UMLS:C0521659	0
BCC4	UMLS:C0241210	0
PHKG1	UMLS:C1562894	0
LYPD4	UMLS:C0085677	0
KIAA0040	UMLS:C0010035	0
B4GALNT2	UMLS:C2751052	0
CPAT1	UMLS:C0263324	0
CTRL	UMLS:C0036474	0
SKP1	UMLS:C0334240	0
CBLN2	UMLS:C0018500	0
P4HA2	UMLS:C0311221	0
GRD2	UMLS:C0011226	0
TMEM55A	UMLS:C2751802	0
GLS	UMLS:C0342895	0
EMR2	UMLS:C0265514	0
GDPD5	UMLS:C1843366	0
SLC30A6	UMLS:C0027672	0
FRZB	UMLS:C1853102	0
TPPP3	UMLS:C0027339	0
CATSPER1	UMLS:C0555206	0
TFIP11	UMLS:C1384641	0
PITRM1	UMLS:C2700425	0
CAMKV	UMLS:C0334586	0
NLRP4	UMLS:C0242339	0
D1S111	UMLS:C2350233	0
MIR374B	UMLS:C1319315	0
KRTAP1-3	UMLS:C0085682	0
CAPN2	UMLS:C1332167	0
GNG12-AS1	UMLS:C1845181	0
SLC13A1	UMLS:C1845293	0
NSF	UMLS:C0521858	0
NIPAL3	UMLS:C1858080	0
SLC11A1	UMLS:C0271791	0
LACC1	UMLS:C3151066	0
ASMD	UMLS:C3280030	0
TRAPPC9	UMLS:C0004093	0
NRG1	UMLS:C1969086	0
UTP14C	UMLS:C0406723	0
MAGEA9B	UMLS:C2957106	0
HYAL4	UMLS:C0020435	0
MTA1	UMLS:C0263489	0
WASH6P	UMLS:C1848922	0
MIR3148	UMLS:C1839728	0
GRK1	UMLS:C0221043	0
UQCRC1	UMLS:C0431370	0
GEMIN4	UMLS:C1853900	0
PLEK	UMLS:C1334057	0
GOLGA2	UMLS:C0269995	0
CRS	UMLS:C0002690	0
COPS4	UMLS:C0949496	0
CRX	UMLS:C0001546	0
ZNF629	UMLS:C3163961	0
APBB1IP	UMLS:C1955745	0
TRIM27	UMLS:C1136033	0
GORASP1	UMLS:C0475858	0
WNK3	UMLS:C0032463	0
NEGR1	UMLS:C0429468	0
RPL30	UMLS:C0398650	0
HS6ST1	UMLS:C1266029	0
C10orf90	UMLS:C0033578	0
FSIP2	UMLS:C1963943	0
NCKAP5	UMLS:C1856728	0
CD200	UMLS:C0024441	0
ARL3	UMLS:C0085082	0
PTPLAD1	UMLS:C1836439	0
MAOA	UMLS:C0276548	0
TMEM258	UMLS:C0856742	0
MGAT1	UMLS:C0030467	0
NFIX	UMLS:C1136033	0
PADI2	UMLS:C0036646	0
KAT2A	UMLS:C0085423	0
GPM6B	UMLS:C0004138	0
HMGCS1	UMLS:C0085423	0
MMP12	UMLS:C1858709	0
ADM	UMLS:C0748505	0
KRBOX4	UMLS:C2749477	0
APBA1	UMLS:C3180937	0
CKLF	UMLS:C1416865	0
GNB3	UMLS:C0271524	0
CHST10	UMLS:C1845526	0
RLS1	UMLS:C1851184	0
CLEC4M	UMLS:C1266095	0
FSCN1	UMLS:C0038367	0
MYCN	UMLS:C1335965	0
CXorf36	UMLS:C0265374	0
GGN	UMLS:C0268117	0
NAPSA	UMLS:C0268318	0
RGSL1	UMLS:C0342500	0
CRB1	UMLS:C1707400	0
USP4	UMLS:C0917981	0
F2R	UMLS:C0950124	0
TRNM	UMLS:C1838420	0
CDC25C	UMLS:C0036916	0
TRIM4	UMLS:C0023418	0
SLC36A4	UMLS:C0007302	0
ST6GAL1	UMLS:C0239055	0
HMCN2	UMLS:C0546953	0
BGLAP	UMLS:C0155072	0
UBP1	UMLS:C0393571	0
MPP7	UMLS:C0020725	0
SAMD14	UMLS:C0238348	0
TMEM199	UMLS:C0021843	0
HHT3	UMLS:C2673964	0
SERPINB6	UMLS:C0008149	0
BDKRB1	UMLS:C1960675	0
ERICH3	UMLS:C0268799	0
DENND4A	UMLS:C0154676	0
ASRGL1	UMLS:C0032326	0
NLRP4	UMLS:C0456107	0
RCC1	UMLS:C0002882	0
RNF8	UMLS:C1833340	0
RPL3	UMLS:C0017536	0
CHRNG	UMLS:C0279592	0
