GIPR	UMLS:C3532239	0
WAPAL	UMLS:C0158564	0
FGS2	UMLS:C2986665	0
PSMC3IP	UMLS:C1855771	0
MIP	UMLS:C2986622	0
CYP20A1	UMLS:C0238013	0
GLRX5	UMLS:C0406369	0
RPL10A	UMLS:C0268746	0
HLA-DPA1	UMLS:C0040457	0
LIN28B	UMLS:C0263224	0
UCMA	UMLS:C0238217	0
BATF3	UMLS:C1970712	0
SERF1B	UMLS:C0268520	0
LOC664629	UMLS:C0795953	0
C20orf57	UMLS:C0393626	0
OR52E6	UMLS:C1848599	0
FAT4	UMLS:C0026961	0
HPC3	UMLS:C0162823	0
AGPAT3	UMLS:C0235270	0
IMPDH1P7	UMLS:C0027429	0
PPRC1	UMLS:C1857808	0
AMH	UMLS:C1865234	0
VGLL3	UMLS:C0332910	0
ZNF792	UMLS:C0026552	0
MED13L	UMLS:C1850338	0
SENP8	UMLS:C0043121	0
IKBKB	UMLS:C0280803	0
SMPD2	UMLS:C0021390	0
CYP2T3P	UMLS:C0008533	0
MED30	UMLS:C0024291	0
CCL19	UMLS:C0812435	0
SGPP1	UMLS:C0162281	0
CHD1	UMLS:C0206114	0
CCKBR	UMLS:C0859023	0
MAD2L2	UMLS:C1838780	0
NASPP1	UMLS:C1847827	0
CLTCL1	UMLS:C0740392	0
PSORS4	UMLS:C0393571	0
MYO1G	UMLS:C0018775	0
ADIPOR2	UMLS:C1334009	0
SPR	UMLS:C1306589	0
CCDC66	UMLS:C0750046	0
SLC6A14	UMLS:C1838979	0
SHANK3	UMLS:C1866340	0
KIF14	UMLS:C0038506	0
ZRSR2	UMLS:C0347176	0
USP24	UMLS:C0152030	0
MFSD9	UMLS:C0014511	0
RYR2	UMLS:C1955690	0
ANKRD36B	UMLS:C3276432	0
DOCK6	UMLS:C0268108	0
FGF14	UMLS:C0039147	0
SRC	UMLS:C0342850	0
NKRF	UMLS:C1636152	0
ERBB4	UMLS:C2937288	0
DNAJA2	UMLS:C1865044	0
PRKAA2	UMLS:C1856143	0
TBC1D24	UMLS:C0600079	0
ZNF384	UMLS:C0014848	0
PADI2	UMLS:C0238049	0
DNAI2	UMLS:C0340305	0
GYPC	UMLS:C0263680	0
TMEM66	UMLS:C1837608	0
STX4	UMLS:C0263421	0
ITGA2	UMLS:C0393778	0
INHA	UMLS:C2675185	0
MT4	UMLS:C0683357	0
LPCAT1	UMLS:C1854273	0
GNB3	UMLS:C0740858	0
OLIG1	UMLS:C0268490	0
PURB	UMLS:C2974202	0
UGT3A1	UMLS:C0020625	0
ZIC5	UMLS:C0024904	0
PCMT1	UMLS:C0342336	0
EIF3IP1	UMLS:C1866008	0
HUWE1	UMLS:C2939149	0
PIGP	UMLS:C0016024	0
CRYBA2	UMLS:C0340288	0
LIF	UMLS:C0009938	0
BRI3	UMLS:C0948163	0
SPATA7	UMLS:C1960458	0
KLHL2	UMLS:C0427055	0
LRSAM1	UMLS:C2960129	0
JTB	UMLS:C0268355	0
AS3MT	UMLS:C0795959	0
HLA-B	UMLS:C1333984	0
THRB	UMLS:C0005741	0
RAP1GAP2	UMLS:C0235527	0
RPS7P5	UMLS:C0263538	0
F10	UMLS:C1515091	0
PGGT1B	UMLS:C0344976	0
PTGES2	UMLS:C1855565	0
DHX58	UMLS:C1840474	0
FN3KRP	UMLS:C0086447	0
SCARB1	UMLS:C1843920	0
HTRA2	UMLS:C3502073	0
RBM7	UMLS:C0749870	0
YIF1A	UMLS:C0264694	0
FRAT1	UMLS:C3160732	0
TNFRSF17	UMLS:C0745031	0
ADHD5	UMLS:C0242129	0
ICK	UMLS:C2750747	0
EFEMP2	UMLS:C0398636	0
PRKAB2	UMLS:C2586012	0
IGAN1	UMLS:C0234259	0
ZSWIM5	UMLS:C0496870	0
SIX3	UMLS:C2986665	0
ADIPQTL2	UMLS:C0149983	0
NRF1	UMLS:C1970211	0
RPL11P3	UMLS:C1843164	0
NRBP1	UMLS:C0431108	0
PSPH	UMLS:C0948441	0
ADH1A	UMLS:C1333762	0
SCAR2	UMLS:C0004245	0
TNIK	UMLS:C1839082	0
C1RL	UMLS:C0577620	0
KIF1B	UMLS:C0265341	0
EIF2B5	UMLS:C0375019	0
SPRR3	UMLS:C0034063	0
ATRAID	UMLS:C0426799	0
KIT	UMLS:C2698203	0
CERS3	UMLS:C0007621	0
ACAD9	UMLS:C1836336	0
SORBS1	UMLS:C2585317	0
GGCX	UMLS:C1516170	0
HMP19	UMLS:C1264195	0
PTPRQ	UMLS:C0391826	0
B4GALNT2	UMLS:C0679401	0
ADIPQTL2	UMLS:C0751354	0
PDP1	UMLS:C1848519	0
CCA1	UMLS:C2930618	0
SPRED2	UMLS:C0152101	0
SKIV2L	UMLS:C0079774	0
PCDH7	UMLS:C2674259	0
STRADA	UMLS:C0395005	0
RARRES1	UMLS:C3150819	0
DLG5	UMLS:C1834752	0
PPP2CB	UMLS:C1865070	0
HOXC11	UMLS:C1846896	0
ASIC5	UMLS:C0003578	0
HSP90AA1	UMLS:C0264716	0
FRA2G	UMLS:C1142276	0
IRF6	UMLS:C1863732	0
DEL11P13	UMLS:C1970109	0
CBLB	UMLS:C0338591	0
POU4F2	UMLS:C0268162	0
LDHC	UMLS:C1313983	0
CHNG3	UMLS:C0008031	0
VWA5B1	UMLS:C0020640	0
NKX6-2	UMLS:C1332965	0
OFC4	UMLS:C0037773	0
KIAA0100	UMLS:C0334092	0
DDB2	UMLS:C0341306	0
PDE6C	UMLS:C0011847	0
STUT1	UMLS:C0149887	0
E4F1	UMLS:C0334572	0
NFIL3	UMLS:C1384584	0
FADD	UMLS:C0392400	0
RNASE7	UMLS:C0268547	0
ERAP1	UMLS:C1850318	0
PPT2	UMLS:C2936476	0
LAMTOR2	UMLS:C0009404	0
ARHGAP30	UMLS:C0221238	0
PYHIN1	UMLS:C0011570	0
NPIPA1	UMLS:C0948031	0
GUCY1B2	UMLS:C0001122	0
SPANXB2	UMLS:C1845987	0
GTPBP4	UMLS:C2673377	0
ADAM10	UMLS:C1853276	0
INMT-FAM188B	UMLS:C0740421	0
C6	UMLS:C0037939	0
PPP1R14B	UMLS:C0278879	0
F8	UMLS:C0268263	0
ARRDC3	UMLS:C0032827	0
SNAPC4	UMLS:C1853757	0
F11	UMLS:C0008715	0
CHRNA2	UMLS:C0549263	0
MSI2	UMLS:C1455728	0
CLIP1	UMLS:C2750815	0
GHSR	UMLS:C0275814	0
FAM132B	UMLS:C0020524	0
FOXO1	UMLS:C0265992	0
BPIFB1	UMLS:C1866426	0
RPL7AP27	UMLS:C0345602	0
TWIST2	UMLS:C1417001	0
CCDC97	UMLS:C1857749	0
MUT	UMLS:C0878631	0
PAOD1	UMLS:C0751360	0
LRRN1	UMLS:C0278726	0
PARPBP	UMLS:C0162823	0
KCNK18	UMLS:C1853360	0
CD164	UMLS:C1337112	0
RGS11	UMLS:C0086525	0
APOBEC3A_B	UMLS:C0796149	0
SCNN1G	UMLS:C0746982	0
LYZL1	UMLS:C1847572	0
DPY19L2	UMLS:C1968949	0
LRRC59	UMLS:C0393699	0
PDE7A	UMLS:C0344191	0
SPANXA1	UMLS:C2987127	0
FGF14	UMLS:C1333034	0
ZKSCAN3	UMLS:C0038160	0
PYGB	UMLS:C0278878	0
RPE65	UMLS:C1845860	0
HCST	UMLS:C1290514	0
NPR3	UMLS:C1708371	0
IGHD3-10	UMLS:C0018814	0
PKN3	UMLS:C2960725	0
GTF2IRD1	UMLS:C0020555	0
SPPL2A	UMLS:C0017416	0
TEP1	UMLS:C2675861	0
ACBD3	UMLS:C0007859	0
SGSM2	UMLS:C1827377	0
KRT34	UMLS:C1837552	0
ABCC11	UMLS:C1969029	0
EAF2	UMLS:C0002892	0
POU3F1	UMLS:C1970147	0
PIGL	UMLS:C0004604	0
TDRD10	UMLS:C0017411	0
SALL3	UMLS:C0002624	0
LRRFIP2	UMLS:C0858600	0
CHST6	UMLS:C0391816	0
KCNE2	UMLS:C0233651	0
ITGBL1	UMLS:C0376407	0
S100A11P1	UMLS:C0456909	0
WRAP53	UMLS:C0854248	0
CRKL	UMLS:C1306038	0
PRDM14	UMLS:C0596270	0
CSRNP3	UMLS:C0007302	0
FCGRT	UMLS:C0234665	0
GATAD2B	UMLS:C0238183	0
KIAA1147	UMLS:C2745900	0
SGCZ	UMLS:C3276549	0
WARS	UMLS:C2931441	0
NKAIN1	UMLS:C0524948	0
RASD2	UMLS:C0030343	0
CEL	UMLS:C1720956	0
SLC25A3	UMLS:C0009677	0
CLRN3	UMLS:C0002982	0
CHIT1	UMLS:C1857662	0
CALCB	UMLS:C0339573	0
LOC100509646	UMLS:C0152014	0
RAET1E	UMLS:C0003466	0
PRPF4B	UMLS:C0265287	0
C7orf49	UMLS:C0010074	0
CYMP	UMLS:C1833369	0
PPM1J	UMLS:C1849792	0
ZDHHC17	UMLS:C0343073	0
PRDM2	UMLS:C0011330	0
CSAD	UMLS:C0037287	0
ACTC1	UMLS:C0023892	0
STK19P	UMLS:C2931118	0
KIF16B	UMLS:C1858672	0
ELAVL1	UMLS:C0006091	0
CXCL1	UMLS:C0854107	0
NARG2	UMLS:C0271527	0
CDAGS	UMLS:C0022521	0
CERS1	UMLS:C0877148	0
NPNT	UMLS:C0457133	0
QDPR	UMLS:C1845298	0
LOC101929451	UMLS:C0015408	0
RBM47	UMLS:C0334294	0
SRBD1	UMLS:C0238003	0
SPPM	UMLS:C1860213	0
MRX2	UMLS:C2350350	0
RETSAT	UMLS:C1834207	0
BMP10	UMLS:C0271528	0
OMS	UMLS:C1883552	0
ORF1	UMLS:C3280965	0
HOXA2	UMLS:C0023487	0
BATF3	UMLS:C0012655	0
ZNF592	UMLS:C0221224	0
NRARP	UMLS:C0151236	0
RGSL1	UMLS:C1864186	0
CAMTA1	UMLS:C0342278	0
TGM4	UMLS:C1458155	0
HBP1	UMLS:C1848922	0
CYP2W1	UMLS:C2751308	0
PDE5A	UMLS:C2751315	0
GPCPD1	UMLS:C2931351	0
INTS7	UMLS:C0403800	0
FARP1	UMLS:C0341697	0
HSPD1P6	UMLS:C0086238	0
TOP1	UMLS:C0917805	0
EIF3IP1	UMLS:C0265278	0
VPS13C	UMLS:C0242362	0
SLC22A17	UMLS:C1849779	0
KIAA1217	UMLS:C0206695	0
TBC1D1	UMLS:C0751964	0
ATP6V0A4	UMLS:C0043020	0
RPSA	UMLS:C1883486	0
OBSL1	UMLS:C1864873	0
USP17L28	UMLS:C0162550	0
RPL39L	UMLS:C0265992	0
DNAJC2	UMLS:C0751895	0
DUSP22	UMLS:C2931418	0
IKBKB	UMLS:C0278864	0
COL22A1	UMLS:C2752072	0
JAG1	UMLS:C1332162	0
SSPN	UMLS:C2750234	0
BLID	UMLS:C1142115	0
VSIG4	UMLS:C0015414	0
LRRC8B	UMLS:C1847626	0
TLR3	UMLS:C0013589	0
SMAD4	UMLS:C3279964	0
SAA1	UMLS:C2931884	0
POSTN	UMLS:C3150879	0
SNORD107	UMLS:C0282548	0
GPR119	UMLS:C2930792	0
PATZ1	UMLS:C1096584	0
ANC	UMLS:C0334280	0
E2F2	UMLS:C0152459	0
REG3A	UMLS:C0022735	0
MAGEA5	UMLS:C0600066	0
NBAS	UMLS:C0854988	0
EPB41L4A	UMLS:C0242597	0
ENTPD6	UMLS:C0011071	0
ICR1	UMLS:C2936911	0
LNCR3	UMLS:C1847987	0
GALNT7	UMLS:C0344490	0
LEFTY2	UMLS:C2986561	0
KIF13B	UMLS:C0751122	0
LYPD6	UMLS:C1368771	0
ZNF559	UMLS:C0013403	0
LOC101929889	UMLS:C0268621	0
LTB	UMLS:C0853602	0
SEP15	UMLS:C1969796	0
EFCAB11	UMLS:C1833245	0
CCND2	UMLS:C3151513	0
NDUFS7	UMLS:C0004277	0
DXS435E	UMLS:C1334978	0
GPHB5	UMLS:C0877792	0
EGFL7	UMLS:C0581374	0
KCNK10	UMLS:C0342686	0
SUCLA2P1	UMLS:C1412002	0
SLC2A8	UMLS:C0029882	0
ZC3H12A	UMLS:C1853195	0
SLFN12L	UMLS:C0162739	0
DGCR6	UMLS:C0332568	0
XRN2	UMLS:C0334092	0
CASC2	UMLS:C0020534	0
ACKR3	UMLS:C0005806	0
UROC1	UMLS:C3280358	0
DENND3	UMLS:C1275859	0
LOC100288966	UMLS:C0342895	0
RHOA	UMLS:C0263725	0
MMP23A	UMLS:C0031094	0
SULF2	UMLS:C1511789	0
BHMT2	UMLS:C0432289	0
ENO2	UMLS:C0694571	0
MPPED1	UMLS:C3150705	0
TMEM199	UMLS:C0268419	0
LRFN2	UMLS:C0262385	0
TMEM126A	UMLS:C0575081	0
LIPI	UMLS:C1861380	0
SFPQ	UMLS:C0553713	0
PRMT2	UMLS:C1866040	0
AMMEC	UMLS:C0016627	0
IGHV1-14	UMLS:C0037088	0
BMIQ4	UMLS:C0432040	0
PLGLB2	UMLS:C1266002	0
TCF19	UMLS:C1301365	0
RCAN2	UMLS:C0014850	0
MARK1	UMLS:C3161259	0
SRXN1	UMLS:C0271991	0
C1orf110	UMLS:C0268553	0
SLC12A4	UMLS:C0266717	0
PTH2	UMLS:C0035312	0
RPL36AP26	UMLS:C1849554	0
RASA1	UMLS:C3203102	0
MDK	UMLS:C0151482	0
SP8	UMLS:C0948588	0
HNRNPA2B1	UMLS:C1828221	0
TNNI3K	UMLS:C0272118	0
ATOD5	UMLS:C0011630	0
BCKDHA	UMLS:C3151077	0
SPG41	UMLS:C0340566	0
BCC6	UMLS:C0028271	0
LBX1	UMLS:C0276195	0
CSNK1D	UMLS:C2678484	0
MPHOSPH9	UMLS:C0002351	0
TBX3	UMLS:C0426799	0
KIAA1456	UMLS:C0035522	0
PI3	UMLS:C0442887	0
LOC400682	UMLS:C1836439	0
POU1F1	UMLS:C3273225	0
GPER1	UMLS:C0278584	0
ZBTB48	UMLS:C0020621	0
CTBP1-AS2	UMLS:C0035078	0
ULK2	UMLS:C1304224	0
MIF	UMLS:C1302363	0
RPS9P3	UMLS:C0158288	0
PRKAR2A	UMLS:C0206661	0
TSHB	UMLS:C1332888	0
FAR2	UMLS:C1955871	0
SCGB3A2	UMLS:C0011581	0
ELTD1	UMLS:C2349596	0
NDUFB4	UMLS:C0205768	0
ALS2CL	UMLS:C0149530	0
PLEK2	UMLS:C0018500	0
RNASE7	UMLS:C1862852	0
ITGB8	UMLS:C2931082	0
PKD3	UMLS:C1845119	0
HIST1H4I	UMLS:C0344306	0
RA19	UMLS:C0339901	0
NSUN3	UMLS:C1838126	0
KCNJ14	UMLS:C0259771	0
INSM2	UMLS:C1840347	0
CRCP	UMLS:C0796081	0
UNK	UMLS:C1304508	0
SNORD12C	UMLS:C1279412	0
HSD17B13	UMLS:C0281963	0
MSANTD3-TMEFF1	UMLS:C0234665	0
CDC14C	UMLS:C1274648	0
ERO1LB	UMLS:C1273976	0
UBE4A	UMLS:C1832431	0
MAPKAPK3	UMLS:C2973529	0
CARD16	UMLS:C0036489	0
CELA3A	UMLS:C0162834	0
NREP	UMLS:C0005604	0
CCNG2	UMLS:C2968122	0
RPRD1B	UMLS:C1842136	0
ERMN	UMLS:C1863924	0
HIRA	UMLS:C0220748	0
TCHP	UMLS:C2676786	0
IQGAP2	UMLS:C0007138	0
TLR3	UMLS:C0233397	0
NCKIPSD	UMLS:C1970476	0
PLB1	UMLS:C0431659	0
DUSP16	UMLS:C0085280	0
DDX21	UMLS:C0432317	0
RYR1	UMLS:C0751863	0
GABARAP	UMLS:C1368041	0
PIK3CG	UMLS:C0262493	0
MGC16025	UMLS:C0023798	0
RBM18	UMLS:C0022081	0
FRA11A	UMLS:C0000809	0
LIN28B	UMLS:C0032827	0
CSGALNACT1	UMLS:C0748505	0
RGS17	UMLS:C1563719	0
C8A	UMLS:C1834671	0
HYMAI	UMLS:C0023269	0
HAO1	UMLS:C0400807	0
RASGRF2	UMLS:C2677516	0
MARCH10	UMLS:C2931209	0
PTK2	UMLS:C0085677	0
GPD1L	UMLS:C1707508	0
SDK1	UMLS:C2675518	0
HTR5A	UMLS:C0242338	0
CTU1	UMLS:C1333275	0
DEFB103A	UMLS:C0936251	0
STRAP	UMLS:C1868597	0
MCHR1	UMLS:C0220710	0
CMD1Q	UMLS:C0242706	0
TBX5	UMLS:C0014068	0
ZNF259	UMLS:C1336052	0
MANF	UMLS:C1969086	0
PRNP	UMLS:C2063616	0
CECR1	UMLS:C1850959	0
OPN5	UMLS:C3280203	0
KALRN	UMLS:C1861828	0
ITGB3BP	UMLS:C0751781	0
SNORD14B	UMLS:C2985174	0
RRAS	UMLS:C0158564	0
GJD2	UMLS:C0007113	0
TERC	UMLS:C0020564	0
WDR3	UMLS:C0035690	0
OR14J1	UMLS:C0022821	0
TSPYL2	UMLS:C0795803	0
AGTR1	UMLS:C1275078	0
LY6G5B	UMLS:C0004997	0
DPF3	UMLS:C0041341	0
TRIM31	UMLS:C1334620	0
PPP1R1C	UMLS:C0239549	0
ACRPV	UMLS:C2675207	0
TDRD1	UMLS:C1335968	0
HIPK1	UMLS:C0278517	0
OFD1	UMLS:C1847493	0
WDR86	UMLS:C0334576	0
PPP2R2A	UMLS:C0020630	0
ASRT4	UMLS:C1842422	0
IP6K2	UMLS:C0270922	0
PCDH19	UMLS:C0019080	0
ART3	UMLS:C0013882	0
CLLS3	UMLS:C0004604	0
SLC25A12	UMLS:C2678038	0
MIR136	UMLS:C0152499	0
ANXA8L1	UMLS:C1334177	0
BW57	UMLS:C2675525	0
PANK4	UMLS:C0025267	0
JDP2	UMLS:C1960272	0
BP8	UMLS:C0410226	0
RPS3	UMLS:C1855498	0
HEXDC	UMLS:C0334421	0
PITPNA	UMLS:C1639520	0
GRAMD3	UMLS:C0184567	0
PMPCA	UMLS:C1842687	0
IL22RA2	UMLS:C0264766	0
ZDHHC7	UMLS:C0037650	0
CSTF2T	UMLS:C0025218	0
CCL11	UMLS:C0152486	0
MIR133A2	UMLS:C1394254	0
PPOX	UMLS:C1858118	0
CHN2	UMLS:C1857941	0
SLC39A12	UMLS:C1835814	0
PLS3	UMLS:C0340305	0
SETD1A	UMLS:C0949595	0
PRPSAP2	UMLS:C0751887	0
S100A8	UMLS:C0154437	0
CXorf36	UMLS:C1300347	0
BTG1	UMLS:C0810320	0
BAG5	UMLS:C0869532	0
ADCY10	UMLS:C0007684	0
FBXL17	UMLS:C0006272	0
LECT2	UMLS:C0000771	0
RIMS2	UMLS:C1845292	0
HAT1	UMLS:C0278952	0
GSDMB	UMLS:C0009421	0
GPC2	UMLS:C2752147	0
HOXB5	UMLS:C1866504	0
CHRDL2	UMLS:C0342543	0
HLA-E	UMLS:C0521808	0
IL13	UMLS:C0038165	0
CHST15	UMLS:C0877104	0
GIGYF2	UMLS:C3151402	0
SFTPC	UMLS:C1370419	0
ENDOD1	UMLS:C3280392	0
CCDC102B	UMLS:C0026613	0
CEBPB	UMLS:C0743711	0
PTP4A1	UMLS:C2750449	0
SEC24C	UMLS:C0334092	0
OR4K5	UMLS:C1838420	0
DGCR5	UMLS:C0003857	0
XPO5	UMLS:C0279681	0
RSPO1	UMLS:C0741916	0
IL17RA	UMLS:C0003865	0
DEL8Q13	UMLS:C0001627	0
IQGAP1	UMLS:C1843139	0
NBN	UMLS:C0264222	0
YWHAH	UMLS:C0036416	0
MSN	UMLS:C0004059	0
COX4I2	UMLS:C0271990	0
RPL3P2	UMLS:C0032533	0
TNNI2	UMLS:C0349530	0
SRSF1	UMLS:C0311276	0
SPINK6	UMLS:C0679268	0
NAT1	UMLS:C2675747	0
TM9SF4	UMLS:C1856255	0
CCDC181	UMLS:C0079924	0
DNASE1L3	UMLS:C2987189	0
LHFP	UMLS:C3149378	0
XAGE3	UMLS:C0003706	0
RIC3	UMLS:C1869117	0
CHAF1B	UMLS:C0730345	0
ENC1	UMLS:C0949856	0
PTAFR	UMLS:C1876164	0
TNRC6B	UMLS:C1851710	0
BMP15	UMLS:C0334309	0
PCDH11Y	UMLS:C0205770	0
AFG3L2	UMLS:C0013261	0
SLC14A2	UMLS:C1274320	0
CHCHD3	UMLS:C1708350	0
EGLN2	UMLS:C1862102	0
CLRN3	UMLS:C0043207	0
IKBKGP1	UMLS:C1841691	0
IFNAR2	UMLS:C0302507	0
DPH2	UMLS:C0746840	0
LILRA5	UMLS:C0334611	0
SFTPD	UMLS:C0263421	0
MC1R	UMLS:C1841721	0
NISCH	UMLS:C0236792	0
GPR183	UMLS:C0206699	0
HSF1	UMLS:C0265012	0
ADAMTS5	UMLS:C3266877	0
IMPA1	UMLS:C2931752	0
ARMC1	UMLS:C0746402	0
CRKL	UMLS:C0340861	0
PAPSS1	UMLS:C0238111	0
DEFA1A3	UMLS:C1836573	0
TRIM24	UMLS:C0685108	0
SLC26A9	UMLS:C0334595	0
NBPF15	UMLS:C0343968	0
BIN1	UMLS:C0006274	0
E2F5	UMLS:C0154832	0
COG5	UMLS:C0278878	0
OAF	UMLS:C2936458	0
PCAT1	UMLS:C0559106	0
PMF1-BGLAP	UMLS:C0158252	0
HDLBP	UMLS:C3203102	0
GATA6	UMLS:C0029455	0
TEKT5	UMLS:C0268357	0
WASH1	UMLS:C0020498	0
SPACA1	UMLS:C1264040	0
CDKL1	UMLS:C0018418	0
DEPTOR	UMLS:C0220659	0
NPHS1	UMLS:C0524911	0
SLC47A1	UMLS:C1839070	0
LRIT2	UMLS:C1304224	0
CSNK1D	UMLS:C0030354	0
HLA-G	UMLS:C0872315	0
HSPB8	UMLS:C0339563	0
GABRG3	UMLS:C0586358	0
UBA7	UMLS:C0029172	0
BVES	UMLS:C1292773	0
DGCR8	UMLS:C0238158	0
HPSE2	UMLS:C2931743	0
MAP3K6	UMLS:C0276623	0
CAND1	UMLS:C0151699	0
UPK1A	UMLS:C0345984	0
RAB11FIP3	UMLS:C0268418	0
CD244	UMLS:C1859564	0
SLC35F3	UMLS:C0220756	0
KCND2	UMLS:C0004044	0
CCDC114	UMLS:C0585362	0
SDHAF1	UMLS:C0085681	0
NAPSB	UMLS:C0270933	0
GLO1	UMLS:C1720983	0
EFCAB2	UMLS:C0022366	0
CSNK2A1	UMLS:C1857663	0
ELAVL3	UMLS:C1511104	0
AGPAT1	UMLS:C1853900	0
KCNJ5	UMLS:C0019189	0
RPL39	UMLS:C0006664	0
NYS2	UMLS:C0563449	0
MMRFCGU	UMLS:C0432412	0
TGOLN2	UMLS:C0002170	0
TCEAL7	UMLS:C0018781	0
USP4	UMLS:C0004366	0
RPL37A	UMLS:C2675302	0
RNF182	UMLS:C1839454	0
CNOT7	UMLS:C0685838	0
SDC3	UMLS:C1333085	0
FEB2	UMLS:C0795816	0
LAMB2	UMLS:C2678497	0
C14orf182	UMLS:C1836438	0
MED9	UMLS:C2677094	0
MIR29C	UMLS:C0027086	0
GAB3	UMLS:C2987397	0
CYB561D2	UMLS:C0033893	0
EIG2	UMLS:C1840474	0
FAM3D	UMLS:C1839332	0
MEIS2	UMLS:C0001075	0
TCF7L1	UMLS:C0546817	0
HIST2H2AA4	UMLS:C0265553	0
PCNT	UMLS:C0744301	0
MTUS1	UMLS:C1112709	0
CHST3	UMLS:C1291609	0
NGFRAP1	UMLS:C0280451	0
GGCT	UMLS:C0264219	0
CADM4	UMLS:C1302547	0
SLCO4A1	UMLS:C0263367	0
GC	UMLS:C0021367	0
FGF18	UMLS:C1849813	0
ADAM15	UMLS:C0278689	0
GJC2	UMLS:C0340274	0
MUC3B	UMLS:C0034068	0
TPH1	UMLS:C0151544	0
RPS2	UMLS:C0745091	0
LYVE1	UMLS:C1836942	0
HSP90B1	UMLS:C0265290	0
SMPDL3A	UMLS:C0339467	0
AREL1	UMLS:C0005396	0
IBD21	UMLS:C2676272	0
TRNW	UMLS:C0795865	0
HNP1	UMLS:C0151779	0
ARGLU1	UMLS:C0151714	0
KLRG2	UMLS:C0263361	0
AK7	UMLS:C0024636	0
OR13G1	UMLS:C1837355	0
TMED10	UMLS:C0751560	0
MIR637	UMLS:C1876185	0
ERLIN2	UMLS:C0031149	0
NHLH2	UMLS:C0265998	0
KCNE3	UMLS:C0206141	0
RPS28P1	UMLS:C0087031	0
ATFB2	UMLS:C0598689	0
KIAA0226	UMLS:C0021843	0
MBD3	UMLS:C0267211	0
SERPINA10	UMLS:C0158667	0
GLI3	UMLS:C1332965	0
CCDC8	UMLS:C0334247	0
ATOD1	UMLS:C2936911	0
BAI1	UMLS:C1838701	0
TMEM54	UMLS:C1846343	0
MZF1	UMLS:C0006852	0
GTF2H3	UMLS:C1423873	0
HDAC11	UMLS:C1510449	0
TERF1P3	UMLS:C0280785	0
NFKBIE	UMLS:C0271083	0
PRPF38B	UMLS:C0432072	0
CAAP1	UMLS:C0751887	0
LHFPL5	UMLS:C0238463	0
MIR24-2	UMLS:C0022408	0
OS4	UMLS:C1968602	0
TM4SF20	UMLS:C0278487	0
MIR30C2	UMLS:C3150876	0
PTPN14	UMLS:C0013922	0
NMU	UMLS:C0033847	0
DAZ2	UMLS:C1720958	0
PYDC1	UMLS:C2919327	0
SCML2	UMLS:C0027697	0
PGP	UMLS:C0994516	0
PKNOX1	UMLS:C0231796	0
HCG4	UMLS:C1559154	0
INTS4	UMLS:C0750384	0
LRIT3	UMLS:C1833486	0
SLCO1B3	UMLS:C0027086	0
EBM	UMLS:C1847667	0
SLC20A2	UMLS:C1527375	0
PBXIP1	UMLS:C2750063	0
CCDC13	UMLS:C2676232	0
NCKIPSD	UMLS:C0037661	0
DFCTRPS	UMLS:C2676772	0
LTC4S	UMLS:C1443971	0
DNAAF1	UMLS:C0598428	0
MAGT1	UMLS:C0410539	0
VUR	UMLS:C0746668	0
DNAJB5	UMLS:C0035078	0
RIN2	UMLS:C0279735	0
EBM	UMLS:C2674665	0
RFTN1	UMLS:C0015773	0
COL23A1	UMLS:C0752197	0
PPP1R9B	UMLS:C0036974	0
LHX6	UMLS:C0085280	0
ANIC	UMLS:C0751265	0
BP53	UMLS:C1865868	0
IGHGP	UMLS:C0009375	0
XAGE1D	UMLS:C0431111	0
USO1	UMLS:C0581359	0
RNF168	UMLS:C0030286	0
NSMF	UMLS:C0010273	0
GLM4	UMLS:C2676723	0
LOC100128751	UMLS:C2931157	0
SNRPB	UMLS:C0024535	0
OR52K1	UMLS:C1855020	0
IGKV1D-43	UMLS:C0341335	0
MMP8	UMLS:C0268312	0
ZNF276	UMLS:C1847501	0
PGAM4	UMLS:C1865885	0
NANS	UMLS:C0432283	0
ANXA8L1	UMLS:C1848042	0
CIITA	UMLS:C1855466	0
APEX2	UMLS:C0525041	0
TAS2R1	UMLS:C0751885	0
INGX	UMLS:C0033805	0
LI5	UMLS:C0086795	0
SGCE	UMLS:C0151744	0
RPL34P22	UMLS:C0494559	0
SDHAF2	UMLS:C0086196	0
ZBED5	UMLS:C3178974	0
SAA2	UMLS:C0520789	0
KIR2DL5B	UMLS:C0812378	0
PVNH3	UMLS:C0400807	0
ZNF544	UMLS:C0023485	0
FGS2	UMLS:C1843264	0
WISP3	UMLS:C0001546	0
IGKV2D-19	UMLS:C0007787	0
STUT1	UMLS:C1854245	0
LOAS	UMLS:C1956346	0
NR1D1	UMLS:C1708776	0
OTSC2	UMLS:C1850077	0
SLC16A10	UMLS:C0405578	0
TRAPPC2	UMLS:C2673759	0
IFNA8	UMLS:C3275438	0
RNF138	UMLS:C0023787	0
FAM135A	UMLS:C0743841	0
MIR22	UMLS:C0025568	0
PRKAR2A	UMLS:C0340957	0
SNORA73A	UMLS:C0041296	0
SSB	UMLS:C0240896	0
DNAJA2	UMLS:C2931103	0
GIPC2	UMLS:C1848144	0
CDCP2	UMLS:C1857743	0
LAIR2	UMLS:C3280346	0
HDLCQ14	UMLS:C3280276	0
ELN	UMLS:C0403518	0
DLG2-AS1	UMLS:C0553586	0
OCM	UMLS:C1527298	0
C10orf32	UMLS:C3532942	0
ZNF593	UMLS:C0042571	0
RPS14P1	UMLS:C0751772	0
IMPG2	UMLS:C0854279	0
SEC24A	UMLS:C0031117	0
ARFGAP2	UMLS:C0008732	0
PRCC	UMLS:C0205851	0
EPC1	UMLS:C1654637	0
CSPG5	UMLS:C0085932	0
ITGAX	UMLS:C0744855	0
EMC8	UMLS:C1858804	0
ALK	UMLS:C0149881	0
PPP1R2	UMLS:C1266037	0
LAX1	UMLS:C1262091	0
ABCB4	UMLS:C1867801	0
ATP1B1	UMLS:C0020305	0
CPXCR1	UMLS:C0266928	0
RAD51AP1	UMLS:C0043037	0
NPC1	UMLS:C0338715	0
BATF	UMLS:C0282529	0
HIST1H2BC	UMLS:C0268365	0
NKX6-2	UMLS:C1851481	0
PNPLA6	UMLS:C1274377	0
SCARA3	UMLS:C0004368	0
HCAR3	UMLS:C1858278	0
RNF39	UMLS:C1853247	0
CDV3	UMLS:C0041782	0
OR6C1	UMLS:C2750061	0
USP21	UMLS:C0276361	0
SLC5A4	UMLS:C0206736	0
PPIB	UMLS:C1868616	0
CLCA1	UMLS:C0027121	0
SOX9	UMLS:C1840451	0
UGT2B7	UMLS:C0023453	0
XPOT	UMLS:C1333046	0
MTCO2P1	UMLS:C0240903	0
FAM173B	UMLS:C0006848	0
ANKHD1	UMLS:C0016053	0
EHD4	UMLS:C3274515	0
MYL8P	UMLS:C0334267	0
HMGA2	UMLS:C0238096	0
DGKK	UMLS:C0858599	0
OFC1	UMLS:C0032000	0
RALGAPA2	UMLS:C0016664	0
CAD	UMLS:C0543800	0
SLC6A10P	UMLS:C0015958	0
CDH2	UMLS:C1843013	0
ZBTB22	UMLS:C0796254	0
RPL22	UMLS:C1332979	0
ANTXR2	UMLS:C0265226	0
SNORA69	UMLS:C0334346	0
ARID2	UMLS:C0206750	0
FPEVF	UMLS:C1136321	0
NCL	UMLS:C0271606	0
OR7D4	UMLS:C1333990	0
PRPF6	UMLS:C0398636	0
MRT8	UMLS:C0018022	0
FLI1	UMLS:C1876214	0
GLT6D1	UMLS:C0019345	0
IDDM18	UMLS:C0341742	0
CRTAC1	UMLS:C0345963	0
GRK7	UMLS:C1334011	0
NRK	UMLS:C0268576	0
TFB1M	UMLS:C0343192	0
SERPINB9	UMLS:C1692871	0
FOXF2	UMLS:C1859047	0
IFITM2	UMLS:C2732473	0
LGALSL	UMLS:C0279625	0
PLG	UMLS:C0346010	0
ANXA4	UMLS:C0011608	0
HNB1	UMLS:C0746883	0
KLRC2	UMLS:C1413996	0
SLC9A6	UMLS:C3280283	0
GSTM2	UMLS:C0278791	0
LOC647275	UMLS:C1868001	0
ADCY8	UMLS:C3280887	0
TOMM7	UMLS:C0027412	0
MROH8	UMLS:C0035934	0
FREM1	UMLS:C1859844	0
DEFB105A	UMLS:C0879257	0
HTRA1	UMLS:C0334291	0
DUSP26	UMLS:C0205788	0
NBEAL2	UMLS:C0919628	0
VEZT	UMLS:C0795837	0
SEMA4B	UMLS:C0079584	0
IBD18	UMLS:C1845408	0
MYOZ1	UMLS:C0175969	0
KL	UMLS:C1855179	0
OR5K1	UMLS:C0272323	0
UBE2C	UMLS:C2930930	0
PIK3C2B	UMLS:C0392171	0
NDE1	UMLS:C0220769	0
KLHDC8B	UMLS:C0040479	0
NPIPA2	UMLS:C1858915	0
CECR1	UMLS:C0020500	0
LTC4S	UMLS:C1704276	0
GATAD2B	UMLS:C0206141	0
STK19	UMLS:C0276096	0
BAIAP3	UMLS:C1557335	0
ERP29	UMLS:C0392164	0
WAS	UMLS:C0001486	0
CHNG3	UMLS:C3151303	0
FAM27L	UMLS:C0494165	0
RPL15P1	UMLS:C1450051	0
GPAM	UMLS:C1846823	0
XRCC1	UMLS:C1857300	0
CPT1B	UMLS:C2676759	0
SETMAR	UMLS:C0019079	0
SNRPD3	UMLS:C1140680	0
ATP10D	UMLS:C1861366	0
NUFIP2	UMLS:C1846647	0
SCARF1	UMLS:C1829844	0
TNS1	UMLS:C0016052	0
CATSPER1	UMLS:C1846431	0
SCA21	UMLS:C1970470	0
ANK1	UMLS:C1846685	0
SRGAP1	UMLS:C1112157	0
STHAG5	UMLS:C0014132	0
CD34	UMLS:C0205769	0
KCNQ3	UMLS:C0001883	0
RBM7	UMLS:C0334608	0
DFFA	UMLS:C1720275	0
PYGM	UMLS:C0028860	0
PTRH2	UMLS:C2675238	0
DNAJA4	UMLS:C0751014	0
PRINS	UMLS:C1536085	0
ELF5	UMLS:C1842816	0
WDR26	UMLS:C1864923	0
PIAS2	UMLS:C0003650	0
METTL14	UMLS:C2931245	0
PEX13	UMLS:C1855179	0
VAPB	UMLS:C0023896	0
CCDC170	UMLS:C0273058	0
TMX3	UMLS:C0334050	0
RGS4	UMLS:C0221290	0
SPOCK2	UMLS:C1868653	0
DPH1	UMLS:C0003466	0
MIR130A	UMLS:C2676767	0
HYPK	UMLS:C1719672	0
ZDHHC7	UMLS:C0024302	0
JUP	UMLS:C0729665	0
SLC27A2	UMLS:C0851689	0
RGS14	UMLS:C0280216	0
KLRG1	UMLS:C1845667	0
INA	UMLS:C1832525	0
CEP170	UMLS:C0022821	0
STMN1	UMLS:C0237053	0
STAP2	UMLS:C0035229	0
RPL31	UMLS:C2751089	0
ABO	UMLS:C2678493	0
GPX1P2	UMLS:C2242996	0
FKSG29	UMLS:C1863561	0
IL1RAP	UMLS:C1512433	0
TBP	UMLS:C1867299	0
SLC25A6	UMLS:C0014122	0
RPS27	UMLS:C0796037	0
DSCR9	UMLS:C1852555	0
EGFL7	UMLS:C0342769	0
GNAQ	UMLS:C0399451	0
FAM9B	UMLS:C0795905	0
HDAC9	UMLS:C0003962	0
OTSC2	UMLS:C0265970	0
SNRK	UMLS:C0020496	0
HSPB7	UMLS:C0006110	0
OR6N1	UMLS:C0349534	0
LUZP6	UMLS:C0001824	0
AIRN	UMLS:C2678312	0
FOXD2	UMLS:C1336110	0
CLEC4A	UMLS:C0342442	0
ATR	UMLS:C1857781	0
PSMB8	UMLS:C0007971	0
RFC1	UMLS:C0239182	0
TRNT	UMLS:C0241868	0
SLC30A7	UMLS:C0038478	0
EIF4E2	UMLS:C1863557	0
ATE1	UMLS:C0278080	0
FLJ44477	UMLS:C0751083	0
CBX7	UMLS:C0346053	0
MSH5	UMLS:C2673536	0
GPR116	UMLS:C0017605	0
LIMS2	UMLS:C0878500	0
MTRNR2L10	UMLS:C0014534	0
DYX8	UMLS:C0220775	0
SSX4B	UMLS:C0268063	0
DEL11P15P14	UMLS:C0085758	0
ING5	UMLS:C3150973	0
CHMP5	UMLS:C0040822	0
HCK	UMLS:C0265268	0
MOB3A	UMLS:C0034951	0
BCKDHA	UMLS:C0032357	0
RPL21P93	UMLS:C2931005	0
GPR50	UMLS:C0342549	0
RALGAPB	UMLS:C1856883	0
FBXO36	UMLS:C0338106	0
SP7	UMLS:C0741933	0
FHL3	UMLS:C0029944	0
DOCK9	UMLS:C0041582	0
P4HA2	UMLS:C0393702	0
XAF1	UMLS:C0004775	0
ACTN1	UMLS:C0920187	0
RP11-96H19.1	UMLS:C2607914	0
EDARADD	UMLS:C0271681	0
LRRC74	UMLS:C0009080	0
RAD21	UMLS:C0265224	0
C19orf10	UMLS:C1859148	0
MYOT	UMLS:C0030319	0
C3AR1	UMLS:C0343438	0
RQCD1	UMLS:C0013069	0
DMRTA1	UMLS:C3146250	0
SMURF1	UMLS:C0206704	0
CLU	UMLS:C0268611	0
TLE1	UMLS:C0014335	0
IRX2	UMLS:C0266360	0
JAKMIP1	UMLS:C0268596	0
DIDO1	UMLS:C1274789	0
TRGC1	UMLS:C3151211	0
RAMP3	UMLS:C0205710	0
GYS1	UMLS:C0265333	0
CT55	UMLS:C1864445	0
MPC2	UMLS:C1304147	0
YWHAB	UMLS:C0026697	0
L1TD1	UMLS:C0018378	0
EGLN3	UMLS:C2750074	0
BNIP1	UMLS:C0086651	0
RPL7AP28	UMLS:C0854917	0
PYY	UMLS:C0240225	0
OR10R1P	UMLS:C0399376	0
ZNF490	UMLS:C0266609	0
EBR3	UMLS:C1851649	0
NAPA	UMLS:C2675527	0
ACOT11	UMLS:C0345967	0
RHO	UMLS:C0032131	0
DFNA54	UMLS:C0280253	0
DMC1	UMLS:C1866777	0
CD276	UMLS:C0600097	0
RBMS3	UMLS:C0376670	0
RABEPK	UMLS:C1859807	0
BMIQ8	UMLS:C0206608	0
COL19A1	UMLS:C0747102	0
UACA	UMLS:C0033802	0
STIL	UMLS:C0175708	0
RAET1E	UMLS:C0345335	0
FERMT2	UMLS:C0234241	0
RNF40	UMLS:C1850442	0
CDH26	UMLS:C0277565	0
LAPTM4B	UMLS:C0006012	0
NXPE4	UMLS:C0751713	0
CACYBP	UMLS:C0600041	0
CCDC180	UMLS:C0085311	0
CAPSL	UMLS:C0282193	0
TNNI1	UMLS:C0043251	0
CATSPERD	UMLS:C1861502	0
DYNLL2	UMLS:C0425449	0
PHIP	UMLS:C1835171	0
WBP1L	UMLS:C0403529	0
MTRNR2L4	UMLS:C0001630	0
ALRH	UMLS:C0279622	0
EPCAM	UMLS:C0011603	0
DFNB85	UMLS:C0042140	0
AUTS11	UMLS:C0008493	0
HSR	UMLS:C0205822	0
FMO3	UMLS:C0235032	0
TSEN54	UMLS:C1171363	0
CA2	UMLS:C1833340	0
CTPS1	UMLS:C1970021	0
KRT18	UMLS:C1384666	0
DFNB74	UMLS:C0268497	0
NEDD4L	UMLS:C0242362	0
SBSN	UMLS:C1622345	0
CHDS8	UMLS:C1836472	0
C1RL	UMLS:C0948775	0
IKZF2	UMLS:C3151185	0
CYP2A	UMLS:C0001768	0
STXBP1	UMLS:C1864623	0
SAMHD1	UMLS:C0271586	0
MIR657	UMLS:C0730304	0
SEN6	UMLS:C0152115	0
DPYSL3	UMLS:C3279748	0
EEF1G	UMLS:C0259810	0
EPB41	UMLS:C1446219	0
ITPRIP	UMLS:C0011195	0
SNORD50B	UMLS:C1866504	0
KRT34	UMLS:C0400990	0
MIR130A	UMLS:C0220685	0
XKR6	UMLS:C0345963	0
USP40	UMLS:C0156312	0
ITPRIPL2	UMLS:C1851481	0
CSRNP1	UMLS:C0281899	0
EDARADD	UMLS:C0152451	0
SUB1	UMLS:C2678471	0
ZMAT3	UMLS:C0948242	0
ALDH1L2	UMLS:C1833118	0
ENOX2	UMLS:C0175701	0
TJP3	UMLS:C1370740	0
MIR32	UMLS:C0346185	0
CRADD	UMLS:C0271990	0
ITPR2	UMLS:C0233397	0
PROKR2	UMLS:C0428908	0
NHP2	UMLS:C0398739	0
NOXA1	UMLS:C0035012	0
CORO1A	UMLS:C1854158	0
VDI	UMLS:C0006897	0
SP3P	UMLS:C1720956	0
CPEB1	UMLS:C1856058	0
FGF21	UMLS:C3152055	0
GLC1D	UMLS:C0026987	0
ATP6V1B2	UMLS:C0279609	0
TBKBP1	UMLS:C2936476	0
OLFM4	UMLS:C1656427	0
KRT4	UMLS:C1333652	0
OFC4	UMLS:C1512326	0
KRTAP5-9	UMLS:C3151462	0
ALKBH2	UMLS:C1856113	0
STAC3	UMLS:C1619700	0
SLC2A4	UMLS:C0023290	0
SLI2	UMLS:C0346182	0
EXT1	UMLS:C3266863	0
HTGH	UMLS:C2674259	0
AD6	UMLS:C0546837	0
TCEAL1	UMLS:C0862802	0
ZNF608	UMLS:C0220701	0
HSPA4	UMLS:C0346304	0
MLST8	UMLS:C0857112	0
SEPT2	UMLS:C1397523	0
GIT2	UMLS:C2359469	0
GKN1	UMLS:C0002171	0
SNORA1	UMLS:C1868675	0
TOPBP1	UMLS:C0270764	0
WNT7A	UMLS:C0262975	0
ULK4	UMLS:C1846545	0
RNF133	UMLS:C2931782	0
BTG2	UMLS:C0015414	0
WDTC1	UMLS:C0242387	0
TRAFD1	UMLS:C1854310	0
TMPRSS4	UMLS:C0267465	0
USP24	UMLS:C0869147	0
SNX25	UMLS:C0238113	0
MTHFS	UMLS:C0036916	0
AD15	UMLS:C0574785	0
MAPK10	UMLS:C1321884	0
TRIM5	UMLS:C0033027	0
PBOV1	UMLS:C0406549	0
NKX2-6	UMLS:C3160731	0
MYH13	UMLS:C0206063	0
ZNF750	UMLS:C1112776	0
PLIN2	UMLS:C2676742	0
PAG1	UMLS:C0024473	0
FRS3	UMLS:C1968602	0
VSIG1	UMLS:C0149841	0
PROCR	UMLS:C1867394	0
TMEM254	UMLS:C0021670	0
TNFSF10	UMLS:C0042781	0
CYTL1	UMLS:C1852282	0
DNAJA3	UMLS:C0206062	0
PALD1	UMLS:C0341305	0
BNC1	UMLS:C1865070	0
YIPF5	UMLS:C0849925	0
OR2J3	UMLS:C0038362	0
UPF2	UMLS:C0333419	0
RHOV	UMLS:C1847604	0
RNU105B	UMLS:C0936282	0
NPY	UMLS:C0206661	0
RPL21P99	UMLS:C0497391	0
MIXL1	UMLS:C0018781	0
HMGN1	UMLS:C0240327	0
SHFLD2	UMLS:C3495559	0
TOPORS	UMLS:C1857663	0
NUPR1	UMLS:C1368019	0
ILDR1	UMLS:C0008352	0
PCDH12	UMLS:C1519678	0
MOB3B	UMLS:C2931480	0
IL21R	UMLS:C0080024	0
ATP2B4	UMLS:C3159322	0
MS4A1	UMLS:C0271183	0
SEPW1	UMLS:C0152964	0
VPS33A	UMLS:C0020620	0
AKT2	UMLS:C0342276	0
CRNKL1	UMLS:C0267918	0
BTN2A1	UMLS:C1519702	0
TARBP1	UMLS:C0041364	0
MROH8	UMLS:C0345326	0
RPL24P5	UMLS:C2957106	0
ZBTB2	UMLS:C1956257	0
HIST1H2AI	UMLS:C0740830	0
NARFL	UMLS:C0349788	0
STAMBPL1	UMLS:C0278846	0
VEGFA	UMLS:C2676465	0
GLIS3	UMLS:C2675186	0
SERPING1	UMLS:C2939419	0
OPA6	UMLS:C0221760	0
HTR2A	UMLS:C0034935	0
SLCO3A1	UMLS:C2930983	0
PLA2G2A	UMLS:C0424139	0
CCND3	UMLS:C0011168	0
LAMP1	UMLS:C0086649	0
SIK3	UMLS:C0206067	0
MYP8	UMLS:C0342789	0
PIF1	UMLS:C2748895	0
INPP5K	UMLS:C0005403	0
PTGES3	UMLS:C0152081	0
CASP1	UMLS:C1827301	0
OTSC2	UMLS:C0022336	0
SNAI2	UMLS:C0221760	0
MGR1	UMLS:C2004493	0
EPN1	UMLS:C1167664	0
QRFP	UMLS:C0265534	0
CDCA2	UMLS:C0029261	0
EVC	UMLS:C0751214	0
CXCL12	UMLS:C0025237	0
CHN2	UMLS:C1367536	0
FAM196B	UMLS:C1868001	0
ATXN10	UMLS:C0029134	0
C5orf20	UMLS:C1511104	0
MYP1	UMLS:C0016514	0
C19orf18	UMLS:C1851480	0
C1orf106	UMLS:C2921118	0
BAG4	UMLS:C1275859	0
RNF103	UMLS:C1853959	0
APOB	UMLS:C0342549	0
ELF5	UMLS:C0752244	0
OR3A1	UMLS:C0030319	0
SULT1C2	UMLS:C1849115	0
DLX3	UMLS:C0023795	0
TRBV6-3	UMLS:C0035528	0
NEDD8	UMLS:C0206754	0
ACER2	UMLS:C0349533	0
ANKRD36B	UMLS:C1848634	0
COX7A2	UMLS:C0238461	0
NME5	UMLS:C0746105	0
MSH2	UMLS:C1834304	0
OTUB1	UMLS:C1832431	0
IGKV2D-29	UMLS:C1833691	0
CXorf40A	UMLS:C1855900	0
NPIPA1	UMLS:C0015405	0
CRNN	UMLS:C1839454	0
HSD17B8	UMLS:C2750459	0
CFTDX	UMLS:C0814152	0
TOX4	UMLS:C0149801	0
LAMA3	UMLS:C2239290	0
TNFRSF6B	UMLS:C0266551	0
SCAPER	UMLS:C2676770	0
EMR2	UMLS:C0795806	0
ZDHHC14	UMLS:C2349757	0
PHKG2	UMLS:C0341335	0
MIR9-2	UMLS:C3280265	0
LINS	UMLS:C0265673	0
ESCO1	UMLS:C0175778	0
MIR223	UMLS:C0018775	0
FAIM	UMLS:C0812437	0
MIR27A	UMLS:C1298681	0
FUBP1	UMLS:C0085280	0
BFAR	UMLS:C0272183	0
KRT34	UMLS:C0595995	0
SRRM4	UMLS:C1456276	0
CEP72	UMLS:C1832475	0
PCDHB1	UMLS:C0580181	0
PSMA1	UMLS:C0008732	0
RNASE12	UMLS:C0751229	0
MRPS30	UMLS:C0432330	0
SRP19	UMLS:C0027819	0
IGKV3D-15	UMLS:C0279602	0
MXD3	UMLS:C0860207	0
MCHR2	UMLS:C0020639	0
ACRPS	UMLS:C1861197	0
ADAT3	UMLS:C0238198	0
CTSF	UMLS:C0175754	0
SRPK1	UMLS:C0524611	0
ATE1	UMLS:C1838254	0
TAF1B	UMLS:C0265290	0
ABHD12	UMLS:C0022638	0
PDZD2	UMLS:C1402294	0
HOXB1	UMLS:C1837805	0
ASS1	UMLS:C1864852	0
SLC43A3	UMLS:C0035204	0
ARL13B	UMLS:C0032343	0
CDK13	UMLS:C0271454	0
CEBPG	UMLS:C0270823	0
ARHGAP11A	UMLS:C1846129	0
GPA33	UMLS:C0013393	0
UROD	UMLS:C1335302	0
CHMP4B	UMLS:C0018776	0
DDI2	UMLS:C1333296	0
COL25A1	UMLS:C1510885	0
GATA4	UMLS:C0001403	0
CLEC4E	UMLS:C1840451	0
GABRR2	UMLS:C1168328	0
ESAM	UMLS:C1260326	0
MED28	UMLS:C0027672	0
DSTN	UMLS:C0036982	0
ST8	UMLS:C1334753	0
FAM50B	UMLS:C1260922	0
TARS2	UMLS:C1333407	0
UXS1	UMLS:C0497299	0
ERBB4	UMLS:C1865361	0
H1F0	UMLS:C0231528	0
OTOS	UMLS:C3495586	0
LEPREL2	UMLS:C1836206	0
NAT9	UMLS:C0740302	0
SLC22A13	UMLS:C0234428	0
MMP14	UMLS:C0342646	0
SKI	UMLS:C1850993	0
FANCM	UMLS:C1721006	0
APOBEC3A_B	UMLS:C0272126	0
TTC17	UMLS:C3160731	0
SGSM1	UMLS:C0022661	0
ORM1	UMLS:C0342790	0
GAL	UMLS:C0149927	0
TBC1D3F	UMLS:C1842531	0
SLC22A4	UMLS:C3280616	0
AEBP1	UMLS:C0031887	0
CIAO1	UMLS:C1970009	0
DEFA7P	UMLS:C1837317	0
ITGA2	UMLS:C1837026	0
TBL2	UMLS:C0004106	0
PAX7	UMLS:C0023473	0
CTTNBP2	UMLS:C0276609	0
TNFRSF10C	UMLS:C0029882	0
TSPAN6	UMLS:C0578870	0
ALG13	UMLS:C0013405	0
GNAI1	UMLS:C1148551	0
DDX17	UMLS:C0034212	0
METTL18	UMLS:C1272766	0
CGB5	UMLS:C0085292	0
RHOB	UMLS:C0432255	0
CDC37	UMLS:C2751802	0
LIMCH1	UMLS:C1848392	0
MARK2	UMLS:C0030353	0
CD86	UMLS:C1274887	0
ITPA	UMLS:C0206630	0
FMOD	UMLS:C0271681	0
RPSAP44	UMLS:C0279661	0
PDC	UMLS:C0341851	0
SMU1	UMLS:C0085220	0
MUCL1	UMLS:C0156147	0
CHMP2A	UMLS:C0206633	0
MIR130B	UMLS:C1855304	0
ICAM3	UMLS:C0268357	0
SPATA16	UMLS:C0585539	0
ILF3	UMLS:C1843942	0
RPL10L	UMLS:C0011053	0
NPL	UMLS:C0600260	0
MAG	UMLS:C0272272	0
SOAT1	UMLS:C0587246	0
FGL2	UMLS:C3150898	0
FCGR3A	UMLS:C0699848	0
SAP30L	UMLS:C2697638	0
MYO9A	UMLS:C1851102	0
DNAJC14	UMLS:C1302401	0
CTF1	UMLS:C0234229	0
OR7A15P	UMLS:C0030849	0
DIAPH3	UMLS:C0271524	0
EPRS	UMLS:C0085404	0
RPL29P30	UMLS:C1834703	0
LOC100653061	UMLS:C0001546	0
AGSPX	UMLS:C1636152	0
FANK1	UMLS:C0020524	0
APITD1-CORT	UMLS:C0017575	0
NT5C	UMLS:C0410919	0
FKBP6	UMLS:C0238152	0
OR12D2	UMLS:C0086110	0
AURKC	UMLS:C0521723	0
PTF1A	UMLS:C1378703	0
PRCP	UMLS:C0542519	0
CMD1K	UMLS:C1969653	0
MEIS2	UMLS:C3463897	0
CA3	UMLS:C0271582	0
RPL12P33	UMLS:C0023240	0
FGF1	UMLS:C1839615	0
DLL3	UMLS:C0034072	0
KIAA1919	UMLS:C0013902	0
CELF4	UMLS:C0334518	0
TMEM261	UMLS:C0574002	0
OR14J1	UMLS:C0038833	0
BCC4	UMLS:C0685938	0
ST3GAL5	UMLS:C2718001	0
TNFRSF19	UMLS:C1368911	0
CLCN3	UMLS:C0302826	0
ZNF774	UMLS:C0857345	0
ACADS	UMLS:C1519702	0
DHX34	UMLS:C1970009	0
DBET	UMLS:C0221363	0
SPINT1	UMLS:C1861380	0
RAB1B	UMLS:C0275544	0
DGCR14	UMLS:C0035613	0
NUDC	UMLS:C0427305	0
MT1IP	UMLS:C0035333	0
ATXN1L	UMLS:C0029421	0
TNFRSF13C	UMLS:C0432072	0
AFAP1-AS1	UMLS:C0239737	0
DPT	UMLS:C1332852	0
ADCY2	UMLS:C0238790	0
COX10	UMLS:C1970416	0
ARL1	UMLS:C0239234	0
MIR216A	UMLS:C0024286	0
ARPC1A	UMLS:C2987120	0
MRXS12	UMLS:C0042900	0
DNAJB4	UMLS:C0026773	0
LRAT	UMLS:C3279990	0
FAM213A	UMLS:C2216702	0
SLC6A14	UMLS:C0033038	0
OGS2	UMLS:C1842136	0
LAMB3	UMLS:C1414017	0
SLC7A4	UMLS:C0206693	0
BFIS1	UMLS:C0751623	0
SOX2	UMLS:C1262202	0
KDELR1	UMLS:C1319853	0
GNAS-AS1	UMLS:C0234252	0
DUSP26	UMLS:C1864869	0
FAM169B	UMLS:C0025164	0
ATF6	UMLS:C2930985	0
RPS2	UMLS:C0334525	0
SLC23A1	UMLS:C0042485	0
SCAMP4	UMLS:C0014742	0
NANS	UMLS:C0521857	0
ETL2	UMLS:C0004368	0
SHC2	UMLS:C2931852	0
SCN2B	UMLS:C0341486	0
FAM19A4	UMLS:C0004936	0
CA5A	UMLS:C2675071	0
HCRT	UMLS:C0029877	0
PARD6B	UMLS:C1866629	0
GAS8	UMLS:C1866425	0
MICE	UMLS:C0264641	0
ZNF521	UMLS:C1855126	0
NAPSA	UMLS:C0339278	0
RLN3	UMLS:C0345992	0
PRPF40A	UMLS:C0686625	0
ITGAL	UMLS:C0333240	0
SMC3	UMLS:C0341335	0
AUTS1	UMLS:C2677787	0
MMVP3	UMLS:C0154681	0
ACKR2	UMLS:C0263666	0
XPNPEP1	UMLS:C0206368	0
B4GALT2	UMLS:C0338483	0
GOLGA2	UMLS:C0751007	0
POLDIP2	UMLS:C0559758	0
TRNL2	UMLS:C0405578	0
EYA3	UMLS:C1832099	0
SMARCA2	UMLS:C0162819	0
RIMS3	UMLS:C0405469	0
IDDMX	UMLS:C2673536	0
PLEKHA1	UMLS:C0549463	0
SAT1	UMLS:C1853892	0
EHBP1	UMLS:C1839258	0
LGSN	UMLS:C0035022	0
OR51E1	UMLS:C0021359	0
CAMK2D	UMLS:C0598275	0
ARSF	UMLS:C1837616	0
TRBC2	UMLS:C0398764	0
BRF2	UMLS:C2931788	0
P2RY2	UMLS:C0342513	0
ALDH1A2	UMLS:C1135869	0
SUMO2P1	UMLS:C1853964	0
ERO1L	UMLS:C0152013	0
JAZF1	UMLS:C0015645	0
CACD	UMLS:C2062905	0
TEC	UMLS:C0221252	0
SFSWAP	UMLS:C0266609	0
QARS	UMLS:C3532239	0
AKT3	UMLS:C0396060	0
CHR	UMLS:C0152027	0
ANXA11	UMLS:C0332915	0
PDLIM7	UMLS:C0029124	0
GRIP2	UMLS:C1843815	0
OR52M1	UMLS:C0024110	0
CDH8	UMLS:C0406775	0
SKOR2	UMLS:C0278952	0
ARHGAP30	UMLS:C0241423	0
USP21	UMLS:C0268146	0
CHMP5	UMLS:C1291609	0
MRGPRX3	UMLS:C0036400	0
ANXA2	UMLS:C0016167	0
SCUBE1	UMLS:C1112705	0
STAG3	UMLS:C2751681	0
SOST	UMLS:C0431111	0
MAS1L	UMLS:C3150900	0
NGB	UMLS:C3151218	0
DPP10	UMLS:C1112274	0
POLR2H	UMLS:C0919746	0
RPL31P55	UMLS:C3280392	0
MYP3	UMLS:C1864960	0
LSM1	UMLS:C1863094	0
GPR37	UMLS:C1096249	0
OR7A15P	UMLS:C0023241	0
ZNF132	UMLS:C1718184	0
CD14	UMLS:C0006009	0
VIPR2	UMLS:C1301721	0
MRPL10	UMLS:C0085692	0
ANAPC7	UMLS:C1837518	0
BLOC1S3	UMLS:C0553669	0
SUV39H1	UMLS:C0234906	0
RPL5P19	UMLS:C2748504	0
NTS	UMLS:C0265374	0
RNGTT	UMLS:C0752352	0
EVA1A	UMLS:C0410919	0
TGM1	UMLS:C0399452	0
SOBP	UMLS:C0151445	0
RBM3	UMLS:C1833373	0
SNORD50A	UMLS:C3151464	0
FAM92B	UMLS:C1863728	0
NRG3	UMLS:C0268130	0
MIR150	UMLS:C1846534	0
PDLIM3	UMLS:C0403428	0
MAGOH	UMLS:C1291390	0
AWAT1	UMLS:C0311245	0
RALGAPA2	UMLS:C0027547	0
APOL4	UMLS:C1853136	0
BET1L	UMLS:C0339467	0
LYST	UMLS:C2718305	0
SORCS2	UMLS:C0600066	0
LOC728477	UMLS:C0700359	0
ARHGAP26	UMLS:C1864827	0
APOBR	UMLS:C0023484	0
THRB	UMLS:C1863051	0
MTHFD2L	UMLS:C0339537	0
BFIC2	UMLS:C1857813	0
CARHSP1	UMLS:C2678223	0
PIK3R4	UMLS:C1641846	0
TYSND1	UMLS:C2751825	0
THAP3	UMLS:C0270458	0
VPS37C	UMLS:C0162557	0
CTR9	UMLS:C0279709	0
MCM5	UMLS:C0854983	0
WDR86	UMLS:C1858726	0
SLC25A1	UMLS:C1851920	0
SSBP2	UMLS:C0852949	0
PPP1R13B	UMLS:C0080024	0
CRYBA2	UMLS:C0554400	0
PAQR7	UMLS:C0744301	0
HNRNPR	UMLS:C0040954	0
HLA-DRB2	UMLS:C0553723	0
UNC5D	UMLS:C1263739	0
TEK	UMLS:C2678046	0
PET112	UMLS:C1846164	0
ZNF821	UMLS:C1847800	0
PKD1L2	UMLS:C0035585	0
P2RY4	UMLS:C1450010	0
KCNC3	UMLS:C2749936	0
MRPS7	UMLS:C0235991	0
MACROD1	UMLS:C0006625	0
PAGE4	UMLS:C0277558	0
CPT1C	UMLS:C0024131	0
SPATA41	UMLS:C2741638	0
IFIT1	UMLS:C0004134	0
HPBP	UMLS:C1844501	0
NELL1	UMLS:C0085084	0
NDUFS5	UMLS:C0162853	0
HAX1	UMLS:C0949804	0
KBTBD11	UMLS:C0042842	0
MLX	UMLS:C1845667	0
STAP1	UMLS:C0042344	0
CKLF	UMLS:C0030552	0
HSPB11	UMLS:C0406587	0
HRH3	UMLS:C1268606	0
ST8SIA1	UMLS:C1847416	0
PA2G4P2	UMLS:C1836797	0
CFHR5	UMLS:C2932678	0
PCGF2	UMLS:C0026633	0
STAG3	UMLS:C0162351	0
FNBP1	UMLS:C0030489	0
ADAM22	UMLS:C2959918	0
CCNG1	UMLS:C1836336	0
EXOC7	UMLS:C0000786	0
HEBP1	UMLS:C0432272	0
DNAH2	UMLS:C1847352	0
NDUFS8	UMLS:C0002020	0
NMNAT1	UMLS:C0241876	0
WWOX	UMLS:C0393584	0
PGC	UMLS:C0086525	0
RNASET2	UMLS:C1837342	0
HDGF	UMLS:C0039621	0
OAS3	UMLS:C0007104	0
GPER1	UMLS:C0268342	0
RBAK	UMLS:C0814152	0
BNC2	UMLS:C0271708	0
PSHK2	UMLS:C0023449	0
ARHGEF7	UMLS:C0018939	0
ALS3	UMLS:C0078917	0
HMGCL	UMLS:C0409979	0
AIS3	UMLS:C0079588	0
BLVRA	UMLS:C0041326	0
RAD17	UMLS:C0263338	0
FZR1	UMLS:C3151227	0
VPS13A	UMLS:C1841972	0
NLRP5	UMLS:C2697452	0
RPL7A	UMLS:C1836929	0
AK4	UMLS:C0586407	0
MED12	UMLS:C0030662	0
RPS15P8	UMLS:C0024904	0
CHST8	UMLS:C0039446	0
DCHS2	UMLS:C0034063	0
CD300C	UMLS:C0206701	0
NINJ1	UMLS:C2349979	0
DEL2P21	UMLS:C1858378	0
WDR36	UMLS:C0268138	0
GALNT2	UMLS:C0268446	0
RARB	UMLS:C0348898	0
GGH	UMLS:C0473583	0
WNT11	UMLS:C1320453	0
EPS8	UMLS:C0349620	0
MYP14	UMLS:C0270327	0
VENTXP2	UMLS:C1843808	0
ONECUT3	UMLS:C0271803	0
RRS1	UMLS:C0015674	0
MIR133B	UMLS:C1847627	0
KLHL40	UMLS:C0206671	0
C20orf57	UMLS:C1842136	0
AD14	UMLS:C1332078	0
PBRM1	UMLS:C1858674	0
LOC100128356	UMLS:C0751779	0
NPCA2	UMLS:C2713497	0
KIAA0247	UMLS:C0349535	0
SPATA25	UMLS:C1368041	0
RASGRP3	UMLS:C1970028	0
AMACR	UMLS:C0432235	0
ABCB1	UMLS:C2936403	0
GYS2	UMLS:C0302359	0
OMA1	UMLS:C2677106	0
CRLF1	UMLS:C0796160	0
F11	UMLS:C0011630	0
CNSN	UMLS:C0796279	0
SWAP70	UMLS:C1832215	0
SPRR1A	UMLS:C0043459	0
DYX6	UMLS:C1318973	0
PPP1R14A	UMLS:C1970197	0
SEMG1	UMLS:C0741933	0
SH2D4A	UMLS:C0025237	0
CHPT1	UMLS:C0393626	0
MLLT3	UMLS:C1455705	0
EVC	UMLS:C0013473	0
FAM187A	UMLS:C0020951	0
RAD1	UMLS:C0024588	0
MPDZ	UMLS:C0018939	0
SRXN1	UMLS:C1857844	0
MICB	UMLS:C0269209	0
IDDM6	UMLS:C0856975	0
SESN1	UMLS:C0014457	0
TBC1D24	UMLS:C0006846	0
IL21	UMLS:C0031142	0
MND1	UMLS:C0236736	0
VLDLR	UMLS:C1864068	0
CYP3A4	UMLS:C1719495	0
RLS6	UMLS:C0392106	0
MGR3	UMLS:C0694533	0
PDCD1	UMLS:C0022806	0
PA2G4P2	UMLS:C1262481	0
TRNW	UMLS:C2931039	0
ERCC4	UMLS:C2930902	0
SELENBP1	UMLS:C0600327	0
PTPRO	UMLS:C0235950	0
MTCH2	UMLS:C1263988	0
TNIP3	UMLS:C3164780	0
MTA1	UMLS:C0025281	0
IMP3	UMLS:C2748895	0
NFKBIB	UMLS:C1832175	0
TMEM127	UMLS:C1835897	0
UNC13C	UMLS:C1853139	0
ABI2	UMLS:C0024228	0
BABAM1	UMLS:C0019337	0
TRIM55	UMLS:C0343461	0
FMNL1	UMLS:C2697636	0
ITPR2	UMLS:C0859974	0
NPM1P7	UMLS:C1335168	0
HPBP	UMLS:C0023464	0
MAFD1	UMLS:C1833319	0
ACTR10	UMLS:C0085624	0
BUB1B	UMLS:C0235812	0
DMRT3	UMLS:C0162359	0
ANXA7	UMLS:C0752120	0
MYP8	UMLS:C0546952	0
LINC01194	UMLS:C0349644	0
RPL21P67	UMLS:C1843264	0
R3HDM1	UMLS:C0043325	0
TRNAI1	UMLS:C1857688	0
OSBPL7	UMLS:C0268800	0
PARK16	UMLS:C0278861	0
P2RX5	UMLS:C0002895	0
SKI	UMLS:C0268344	0
IGJ	UMLS:C0276651	0
USP53	UMLS:C0085624	0
NUBP1	UMLS:C0033324	0
C20orf196	UMLS:C0231749	0
DDU	UMLS:C2711110	0
HPS3	UMLS:C2004493	0
CYP3A	UMLS:C2937421	0
RPL34P11	UMLS:C1970291	0
PLAC1	UMLS:C1848200	0
MIR338	UMLS:C0005806	0
PIK3CB	UMLS:C1864887	0
IGLC5	UMLS:C0220988	0
TRBC1	UMLS:C0917805	0
TRAPPC2	UMLS:C1862103	0
C7orf72	UMLS:C0349476	0
HBQ1	UMLS:C0149880	0
XRCC5	UMLS:C0149722	0
RGS11	UMLS:C1970827	0
MYP7	UMLS:C0036130	0
TMPRSS11A	UMLS:C1303010	0
MGAT1	UMLS:C1850671	0
TRIM56	UMLS:C0027626	0
TBX21	UMLS:C0023886	0
COL4A1	UMLS:C1858695	0
TBC1D1	UMLS:C1533217	0
HCCS	UMLS:C0340543	0
RPL11P3	UMLS:C0018206	0
ZBTB4	UMLS:C0030804	0
RPLP0	UMLS:C0262404	0
ICCA	UMLS:C1859309	0
TRNAQ53P	UMLS:C1868617	0
XRCC1	UMLS:C1456781	0
OPTC	UMLS:C0432333	0
PHACTR2	UMLS:C0949331	0
KIF1B	UMLS:C0340566	0
TDPX2	UMLS:C0023486	0
PLIN5	UMLS:C1264610	0
WRB	UMLS:C0011876	0
FRA2H	UMLS:C0270912	0
COMMD10	UMLS:C0010495	0
LRRC8A	UMLS:C0268537	0
GTPBP3	UMLS:C1533172	0
FUS	UMLS:C0205696	0
RRM2B	UMLS:C3280799	0
MAGEB2	UMLS:C0270951	0
ACACB	UMLS:C0012569	0
TBX22	UMLS:C1566590	0
SMARCC1	UMLS:C0279735	0
MIR148B	UMLS:C1866558	0
CNOT7	UMLS:C0263505	0
COP	UMLS:C0010418	0
MEX3C	UMLS:C0019270	0
PROZ	UMLS:C0206669	0
PTRF	UMLS:C1839333	0
TMTC3	UMLS:C0278878	0
TRNAK39P	UMLS:C0013473	0
CEP95	UMLS:C0155876	0
TPM3	UMLS:C0017570	0
PNPO	UMLS:C0235797	0
GNG8	UMLS:C1704417	0
CCDC65	UMLS:C0752352	0
TALDO1	UMLS:C0079294	0
C10orf11	UMLS:C2609247	0
WRAP53	UMLS:C1511934	0
PLK1	UMLS:C1336012	0
MOV10	UMLS:C0280746	0
MRAS	UMLS:C0334428	0
PPP2R3B	UMLS:C0599973	0
HOXB5	UMLS:C0342850	0
APOBEC2	UMLS:C0265345	0
NUDC	UMLS:C1868596	0
RASL10A	UMLS:C1959859	0
MGAT5	UMLS:C0272247	0
CCAT1	UMLS:C0563632	0
TMEM199	UMLS:C3266628	0
LRRC20	UMLS:C0342345	0
ZNF331	UMLS:C0008489	0
RBBP4	UMLS:C0004138	0
BDKRB1	UMLS:C0424790	0
PLXND1	UMLS:C1304224	0
STK11	UMLS:C0393525	0
TAF5L	UMLS:C0265303	0
ADAMTS6	UMLS:C1319296	0
C6orf100	UMLS:C2675183	0
NAPSB	UMLS:C3150988	0
HIF1A	UMLS:C1863769	0
MIR33A	UMLS:C0221011	0
AQP2	UMLS:C0020479	0
DIP	UMLS:C0338113	0
MEGF8	UMLS:C0730607	0
COL17A1	UMLS:C0038441	0
AARS	UMLS:C0553662	0
IGKV3D-20	UMLS:C0234022	0
SLC17A1	UMLS:C0282577	0
SCPEP1	UMLS:C2748552	0
RNF133	UMLS:C0086650	0
MTMR2	UMLS:C0745744	0
CLIC1	UMLS:C0272027	0
LEKR1	UMLS:C3495417	0
RA21	UMLS:C0795864	0
GLIPR1	UMLS:C0239179	0
IRAK4	UMLS:C0277554	0
TSPY4	UMLS:C0023264	0
GLYATL3	UMLS:C0041696	0
EA3	UMLS:C1835967	0
LACTB	UMLS:C2751643	0
UGT1A5	UMLS:C0266292	0
MCM9	UMLS:C0001916	0
OTUD3	UMLS:C1399354	0
CD86	UMLS:C0019151	0
GDF10	UMLS:C0268559	0
GCKR	UMLS:C1838263	0
SNORD13P3	UMLS:C3160718	0
PDE6G	UMLS:C1456863	0
CASP3	UMLS:C1419156	0
CRAC1	UMLS:C0751837	0
CIR1	UMLS:C1423873	0
GLUL	UMLS:C0268407	0
SPATA3	UMLS:C0338908	0
C1orf94	UMLS:C0023472	0
TRIM63	UMLS:C0011334	0
PIWIL2	UMLS:C1857299	0
KRT89P	UMLS:C2678037	0
DUSP11	UMLS:C2936423	0
HSFX1	UMLS:C0751753	0
IPW	UMLS:C3489398	0
PLXNB3	UMLS:C1837148	0
ALDH1L1	UMLS:C0272240	0
TEX41	UMLS:C2751297	0
EPC1	UMLS:C0699890	0
SLURP1	UMLS:C1852502	0
CALN1	UMLS:C0265740	0
CMD1K	UMLS:C3273251	0
CYP2C9	UMLS:C0342289	0
TULP4	UMLS:C0685053	0
DFNA31	UMLS:C0267244	0
TMEM30A	UMLS:C0221224	0
ANBC	UMLS:C2751318	0
TAOK2	UMLS:C0001723	0
GJC2	UMLS:C0038013	0
SRP19	UMLS:C0043346	0
MAGEA5	UMLS:C0238705	0
SNX12	UMLS:C2931469	0
GRIA1	UMLS:C1709447	0
NARFL	UMLS:C0020255	0
RLFP1	UMLS:C0458219	0
FRAT1	UMLS:C1838348	0
MMVP3	UMLS:C1969062	0
PGGT1B	UMLS:C0456702	0
CCL2	UMLS:C1839079	0
MIR150	UMLS:C0021308	0
NEXN	UMLS:C0268743	0
HLA-DOB	UMLS:C0268463	0
TMEM8B	UMLS:C1879897	0
CETP	UMLS:C0035066	0
MLVI4	UMLS:C2751842	0
KHDRBS2	UMLS:C0021053	0
GCAT	UMLS:C0549289	0
TBC1D31	UMLS:C3489398	0
ANPEP	UMLS:C0032002	0
CD209	UMLS:C1518171	0
SLC6A7	UMLS:C0340834	0
SAE1	UMLS:C0015338	0
FAM72B	UMLS:C0151559	0
CEL	UMLS:C0796095	0
RLF	UMLS:C1866091	0
B3GNT6	UMLS:C0947622	0
LZTFL1	UMLS:C0741933	0
DOCK5	UMLS:C0029438	0
USP16	UMLS:C0456107	0
CACNB2	UMLS:C1142253	0
HHAT	UMLS:C1865926	0
IFT57	UMLS:C1275303	0
KCNQ3	UMLS:C0039292	0
CRAMP1L	UMLS:C0175691	0
SPG11	UMLS:C0432123	0
RANBP2	UMLS:C2674876	0
RRNAD1	UMLS:C0334424	0
FLJ44477	UMLS:C0159020	0
DDX25	UMLS:C1970198	0
CCND1	UMLS:C0020225	0
PDRG1	UMLS:C0334102	0
IBD15	UMLS:C0151317	0
BRI3	UMLS:C0339541	0
FAM163A	UMLS:C1969811	0
RPS28P1	UMLS:C3277701	0
CXCR1	UMLS:C0000744	0
KIAA1683	UMLS:C0015414	0
TRDD3	UMLS:C2675228	0
SLC26A6	UMLS:C0162770	0
PYY	UMLS:C0221248	0
ITPKB	UMLS:C3150732	0
RAF1P1	UMLS:C0432360	0
ZNF429	UMLS:C1858424	0
TADA2B	UMLS:C0473218	0
MAFD8	UMLS:C1861385	0
EIG5	UMLS:C2985306	0
LRR1	UMLS:C0238261	0
HBD	UMLS:C2931872	0
CDCA3	UMLS:C0027339	0
NDC1	UMLS:C0015645	0
AGER	UMLS:C2613439	0
PRSS55	UMLS:C1861825	0
S100Z	UMLS:C0242362	0
ASB5	UMLS:C3275898	0
YWHAZP5	UMLS:C0262988	0
SLC50A1	UMLS:C2608045	0
ACTBL2	UMLS:C0014336	0
SAP30BP	UMLS:C0751409	0
TMEM237	UMLS:C1261128	0
CNTN6	UMLS:C1848954	0
CRYBB2	UMLS:C0033839	0
AZIN1	UMLS:C0022603	0
SUPT4H1	UMLS:C0012922	0
ANXA8L1	UMLS:C0235082	0
NMBR	UMLS:C0340274	0
MYO5C	UMLS:C0017327	0
SKAP2	UMLS:C0027019	0
VSIG2	UMLS:C0085090	0
NPAS2	UMLS:C0007118	0
FCRL4	UMLS:C0334633	0
CCNL2	UMLS:C0149925	0
KLHL14	UMLS:C0751038	0
ARHGAP27	UMLS:C3150653	0
HSP90AB1	UMLS:C0025193	0
CXCL13	UMLS:C1565249	0
OR4C46	UMLS:C1848144	0
ST13P11	UMLS:C0158465	0
PAFAH1B3	UMLS:C0730304	0
PPA2	UMLS:C0206721	0
SHISA6	UMLS:C1854573	0
F8A2	UMLS:C1384666	0
GRHL1	UMLS:C0042847	0
MIR652	UMLS:C1847839	0
TTC39A	UMLS:C0266361	0
AP1M2	UMLS:C0024689	0
OTSC7	UMLS:C0349081	0
SNX10	UMLS:C0266360	0
NCAPG	UMLS:C0271385	0
RNGTT	UMLS:C2674665	0
SLC39A9	UMLS:C3472623	0
TPRN	UMLS:C0009421	0
ZNF260	UMLS:C0410530	0
DNA2	UMLS:C0282201	0
OFC12	UMLS:C1963943	0
KCTD20	UMLS:C0346429	0
DYDC2	UMLS:C1455705	0
MTRNR2L10	UMLS:C0265970	0
HIST1H2BJ	UMLS:C3179455	0
KCNQ2	UMLS:C0268463	0
MAN2A1	UMLS:C0585540	0
SOX18	UMLS:C0152517	0
HLA-DMA	UMLS:C0206081	0
MARC2	UMLS:C0221287	0
KRT20	UMLS:C2677093	0
GGNBP2	UMLS:C3277671	0
LRRC59	UMLS:C2674321	0
HOXA3	UMLS:C0036280	0
CDK5RAP3	UMLS:C2931004	0
SENP8	UMLS:C0232488	0
CLEC2A	UMLS:C0264413	0
RIPK3	UMLS:C0015411	0
ATXN7	UMLS:C0343387	0
N4BP1	UMLS:C0265961	0
HTR1B	UMLS:C1866558	0
CASP3	UMLS:C0751711	0
POMT1	UMLS:C0410538	0
NXT1	UMLS:C1096155	0
SPG20	UMLS:C0243010	0
BUB1B	UMLS:C0265280	0
VWA8	UMLS:C1835852	0
APPL2	UMLS:C0521857	0
DNASE1L2	UMLS:C3276706	0
SEC61A1	UMLS:C0393547	0
CDK5R1	UMLS:C1845408	0
ST3	UMLS:C0154823	0
SDR9C7	UMLS:C1260326	0
P2RX3	UMLS:C1266147	0
CENPV	UMLS:C0917804	0
OR10T2	UMLS:C0271986	0
GLT6D1	UMLS:C0037176	0
SRP9	UMLS:C0741032	0
MFSD6	UMLS:C1171335	0
MPHOSPH6	UMLS:C0018987	0
IGKV@	UMLS:C1842247	0
STOML1	UMLS:C0149955	0
TTC7A	UMLS:C3151460	0
GJE1	UMLS:C1306726	0
PIWIL3	UMLS:C0038271	0
IFITM4P	UMLS:C0008497	0
DSG1	UMLS:C0027656	0
TAX1BP3	UMLS:C1833021	0
FAM174A	UMLS:C0015958	0
RPL12P24	UMLS:C0432289	0
ZNF391	UMLS:C0022680	0
AKAP13	UMLS:C0026987	0
MOV10	UMLS:C1428921	0
PPARG	UMLS:C1857775	0
CCAR2	UMLS:C3151192	0
RNF170	UMLS:C2936847	0
INTS4	UMLS:C0155616	0
C1QTNF3	UMLS:C2931441	0
CEP68	UMLS:C1852222	0
GSTA4	UMLS:C1458140	0
MAGEC1	UMLS:C0019243	0
CNC2	UMLS:C0872054	0
PXDN	UMLS:C0235956	0
CYP4B1	UMLS:C0394005	0
IBD27	UMLS:C0205721	0
NRBP2	UMLS:C0345964	0
FGR	UMLS:C0265226	0
JADE1	UMLS:C0001418	0
RBPJL	UMLS:C0036572	0
LYVE1	UMLS:C0263472	0
MAGEB2	UMLS:C1858593	0
HMGCR	UMLS:C1856399	0
TFEB	UMLS:C1449861	0
LAMA1	UMLS:C0742472	0
MPHOSPH6	UMLS:C0751362	0
TGOLN2	UMLS:C1264041	0
EDAR	UMLS:C1858916	0
MICAL3	UMLS:C1275091	0
PRPF6	UMLS:C1836155	0
CD33	UMLS:C2750450	0
LNPEP	UMLS:C1849094	0
KLF5	UMLS:C0014179	0
PAND3	UMLS:C0522070	0
FAM134B	UMLS:C0029396	0
KIAA0391	UMLS:C2678194	0
SLC4A11	UMLS:C1112261	0
TOR1AIP1	UMLS:C0340486	0
HIST1H2AG	UMLS:C0279549	0
VIM	UMLS:C1336905	0
HMGB3	UMLS:C0033038	0
ADAM20	UMLS:C0751416	0
PLGLB2	UMLS:C0024117	0
BTBD3	UMLS:C0039103	0
SRGN	UMLS:C1266047	0
LOC100653061	UMLS:C0085631	0
MBOAT1	UMLS:C2676732	0
SNORD112	UMLS:C0268486	0
C8orf86	UMLS:C0025521	0
FSBP	UMLS:C0022408	0
FOXJ1	UMLS:C0276275	0
GPA33	UMLS:C0025294	0
PIWIL1	UMLS:C0520909	0
EIG5	UMLS:C1863239	0
KCNA1	UMLS:C0158118	0
NFAT5	UMLS:C1843504	0
RNASE9	UMLS:C0456144	0
WDR70	UMLS:C0263385	0
STUB1	UMLS:C1332244	0
PSORS2	UMLS:C1959620	0
JRKL	UMLS:C1282241	0
MOB1B	UMLS:C3495928	0
ATP1A1OS	UMLS:C0677932	0
TTN	UMLS:C0342474	0
SPSB1	UMLS:C0027401	0
KRTAP1-1	UMLS:C1096116	0
GABPB1	UMLS:C0002726	0
TTBK2	UMLS:C2945698	0
DMD	UMLS:C0432185	0
HSPA13	UMLS:C0162872	0
PCDH7	UMLS:C0236818	0
GGTLC4P	UMLS:C1861537	0
ANKS6	UMLS:C0270853	0
HOXC6	UMLS:C1853490	0
RECQL5	UMLS:C0271528	0
ICAM2	UMLS:C3494358	0
E2F3	UMLS:C3151519	0
HCC	UMLS:C1290514	0
UFD1L	UMLS:C0403396	0
OR6N1	UMLS:C0020457	0
GBP1	UMLS:C0022353	0
FAM72A	UMLS:C0040479	0
ZNF513	UMLS:C0011854	0
THEM4	UMLS:C0677984	0
TRIM24	UMLS:C0559483	0
ADORA3	UMLS:C0341439	0
SOX11	UMLS:C3502075	0
NME7	UMLS:C1845517	0
IMPDH1P7	UMLS:C0349632	0
RCBTB1	UMLS:C0544855	0
NRDE2	UMLS:C0030807	0
API5	UMLS:C0339578	0
PHACTR4	UMLS:C0702135	0
DFNB17	UMLS:C2955673	0
DUSP14	UMLS:C1848552	0
RPL32P28	UMLS:C0205204	0
SH3BP1	UMLS:C0751711	0
SERPIND1	UMLS:C1300127	0
RNU105B	UMLS:C0546127	0
RAB20	UMLS:C0018681	0
SUGCT	UMLS:C0242338	0
NUP214	UMLS:C0003756	0
SLC2A8	UMLS:C0036690	0
CDK4PS	UMLS:C1709286	0
ZNF831	UMLS:C1302772	0
CRYGB	UMLS:C0857345	0
MEIS1	UMLS:C1145670	0
LHFPL5	UMLS:C0011854	0
IGHD4-11	UMLS:C2242996	0
HMGA1	UMLS:C1866552	0
IGFBP2	UMLS:C0302358	0
CABP4	UMLS:C0302360	0
C10orf54	UMLS:C2931005	0
SNAP25	UMLS:C1970149	0
C1QL1	UMLS:C0034902	0
ITGA5	UMLS:C0271215	0
STOML2	UMLS:C1832475	0
C1orf116	UMLS:C0206630	0
HAND1	UMLS:C1846896	0
GALNT3	UMLS:C3151402	0
MAP3K1	UMLS:C0334518	0
MFSD8	UMLS:C0276496	0
ZDHHC9	UMLS:C1847627	0
IL1R1	UMLS:C1836672	0
ZBTB8OS	UMLS:C0020440	0
C8orf44-SGK3	UMLS:C1303010	0
ARHGEF9	UMLS:C0221248	0
ALB	UMLS:C1863634	0
SLC2A11	UMLS:C1859877	0
SUCLA2	UMLS:C1512326	0
SLITRK6	UMLS:C2751316	0
NCAPG2	UMLS:C0475813	0
IKBKGP1	UMLS:C1136084	0
CMTM3	UMLS:C0263675	0
SESN2	UMLS:C3272809	0
RAB33B	UMLS:C3277076	0
UNC13C	UMLS:C0349667	0
DFNA41	UMLS:C0242852	0
PFDN1	UMLS:C2827432	0
MKL1	UMLS:C1636667	0
ELOVL4	UMLS:C2674218	0
RNU6ATAC	UMLS:C1318550	0
OR2H4P	UMLS:C0600104	0
PRKCQ	UMLS:C0158962	0
UBBP1	UMLS:C0024025	0
HS3ST6	UMLS:C0268371	0
NAF1	UMLS:C0015938	0
MTNR1B	UMLS:C0014145	0
SH3GLB2	UMLS:C0543697	0
GABRQ	UMLS:C0242770	0
KIAA0195	UMLS:C0021832	0
GRD2	UMLS:C0040156	0
VASH2	UMLS:C1861553	0
OSBPL8	UMLS:C1856789	0
STAP2	UMLS:C0014371	0
SARS	UMLS:C0278678	0
EXOSC10	UMLS:C1334228	0
DYM	UMLS:C1858916	0
MIB2	UMLS:C0559469	0
S100A2	UMLS:C0857345	0
CRYAB	UMLS:C0017083	0
LIPC	UMLS:C1866041	0
RSL1D1	UMLS:C3536663	0
ETFB	UMLS:C0375021	0
WNT11	UMLS:C0238790	0
IGHV4-39	UMLS:C1832187	0
RPL23AP48	UMLS:C0279672	0
CHUK	UMLS:C0220994	0
UFD1L	UMLS:C0235063	0
IGL	UMLS:C1853757	0
LOC100287160	UMLS:C0751362	0
GCFC2	UMLS:C0035126	0
KCTD12	UMLS:C1266184	0
SNX6	UMLS:C0085668	0
PHKA2	UMLS:C0043167	0
PITPNM3	UMLS:C1864994	0
SLC25A46	UMLS:C1096717	0
HPV18I2	UMLS:C0006261	0
NYS5	UMLS:C1328550	0
HAPLN3	UMLS:C3151431	0
CFH	UMLS:C0017525	0
LMCD1	UMLS:C0333209	0
MUC5B	UMLS:C0020437	0
HMMR	UMLS:C0457179	0
LIPH	UMLS:C1332442	0
RPL41	UMLS:C0018800	0
GJA9	UMLS:C1328550	0
IFITM2	UMLS:C2749982	0
CSH2	UMLS:C1511934	0
HBA2	UMLS:C0342195	0
NPM2	UMLS:C1845540	0
MS	UMLS:C1849437	0
FRMPD4	UMLS:C1836942	0
PDLIM5	UMLS:C3280443	0
SMR3B	UMLS:C3279990	0
COX6C	UMLS:C0026919	0
ADORA2A	UMLS:C0334486	0
STARD10	UMLS:C1848805	0
CDC42SE1	UMLS:C3249875	0
SAP30BP	UMLS:C0010308	0
RCN2	UMLS:C0752098	0
SPG46	UMLS:C0242383	0
LYPD8	UMLS:C0795949	0
TBX15	UMLS:C1269751	0
MAN1C1	UMLS:C0002792	0
EMX1	UMLS:C0432360	0
RNF144A	UMLS:C1709527	0
CDH18	UMLS:C0542514	0
PIGV	UMLS:C0340520	0
ALG8	UMLS:C0263454	0
ARHGDIA	UMLS:C0265255	0
SGCZ	UMLS:C0151650	0
PGF	UMLS:C1840451	0
TFR2	UMLS:C1970712	0
EMG1	UMLS:C0033922	0
RPS23	UMLS:C3150657	0
LRPPRC	UMLS:C1850386	0
NHEJ1	UMLS:C1707390	0
CEP97	UMLS:C0023470	0
ZNF679	UMLS:C0271592	0
COX7A2	UMLS:C0259779	0
CREG1	UMLS:C1332441	0
PCDH15	UMLS:C0265282	0
GTF2IRD2	UMLS:C0272003	0
TRPC3	UMLS:C0268271	0
ASXL2	UMLS:C1860518	0
CCDC28B	UMLS:C0750197	0
NUMB	UMLS:C0268237	0
N6AMT1	UMLS:C0035312	0
HADHA	UMLS:C0152415	0
SLC26A9	UMLS:C0521622	0
RBBP4	UMLS:C1970179	0
CD101	UMLS:C0342488	0
ISL1	UMLS:C2349195	0
SPINK8	UMLS:C0333133	0
SIGLEC8	UMLS:C1333064	0
GRM1	UMLS:C1288283	0
CDK8	UMLS:C0006309	0
ISG15	UMLS:C0410180	0
SCKL3	UMLS:C0268749	0
TSPO	UMLS:C1842870	0
GPLD1	UMLS:C0016663	0
TIMM8A	UMLS:C1135361	0
DNAH5	UMLS:C1291390	0
OPHN1	UMLS:C0393590	0
GNLY	UMLS:C0266609	0
HEATR2	UMLS:C0302129	0
NRK	UMLS:C1838979	0
NRK	UMLS:C0231367	0
LCE3E	UMLS:C0026351	0
TMEM66	UMLS:C0242006	0
EFNA1	UMLS:C0393639	0
MB21D1	UMLS:C0031154	0
HAGH	UMLS:C1290009	0
RPL34P11	UMLS:C0751791	0
MACROD2	UMLS:C0018418	0
TWF1	UMLS:C0155733	0
EMWX	UMLS:C0553730	0
NAGLU	UMLS:C3279793	0
SCASI	UMLS:C0521648	0
IL6R	UMLS:C3151107	0
ZFAS1	UMLS:C0687675	0
KRIT1	UMLS:C2825139	0
NPM1P19	UMLS:C0340420	0
SFTPD	UMLS:C1968804	0
TMEM120B	UMLS:C0242007	0
MRGBP	UMLS:C0751576	0
GTF2IP1	UMLS:C0403445	0
MST4	UMLS:C2750067	0
VPS53	UMLS:C1843463	0
NUBP1	UMLS:C1857821	0
BARX2	UMLS:C2931829	0
TGFBRAP1	UMLS:C1142274	0
BCRP2	UMLS:C0598589	0
CXCL1	UMLS:C1970431	0
TRPV4	UMLS:C0158995	0
WDR12	UMLS:C0432408	0
MIR503	UMLS:C0206651	0
PAFAH1B3	UMLS:C1852372	0
GSTA5	UMLS:C0263776	0
IGHV3-29	UMLS:C0153658	0
PRKCB	UMLS:C1320474	0
AGPAT1	UMLS:C0040156	0
MYH6	UMLS:C0858277	0
HIP1R	UMLS:C0033788	0
MYH9	UMLS:C1785148	0
SIRT7	UMLS:C1846170	0
RNU7-24P	UMLS:C0231557	0
FSHMD1B	UMLS:C2931237	0
LAMA3	UMLS:C3150659	0
CLEC4M	UMLS:C0334307	0
SMCP	UMLS:C2931276	0
ZNF253	UMLS:C1263733	0
LRRC7	UMLS:C0392549	0
CEPT1	UMLS:C1839564	0
PBC3	UMLS:C0242993	0
ATP5I	UMLS:C0029422	0
FAM20A	UMLS:C1837640	0
FSHR	UMLS:C0342790	0
RAE1	UMLS:C0750935	0
RLBP1	UMLS:C0458960	0
DPF1	UMLS:C0268247	0
SARM1	UMLS:C2931058	0
HOXD12	UMLS:C0920184	0
LPGAT1	UMLS:C0206525	0
SKP1	UMLS:C1846164	0
MLF1	UMLS:C0005744	0
C14orf105	UMLS:C0264683	0
FOXP2	UMLS:C1838867	0
MBD3	UMLS:C0002453	0
ETFDH	UMLS:C0546884	0
DNMT1	UMLS:C1838625	0
NRCLP2	UMLS:C0242855	0
MLIP	UMLS:C0022661	0
CDC14A	UMLS:C1737329	0
BPIFA1	UMLS:C1334953	0
GFRA3	UMLS:C1301034	0
CHD3	UMLS:C0020225	0
ERVK-4	UMLS:C0206700	0
ADRB1	UMLS:C0235744	0
CD70	UMLS:C0333293	0
NME1-NME2	UMLS:C0376358	0
SEC61G	UMLS:C0748035	0
GPR114	UMLS:C0405578	0
KRTAP5-9	UMLS:C0270726	0
RELB	UMLS:C0027538	0
LETMD1	UMLS:C0276434	0
RPL21P111	UMLS:C0233651	0
WAC	UMLS:C0747733	0
CTAA2	UMLS:C1533172	0
DNMT3B	UMLS:C3180937	0
ALOX15	UMLS:C0022548	0
NOL7	UMLS:C0519030	0
RPL3	UMLS:C1701940	0
KCTD20	UMLS:C0232982	0
POROK2	UMLS:C0344453	0
LMNB1	UMLS:C0023009	0
KDM4D	UMLS:C0020630	0
SP3	UMLS:C1336754	0
EPHB1	UMLS:C1565249	0
ALYREF	UMLS:C2930896	0
RBM5	UMLS:C0037052	0
TIMMDC1	UMLS:C1510460	0
ERBB2	UMLS:C1844696	0
APOF	UMLS:C2751012	0
RPL39	UMLS:C0279628	0
HPSE	UMLS:C1262098	0
DEFB114	UMLS:C0745745	0
TCOF1	UMLS:C0266313	0
IP6K3	UMLS:C1852406	0
TPM2	UMLS:C1857299	0
GOLGA6A	UMLS:C0079757	0
TRPV3	UMLS:C0033141	0
NAMPT	UMLS:C1838100	0
TST	UMLS:C0234252	0
ST8SIA1	UMLS:C0003534	0
DIDO1	UMLS:C1856128	0
RAF1P1	UMLS:C3150797	0
HRH4	UMLS:C0026205	0
CDAN3	UMLS:C0153567	0
MRPS18CP5	UMLS:C0003969	0
MRGPRD	UMLS:C0577628	0
DEFB107B	UMLS:C0751490	0
SYNGR2	UMLS:C1863340	0
USP32	UMLS:C1535926	0
UBXN1	UMLS:C0746402	0
SUCNR1	UMLS:C2873754	0
RGN	UMLS:C0265993	0
SYCE1	UMLS:C0338503	0
SGSM2	UMLS:C2609046	0
MIA	UMLS:C0234252	0
RPL7A	UMLS:C0029134	0
GPD1L	UMLS:C1969645	0
PSMB3	UMLS:C0042928	0
PISRT1	UMLS:C0268293	0
GSTA1	UMLS:C0236663	0
HDGF	UMLS:C0751656	0
ZFP64	UMLS:C1845861	0
MGA	UMLS:C1720859	0
XPO4	UMLS:C0032231	0
CKS2	UMLS:C1863753	0
RMDN2	UMLS:C0026272	0
PTCHD3	UMLS:C0036161	0
SLC45A4	UMLS:C0018926	0
KIAA0319L	UMLS:C0266463	0
TAPBP	UMLS:C3489398	0
TMEM67	UMLS:C0220744	0
PSEN1	UMLS:C0376297	0
RANBP9	UMLS:C1847014	0
CRYBA1	UMLS:C1336007	0
GPR114	UMLS:C1851759	0
HR	UMLS:C0751435	0
BAMBI	UMLS:C1858725	0
GNG8	UMLS:C0014371	0
CCNDBP1	UMLS:C3150933	0
IFT74	UMLS:C0747198	0
PLA2G4C	UMLS:C2677107	0
GS1-600G8.3	UMLS:C1832661	0
HBN1	UMLS:C0740651	0
ATP8A2	UMLS:C0027658	0
WT3	UMLS:C1844934	0
NR1D2	UMLS:C1837249	0
ICAM2	UMLS:C1333177	0
DYDC2	UMLS:C0475801	0
PLSA1	UMLS:C1867047	0
THOC2	UMLS:C1134719	0
MRAS	UMLS:C0581384	0
USP9Y	UMLS:C0039445	0
ID1	UMLS:C0268238	0
CRYBG3	UMLS:C0406632	0
HBBP1	UMLS:C1292769	0
TCTN2	UMLS:C1835265	0
ORM1	UMLS:C0021364	0
FBLN5	UMLS:C0234229	0
USP50	UMLS:C1292753	0
UBE2D3	UMLS:C1955906	0
CCDC97	UMLS:C0751280	0
PRPH	UMLS:C0003507	0
LRRC34	UMLS:C0040765	0
HOXD10	UMLS:C0751490	0
ITPA	UMLS:C3279748	0
PNKP	UMLS:C1260922	0
ZNF296	UMLS:C1865233	0
PDE8B	UMLS:C2751089	0
COX7C	UMLS:C2608079	0
CCNB1	UMLS:C0234861	0
TRNY	UMLS:C3280703	0
BECN1P1	UMLS:C0033771	0
SYCP3	UMLS:C1861861	0
SNRPD2	UMLS:C2750509	0
MDD2	UMLS:C0751362	0
METAP1D	UMLS:C0035021	0
GPD1L	UMLS:C0398677	0
RGR	UMLS:C0391957	0
UNC13A	UMLS:C0036421	0
KLHL41	UMLS:C0265291	0
P2RX6	UMLS:C0232197	0
HPE1	UMLS:C2973527	0
NTN3	UMLS:C0003493	0
EVC2	UMLS:C0027830	0
PPP2R1A	UMLS:C2931829	0
DGCR	UMLS:C0751772	0
ACADL	UMLS:C1854180	0
TTC9C	UMLS:C1864125	0
GSG1	UMLS:C0014008	0
ERVW-4	UMLS:C1836544	0
MMD	UMLS:C0949083	0
SEZ6L2	UMLS:C0149745	0
IL10RB	UMLS:C0085623	0
CHCHD4	UMLS:C0920506	0
IL31RA	UMLS:C3280556	0
CNRIP1	UMLS:C0079757	0
IBD15	UMLS:C0011052	0
SKIV2L	UMLS:C0037917	0
PCDH19	UMLS:C1839909	0
HYLS1	UMLS:C0748164	0
PCDH8	UMLS:C0863106	0
ANKHD1-EIF4EBP3	UMLS:C2931732	0
VPS4B	UMLS:C1260403	0
LNCR3	UMLS:C0699949	0
CTAGE5	UMLS:C0456483	0
GLC1P	UMLS:C0206180	0
TNKS	UMLS:C1867047	0
HPV18I2	UMLS:C1850281	0
VUR	UMLS:C0153653	0
ZNF480	UMLS:C0752101	0
SLC39A14	UMLS:C0341154	0
RPS9P4	UMLS:C0878677	0
ITGB8	UMLS:C1860406	0
FMOD	UMLS:C2677090	0
FOXO6	UMLS:C0178299	0
MIR758	UMLS:C0234378	0
GMNC	UMLS:C0008029	0
EJM3	UMLS:C0428796	0
KIAA1279	UMLS:C1266049	0
BRDT	UMLS:C0268255	0
RAD17P1	UMLS:C1836506	0
AUTS11	UMLS:C0042076	0
SPG41	UMLS:C0497397	0
ADHFE1	UMLS:C0026848	0
DDX1	UMLS:C0023267	0
DIP	UMLS:C0155943	0
GAGE6	UMLS:C0007965	0
FCRL3	UMLS:C0268435	0
ADCY9	UMLS:C0232066	0
DOK3	UMLS:C1842816	0
EPC2	UMLS:C0279637	0
BDH1	UMLS:C0752354	0
HADHB	UMLS:C0334041	0
ATP8A1	UMLS:C0040147	0
PSMC1	UMLS:C0345354	0
LOC101929806	UMLS:C0267244	0
ADPRHL2	UMLS:C0036646	0
ZNF229	UMLS:C0000737	0
CTPP5	UMLS:C1412002	0
FOXA3	UMLS:C0031117	0
CHST4	UMLS:C0220989	0
CTU1	UMLS:C2985175	0
RHEBP1	UMLS:C0342712	0
EEPD1	UMLS:C1291386	0
SORCS2	UMLS:C1853698	0
SLC1A1	UMLS:C0595989	0
KCNJ18	UMLS:C0149530	0
LOC101929806	UMLS:C0520676	0
PIP	UMLS:C0005779	0
DENND1A	UMLS:C0795878	0
KTCN3	UMLS:C1290537	0
ALX3	UMLS:C0876991	0
KNTC1	UMLS:C0266294	0
LOC100131635	UMLS:C1841658	0
VILL	UMLS:C0239849	0
PECAM1	UMLS:C1845142	0
MGR6	UMLS:C1304140	0
TERF2	UMLS:C0268281	0
SGCA	UMLS:C2677338	0
VN1R17P	UMLS:C0406767	0
IGKJ2	UMLS:C2749659	0
XIAP	UMLS:C0406670	0
CFDP1	UMLS:C3272809	0
LOC222344	UMLS:C1321809	0
CYB5R4	UMLS:C0428977	0
LAMA4	UMLS:C0025290	0
CADM2	UMLS:C0221468	0
ITPA	UMLS:C1444680	0
SNAP23	UMLS:C0542080	0
GOLGA8B	UMLS:C0085923	0
PTGER2	UMLS:C0013364	0
TTC5	UMLS:C0267797	0
ISYNA1	UMLS:C1327916	0
CASP1	UMLS:C0276609	0
TTBK2	UMLS:C0520947	0
CR1	UMLS:C0221054	0
APMR3	UMLS:C0085090	0
MTCO2P1	UMLS:C3273066	0
SFRP1	UMLS:C0162566	0
TAF1D	UMLS:C0340014	0
LIN7A	UMLS:C0032197	0
SLC25A41	UMLS:C2919607	0
DSCR10	UMLS:C0004138	0
GLM5	UMLS:C2675204	0
ACTR3C	UMLS:C0006261	0
HS6ST1	UMLS:C0600519	0
WDR26	UMLS:C0043037	0
IGES	UMLS:C0233558	0
CPLX3	UMLS:C1847758	0
PIP4K2C	UMLS:C0749163	0
DVL1	UMLS:C0750979	0
SPOAN	UMLS:C0474822	0
YWHAZ	UMLS:C0154143	0
KCTD1	UMLS:C0849867	0
BTN3A2	UMLS:C1301361	0
SDR9C7	UMLS:C0334240	0
AKT3	UMLS:C0596263	0
SPTAN1	UMLS:C0432487	0
AAGAB	UMLS:C2939465	0
SKOR1	UMLS:C2937359	0
DYNLL1	UMLS:C2677299	0
MED12	UMLS:C0266610	0
HS3ST3A1	UMLS:C0153690	0
TACR2	UMLS:C0011226	0
LGALS16	UMLS:C1835922	0
GABRP	UMLS:C0036996	0
PHTF1	UMLS:C0029294	0
CLDN15	UMLS:C1832978	0
GPX7	UMLS:C1835865	0
TM4SF5	UMLS:C0597645	0
ALKBH1	UMLS:C0023931	0
POU5F1B	UMLS:C0280248	0
TFB1M	UMLS:C0019104	0
OR2B6	UMLS:C0034065	0
KRTAP17-1	UMLS:C0235527	0
IGHV1-68	UMLS:C1859040	0
CLDN4	UMLS:C0346053	0
PPARG	UMLS:C0002448	0
USP8P1	UMLS:C0033941	0
DPEP2	UMLS:C1390474	0
RIMS2	UMLS:C0271737	0
DHX9	UMLS:C1519714	0
CHRNB1	UMLS:C0553669	0
UGT1A8	UMLS:C1853964	0
LEPREL2	UMLS:C0018805	0
TSHZ3	UMLS:C0553713	0
AGMAT	UMLS:C0745031	0
DUSP12	UMLS:C1833578	0
ZRSR1	UMLS:C0279593	0
TXLNB	UMLS:C0541760	0
COMP	UMLS:C1970879	0
SLC43A3	UMLS:C1836395	0
LINC01235	UMLS:C2674218	0
CLAM	UMLS:C0079293	0
MIR34C	UMLS:C0456877	0
PGBD3	UMLS:C0000735	0
DLG3	UMLS:C3274458	0
PLA2G4C	UMLS:C1274103	0
FTCDNL1	UMLS:C0027627	0
PRDM10	UMLS:C0340486	0
WARS	UMLS:C2930900	0
PIF1	UMLS:C0007102	0
RORA	UMLS:C0221269	0
ABCC2	UMLS:C2675520	0
PVRL4	UMLS:C0175697	0
FUT7	UMLS:C0043346	0
CT47A11	UMLS:C0334384	0
PICK1	UMLS:C1858392	0
TSPY1	UMLS:C0206648	0
NME1	UMLS:C0018500	0
SHC2	UMLS:C1134719	0
DDX41	UMLS:C0041321	0
CEP89	UMLS:C0846967	0
H3F3AP5	UMLS:C0334551	0
TUBD1	UMLS:C0002940	0
IL13RA2	UMLS:C2919796	0
STARD10	UMLS:C0282527	0
RHDNS1	UMLS:C0265259	0
UBP1	UMLS:C1301359	0
SRSF6	UMLS:C0339808	0
TNC	UMLS:C1876166	0
PTPN12	UMLS:C1843504	0
CYP4B1	UMLS:C0267662	0
CENPM	UMLS:C0221106	0
COMMD5	UMLS:C0008439	0
MGR9	UMLS:C0003469	0
ZNF197	UMLS:C1838162	0
CHE2	UMLS:C2363129	0
PLA2G4A	UMLS:C2676676	0
RPL21P47	UMLS:C0279672	0
MAGEA2	UMLS:C0270824	0
XRCC6P3	UMLS:C0154409	0
EIF2B4	UMLS:C1834752	0
BTG2	UMLS:C0473527	0
RAD50	UMLS:C1707444	0
PAFAH1B3	UMLS:C2347126	0
ZBED5	UMLS:C0740268	0
SPD3	UMLS:C1290884	0
OR10X1	UMLS:C0019655	0
MIS18BP1	UMLS:C0005683	0
LILRA3	UMLS:C0751211	0
PSNP3	UMLS:C0085602	0
BTBD16	UMLS:C0334317	0
IFT88	UMLS:C1514422	0
GNG8	UMLS:C1266082	0
SIGLEC9	UMLS:C0038379	0
GLM4	UMLS:C0004245	0
LRRN2	UMLS:C0559459	0
ANO2	UMLS:C0028433	0
ALB	UMLS:C3275898	0
POLM	UMLS:C0271051	0
ACYP2	UMLS:C0029118	0
MEOX1	UMLS:C1864851	0
MRPS6	UMLS:C1402315	0
SH2D1B	UMLS:C0037763	0
SIKE1	UMLS:C1862324	0
OCA2	UMLS:C2974202	0
CAMP	UMLS:C1866956	0
ETV1	UMLS:C0003962	0
RPL23AP16	UMLS:C0344976	0
PXN	UMLS:C2020625	0
TSEN2	UMLS:C1968593	0
MAOB	UMLS:C1862596	0
SAMD4A	UMLS:C0864632	0
C2orf43	UMLS:C1812607	0
IP6K1	UMLS:C0014078	0
RBBP4	UMLS:C2675471	0
PTMS	UMLS:C0151746	0
COPS8	UMLS:C0242172	0
SRCIN1	UMLS:C0751887	0
NUDT10	UMLS:C0268226	0
CCDC50	UMLS:C0027849	0
CLPTM1	UMLS:C2585960	0
DERL1	UMLS:C0034103	0
GNN	UMLS:C0011570	0
UHRF2	UMLS:C2673427	0
RAD50	UMLS:C3279841	0
SPRR2B	UMLS:C3494652	0
BTD	UMLS:C0220695	0
ADAM29	UMLS:C0206623	0
EXOSC9	UMLS:C0205695	0
PSME2	UMLS:C0342553	0
BCL2L2-PABPN1	UMLS:C0243025	0
SF3B4	UMLS:C0009443	0
NUAK1	UMLS:C0000887	0
CYB5RL	UMLS:C0236733	0
ADAMTS20	UMLS:C0751657	0
CMA1	UMLS:C1377610	0
SMARCAL1	UMLS:C2677586	0
FNDC5	UMLS:C0002514	0
EFCAB1	UMLS:C1866629	0
CNTN4	UMLS:C1865782	0
CCNE2	UMLS:C1865233	0
TTC9	UMLS:C1138434	0
JAG1	UMLS:C0149922	0
HNRNPA1P1	UMLS:C2931875	0
ZNF804A	UMLS:C0948242	0
MUM1	UMLS:C0554309	0
RNPEPL1	UMLS:C0206635	0
PART1	UMLS:C0268594	0
BHD	UMLS:C1858763	0
IRAK2	UMLS:C1562689	0
RFPL1	UMLS:C0334294	0
SLC4A9	UMLS:C3150617	0
SND1	UMLS:C0015379	0
RASSF8	UMLS:C0272082	0
KCNJ12	UMLS:C1266178	0
SLC7A2	UMLS:C1861367	0
CSGALNACT2	UMLS:C0854107	0
U2AF2	UMLS:C1843140	0
RNU105B	UMLS:C1840548	0
RPS6KA2	UMLS:C0027051	0
H1F0	UMLS:C0281902	0
CEBPD	UMLS:C2973787	0
SLFN12L	UMLS:C0596240	0
SLC25A25	UMLS:C1301362	0
ADIRF	UMLS:C2936779	0
CGB	UMLS:C0013182	0
BPNT1	UMLS:C2930820	0
EEF1E1	UMLS:C1858301	0
TTC37	UMLS:C1334455	0
QPCTL	UMLS:C0400807	0
SPAG8	UMLS:C0878683	0
SLC25A5P8	UMLS:C0272199	0
FMO3	UMLS:C0021167	0
ANKRD28	UMLS:C2711227	0
POTEKP	UMLS:C1837549	0
KANSL1-AS1	UMLS:C0403367	0
AUTS1	UMLS:C3150911	0
RFX3	UMLS:C0010678	0
KIAA1755	UMLS:C1849779	0
CBX6	UMLS:C2931045	0
BHLHE23	UMLS:C0344559	0
KRTAP11-1	UMLS:C1621895	0
AGPAT3	UMLS:C0023890	0
SLC22A4	UMLS:C0264133	0
MIR7-1	UMLS:C1864908	0
AS3MT	UMLS:C1504514	0
ZNF767	UMLS:C0242363	0
IFT88	UMLS:C0021846	0
PSMB6	UMLS:C0235461	0
HS2ST1	UMLS:C0009765	0
KLRC4-KLRK1	UMLS:C0346054	0
EIF2AK1	UMLS:C1864869	0
ADCY1	UMLS:C1835820	0
SCA18	UMLS:C1847529	0
PRDX5	UMLS:C0029132	0
AK1	UMLS:C0153349	0
GHS	UMLS:C1527390	0
KANK2	UMLS:C0149886	0
FLYWCH1P1	UMLS:C1842357	0
ZNF823	UMLS:C0221355	0
STRA8	UMLS:C1866629	0
NAPG	UMLS:C0013568	0
ITPRIPL2	UMLS:C3151513	0
SELK	UMLS:C0598790	0
CCR6	UMLS:C2931915	0
SELK	UMLS:C0036347	0
EFNA5	UMLS:C1301034	0
NACC2	UMLS:C2751012	0
VWC2L	UMLS:C0342471	0
ATF6B	UMLS:C2677338	0
AK7	UMLS:C0162670	0
LRIG3	UMLS:C0426576	0
GYS2	UMLS:C1864902	0
EVA1A	UMLS:C0033788	0
CLK2	UMLS:C2678483	0
TTC28	UMLS:C0679309	0
DEFA7P	UMLS:C0271386	0
FERMT3	UMLS:C0270496	0
PTPRS	UMLS:C0038395	0
MYO18A	UMLS:C0268338	0
HDC	UMLS:C0699889	0
C3orf14	UMLS:C0206093	0
MAPRE2	UMLS:C0877849	0
CPXCR1	UMLS:C0936251	0
NXF2B	UMLS:C0344232	0
APMR1	UMLS:C0221155	0
PRDM5	UMLS:C0586738	0
SDAD1	UMLS:C0746556	0
ERCC5	UMLS:C0022951	0
PCDH20	UMLS:C1968848	0
MAFA	UMLS:C0079748	0
XRCC6P3	UMLS:C0032780	0
MS4A7	UMLS:C0042485	0
CHMRQ	UMLS:C0265237	0
LINC01191	UMLS:C1857041	0
MARC1	UMLS:C0149893	0
C9	UMLS:C3280795	0
RJBS	UMLS:C0349535	0
CDH17	UMLS:C0029942	0
CDH9	UMLS:C0234665	0
LDHAL6B	UMLS:C1956131	0
KLK6	UMLS:C0262404	0
GPI	UMLS:C0234665	0
SBNO2	UMLS:C0242621	0
GYS2	UMLS:C0854912	0
ITGA1	UMLS:C1853964	0
CPEB3	UMLS:C0399526	0
MIR196B	UMLS:C1845243	0
GBP2	UMLS:C0011430	0
CLEC4G	UMLS:C0015379	0
DNHD1	UMLS:C0023890	0
HADHAP1	UMLS:C1845446	0
MTMR4	UMLS:C0149782	0
AVPR2	UMLS:C0271084	0
EGFLAM	UMLS:C1855565	0
AP3D1	UMLS:C0861727	0
SCZD8	UMLS:C2350168	0
EPS8L3	UMLS:C1377610	0
KPNA4	UMLS:C0276876	0
NUDCD1	UMLS:C0268392	0
CYB5RL	UMLS:C1261473	0
C2orf47	UMLS:C2931228	0
CBLL1	UMLS:C0238506	0
TLE2	UMLS:C3151057	0
MUS81	UMLS:C0206743	0
CD84	UMLS:C0039590	0
PRG1	UMLS:C1442826	0
CDC27	UMLS:C0039445	0
TNPO3	UMLS:C0268155	0
TRR	UMLS:C3280777	0
RAB40B	UMLS:C0022350	0
BECN1P1	UMLS:C0008684	0
DEAF1	UMLS:C2678475	0
ADCY10	UMLS:C0027859	0
ALYREF	UMLS:C0581882	0
TPSD1	UMLS:C3495530	0
ATRX	UMLS:C0795953	0
MTFMT	UMLS:C0042880	0
SGK223	UMLS:C0015806	0
FRG1	UMLS:C0272362	0
ICR1	UMLS:C0474808	0
C6orf48	UMLS:C1300682	0
OCLM	UMLS:C0011334	0
ADH7	UMLS:C0149931	0
RECQL5	UMLS:C0344460	0
SEPT7	UMLS:C0022596	0
USP34	UMLS:C0233200	0
TRO	UMLS:C0004775	0
FBF1	UMLS:C1839564	0
KIR2DS4	UMLS:C1405984	0
ZBP1	UMLS:C1862289	0
ANKRD26	UMLS:C0266717	0
CRTC2	UMLS:C0268292	0
RPS27L	UMLS:C0279671	0
DHX58	UMLS:C0278579	0
DGCR6	UMLS:C0220656	0
HCLS1	UMLS:C0152276	0
LRCH1	UMLS:C1266099	0
HOXC11	UMLS:C0935909	0
OPA4	UMLS:C0345963	0
IGHJ3	UMLS:C0949595	0
MMEL1	UMLS:C1853490	0
WBP2	UMLS:C0232488	0
CYCSP22	UMLS:C2675750	0
PKNOX2	UMLS:C1832370	0
PDE1B	UMLS:C2931237	0
CYP4F8	UMLS:C0037672	0
CYB5A	UMLS:C0472790	0
BCC4	UMLS:C1838492	0
WBP1L	UMLS:C1853156	0
SLC31A2	UMLS:C0024517	0
ALDOC	UMLS:C0023012	0
DHX16	UMLS:C0036474	0
OLIG2	UMLS:C1332162	0
PCDH17	UMLS:C0339182	0
CENPM	UMLS:C3161330	0
B3GALT6	UMLS:C0031094	0
SCARA3	UMLS:C0238378	0
ZNF391	UMLS:C0015544	0
PTPRR	UMLS:C2314882	0
EIF5	UMLS:C0741729	0
LMBRD2	UMLS:C1865926	0
GPR176	UMLS:C1850106	0
MYLK3	UMLS:C0751409	0
ACP6	UMLS:C1282241	0
TTF2	UMLS:C0029427	0
EGR1	UMLS:C2198591	0
HSPE1	UMLS:C1858301	0
LOC344967	UMLS:C0026269	0
PLA2G10	UMLS:C3150970	0
ZNF480	UMLS:C0035411	0
NNO3	UMLS:C0334520	0
SIGLEC12	UMLS:C0175699	0
ZNF330	UMLS:C0035793	0
MFSD6	UMLS:C0012619	0
SLC26A11	UMLS:C0270933	0
RFWD2	UMLS:C1394254	0
ARPP21	UMLS:C1850169	0
SAR1AP3	UMLS:C1853118	0
DA4	UMLS:C1335110	0
MAFD5	UMLS:C0023801	0
RPS27P1	UMLS:C0019209	0
PAX3	UMLS:C0917816	0
PR@	UMLS:C0265202	0
SNORD44	UMLS:C1861380	0
PADI3	UMLS:C3279748	0
TBK1	UMLS:C0600327	0
SLC1A2	UMLS:C2931826	0
RPN1	UMLS:C0221542	0
TFB1M	UMLS:C3279564	0
SCA20	UMLS:C1842371	0
APOO	UMLS:C0403529	0
HSD17B7	UMLS:C0272238	0
PITPNC1	UMLS:C1318544	0
HOXB6	UMLS:C3150909	0
TET1P1	UMLS:C0279702	0
ZNF286B	UMLS:C1333064	0
C1GALT1C1	UMLS:C0242073	0
MHW2	UMLS:C1631597	0
U2AF2	UMLS:C1845517	0
KIR2DL5B	UMLS:C2921627	0
BMP6	UMLS:C1857041	0
BSN	UMLS:C2919414	0
MICC	UMLS:C0271449	0
DGKB	UMLS:C0346185	0
TPK1	UMLS:C1836705	0
RGS13	UMLS:C0259779	0
BMP1	UMLS:C1334615	0
PPP1R42	UMLS:C1834405	0
CEP290	UMLS:C0849640	0
WNT11	UMLS:C0860209	0
KRT6A	UMLS:C2751826	0
GPR35	UMLS:C2678493	0
SELP	UMLS:C1868594	0
KLF8	UMLS:C0160390	0
TGFBR3	UMLS:C0751279	0
SLC12A8	UMLS:C0268124	0
HBM	UMLS:C0795839	0
ACTL9	UMLS:C0026618	0
TMEM200A	UMLS:C0007785	0
RPPH1	UMLS:C1840390	0
CANDF1	UMLS:C0344976	0
SPTBN2	UMLS:C0597745	0
PLCL1	UMLS:C0971858	0
HPX	UMLS:C1847972	0
WASF3	UMLS:C0406608	0
EPHB6	UMLS:C0018200	0
NSX	UMLS:C1970149	0
GADD45A	UMLS:C3277900	0
HOXA10	UMLS:C0267541	0
GRM1	UMLS:C0398595	0
PRF1	UMLS:C1853205	0
PCDP1	UMLS:C1335103	0
REPIN1	UMLS:C1850709	0
DFNB62	UMLS:C0002351	0
IDDM17	UMLS:C1334658	0
PPIAP10	UMLS:C0266036	0
CALU	UMLS:C1864723	0
AIMP1P1	UMLS:C2350873	0
ZNF236	UMLS:C0752282	0
TTC3	UMLS:C0007222	0
GYPC	UMLS:C0348802	0
SUPV3L1	UMLS:C0265218	0
PAX5	UMLS:C0856238	0
DERA	UMLS:C0007134	0
C7	UMLS:C1869118	0
PLCL1	UMLS:C1260873	0
GABRA6	UMLS:C0271682	0
RAPGEF2	UMLS:C0205651	0
PBRM1	UMLS:C2673630	0
FECD7	UMLS:C0393665	0
AHR	UMLS:C0027746	0
COX6A1	UMLS:C1970207	0
TRIM22	UMLS:C0235082	0
PKP4	UMLS:C0796215	0
DUSP11	UMLS:C0917804	0
CDK18	UMLS:C0085700	0
EML4	UMLS:C0043395	0
BRD9	UMLS:C0015405	0
CHST1	UMLS:C0730607	0
RPA3	UMLS:C0036980	0
CPPED1	UMLS:C0032269	0
SCARF2	UMLS:C2750448	0
IGSF5	UMLS:C0000771	0
NLRP3	UMLS:C0006434	0
COL5A2	UMLS:C0032584	0
HOXD1	UMLS:C2677085	0
C12orf65	UMLS:C1522378	0
CD226	UMLS:C1859062	0
HSD11B1L	UMLS:C0542519	0
NFE2L1	UMLS:C0543888	0
EXOSC1	UMLS:C1335444	0
TAS2R50	UMLS:C2677821	0
HIST1H4D	UMLS:C1852581	0
USH1C	UMLS:C0206697	0
ACAA2	UMLS:C1720861	0
UPF3A	UMLS:C0019338	0
COX6A1	UMLS:C0234894	0
LRR1	UMLS:C2936847	0
GAGE1	UMLS:C0151516	0
OLFM3	UMLS:C0040524	0
IL6	UMLS:C2827356	0
EGFL6	UMLS:C0856761	0
BCAS3	UMLS:C0175699	0
MYOD1	UMLS:C0009918	0
FMO2	UMLS:C0006542	0
TLN1	UMLS:C1854573	0
GS1-600G8.3	UMLS:C0473218	0
MYO5B	UMLS:C0332561	0
AGFG1	UMLS:C0338902	0
NME9	UMLS:C0007196	0
PNMAL1	UMLS:C0342853	0
ORC4	UMLS:C2673677	0
ABTB1	UMLS:C0235031	0
GPR17	UMLS:C0242459	0
IKBKE	UMLS:C2937225	0
KLRK1	UMLS:C0268468	0
CSF1R	UMLS:C0748061	0
ATP2B1	UMLS:C0025309	0
NCK2	UMLS:C0334247	0
IGHV1-67	UMLS:C0043345	0
MARVELD2	UMLS:C0017547	0
GALP	UMLS:C2676772	0
CEND1	UMLS:C0023646	0
CRYZ	UMLS:C0282507	0
COX6C	UMLS:C1318520	0
GPR34	UMLS:C1142132	0
ARHGAP8	UMLS:C1847839	0
MHB	UMLS:C0751335	0
AP2A1	UMLS:C0796149	0
IQCJ-SCHIP1	UMLS:C1335903	0
TNFAIP3	UMLS:C1837812	0
CYP2A6	UMLS:C0265218	0
HMGCS1	UMLS:C0005779	0
HYPLIP2	UMLS:C2751986	0
MIR33A	UMLS:C0027149	0
MEN1	UMLS:C1321809	0
AMCN	UMLS:C0149959	0
RPL7AP13	UMLS:C0346057	0
PCBP4	UMLS:C0003857	0
RPL39P28	UMLS:C1333171	0
SPIN1	UMLS:C0040034	0
MIR542	UMLS:C1970235	0
TRND	UMLS:C1332884	0
PIGA	UMLS:C1704230	0
SS18	UMLS:C0024537	0
UTP14C	UMLS:C0949272	0
ZNF35	UMLS:C1720965	0
MMAA	UMLS:C3280866	0
STX2	UMLS:C0036982	0
UTP6	UMLS:C0021051	0
CD97	UMLS:C0013592	0
ERBB2IP	UMLS:C1842475	0
CES1	UMLS:C0221480	0
IARS	UMLS:C1847493	0
PLD3	UMLS:C0027814	0
CENPB	UMLS:C0339805	0
KCNAB1	UMLS:C0220658	0
FCGR2B	UMLS:C0394004	0
JAZF1	UMLS:C0014457	0
PNMA2	UMLS:C2936859	0
SFPQ	UMLS:C0027720	0
UGT1A9	UMLS:C3149931	0
BEAN1	UMLS:C0861556	0
PRR16	UMLS:C1838877	0
METTL18	UMLS:C0017551	0
SRM	UMLS:C0007959	0
LETMD1	UMLS:C0812378	0
XAGE3	UMLS:C1863051	0
PGAP3	UMLS:C1541844	0
CEP19	UMLS:C3151405	0
P2RX2	UMLS:C1290537	0
RIT1	UMLS:C2676790	0
TNRC6C	UMLS:C0520788	0
GDAP2	UMLS:C0740832	0
MIR122	UMLS:C1838023	0
MRX2	UMLS:C2676281	0
VWC2L	UMLS:C0268273	0
TRIM11	UMLS:C1836258	0
FURIN	UMLS:C0398689	0
KCNH5	UMLS:C0034063	0
IGKV1-12	UMLS:C2350242	0
SMN2	UMLS:C0272005	0
GTF2E2	UMLS:C0034935	0
ARAP1	UMLS:C0751156	0
MIR340	UMLS:C0342803	0
TRNAI1	UMLS:C0151825	0
CHRNG	UMLS:C0006826	0
HYLS1	UMLS:C0796068	0
SOX8	UMLS:C1848213	0
PRKAR2A	UMLS:C1832390	0
GAGE3	UMLS:C0810032	0
PLEKHA6	UMLS:C0021313	0
PROM2	UMLS:C0862030	0
PDE3A	UMLS:C1838100	0
MAVS	UMLS:C0011849	0
IGH	UMLS:C0149645	0
RPL34P22	UMLS:C0152415	0
MROH1	UMLS:C0085434	0
SLCO4C1	UMLS:C2968345	0
EIF2AK3	UMLS:C1323099	0
LY6E	UMLS:C1835851	0
GPX2	UMLS:C0341022	0
RA6	UMLS:C0268743	0
ARPP19	UMLS:C1832409	0
LIPH	UMLS:C1456326	0
ALL2	UMLS:C2931456	0
NSUN2	UMLS:C0747918	0
KTN1	UMLS:C0085307	0
OR6R2P	UMLS:C0810320	0
HEATR5B	UMLS:C0158489	0
GINS2	UMLS:C1863655	0
APOF	UMLS:C0276379	0
PREX1	UMLS:C0008625	0
TK1	UMLS:C0948187	0
GEFSP4	UMLS:C1832813	0
STIM2	UMLS:C1834460	0
MIR92B	UMLS:C1854022	0
UGT2B17	UMLS:C0085119	0
ITGB4	UMLS:C1844678	0
OTOL1	UMLS:C0266039	0
MTHFS	UMLS:C0341503	0
SUSD5	UMLS:C0598790	0
RPL36	UMLS:C0020514	0
ARHGAP26	UMLS:C0314657	0
AGT	UMLS:C0341787	0
ASTN1	UMLS:C1862382	0
CSPG5	UMLS:C1860228	0
FAM194B	UMLS:C0746668	0
CMYA5	UMLS:C1852795	0
PRKCE	UMLS:C1847735	0
PUF60	UMLS:C1832841	0
SMC5	UMLS:C3266863	0
RBMX	UMLS:C0577631	0
RPL21P111	UMLS:C0574083	0
IGHV3-52	UMLS:C3163622	0
CREM	UMLS:C0855082	0
GULP1	UMLS:C0339467	0
MSTO1	UMLS:C0349516	0
RTN4	UMLS:C0751778	0
AHI1	UMLS:C0749098	0
PCDH11X	UMLS:C0751226	0
ELAC1	UMLS:C0149654	0
ASAH2	UMLS:C0451641	0
LGMN	UMLS:C1857682	0
LGMN	UMLS:C0236800	0
IRG1	UMLS:C0235063	0
SFXN4	UMLS:C2711110	0
TOR1AIP2	UMLS:C0024303	0
HOXD@	UMLS:C0026857	0
RAP1GAP	UMLS:C2674259	0
PHF21B	UMLS:C1275859	0
RBM11	UMLS:C3150990	0
ZNF627	UMLS:C2675485	0
BCAP29	UMLS:C1847720	0
IGAT	UMLS:C0035522	0
ZKSCAN1	UMLS:C0743150	0
FOXK2	UMLS:C1335484	0
AGFG1	UMLS:C0276108	0
NWD1	UMLS:C0031094	0
RPS13	UMLS:C0042420	0
KIF20B	UMLS:C1511789	0
VEGFA	UMLS:C1854018	0
ACSL5	UMLS:C0262584	0
PHLPP1	UMLS:C1865366	0
CRNKL1	UMLS:C0813147	0
KLK14	UMLS:C1839736	0
GDI2P1	UMLS:C0679449	0
HP1BP3	UMLS:C3150909	0
EPC2	UMLS:C0342474	0
GTF2H4	UMLS:C0010054	0
EKV3	UMLS:C2931911	0
NIDDM2	UMLS:C0004310	0
BHLHA15	UMLS:C0276226	0
BP3	UMLS:C0747845	0
NDUFB6	UMLS:C1444565	0
ZPLD1	UMLS:C0474889	0
KCNH2	UMLS:C0153633	0
KIF23	UMLS:C2316810	0
SKP2	UMLS:C0042140	0
ITGB3BP	UMLS:C3150786	0
PSORS1C1	UMLS:C0086238	0
BCYRN1	UMLS:C1260922	0
AXIN1	UMLS:C2675237	0
CDK16	UMLS:C1846609	0
LOC284395	UMLS:C0019699	0
PIWIL1	UMLS:C1536999	0
SHH	UMLS:C1857277	0
SMOC1	UMLS:C1861197	0
SLC8A3	UMLS:C0338113	0
PDCL3	UMLS:C1866774	0
MIRLET7A3	UMLS:C1568272	0
DFNA41	UMLS:C1842342	0
HPC10	UMLS:C0042420	0
ZMYM2	UMLS:C2676933	0
SRRM4	UMLS:C3489627	0
RABL6	UMLS:C1845297	0
CIZ1	UMLS:C1112356	0
FRA16D	UMLS:C0751483	0
STAC	UMLS:C0279822	0
HOXC8	UMLS:C0677950	0
VPS53	UMLS:C3532239	0
PRDX2	UMLS:C0267834	0
CYTB	UMLS:C0015207	0
HECA	UMLS:C0265342	0
RHOJ	UMLS:C3151138	0
DUX1	UMLS:C0162809	0
MGR9	UMLS:C0599973	0
SLC15A2	UMLS:C0477402	0
RNF135	UMLS:C2751293	0
FAM64A	UMLS:C0854983	0
VASP	UMLS:C0872216	0
CDR3	UMLS:C2751318	0
BBS12	UMLS:C1412014	0
E2F4	UMLS:C0263428	0
KRT18P16	UMLS:C0243057	0
IHPS2	UMLS:C1827377	0
RBPJ	UMLS:C2677792	0
MCF2L	UMLS:C0023440	0
EFNB1	UMLS:C2974202	0
DYRK1B	UMLS:C1868597	0
C1orf112	UMLS:C3149074	0
MTCO2P1	UMLS:C0339697	0
LPCAT1	UMLS:C1282609	0
OR6K6	UMLS:C1832229	0
MAGEB6	UMLS:C0740898	0
CHR	UMLS:C0432303	0
SPAG4	UMLS:C2677877	0
ITGA6	UMLS:C0268600	0
MCM3AP	UMLS:C0268396	0
GJA9	UMLS:C1832378	0
KDM1A	UMLS:C1641846	0
MIR449A	UMLS:C0020473	0
INA	UMLS:C0002793	0
BAX	UMLS:C0878500	0
EIF2AK1	UMLS:C0272375	0
BFIC2	UMLS:C0271761	0
RAB11FIP4	UMLS:C0582415	0
RCHY1	UMLS:C0041228	0
CHDS4	UMLS:C0348374	0
EVX2	UMLS:C0700639	0
EGFL8	UMLS:C1859592	0
TRIM16	UMLS:C0338462	0
MPPE1	UMLS:C1849115	0
SLCO6A1	UMLS:C0522274	0
HRK	UMLS:C1333046	0
WFDC2	UMLS:C0268117	0
ENTPD7	UMLS:C0474833	0
ARMC4	UMLS:C0279592	0
PCSK4	UMLS:C1302363	0
HOXA9	UMLS:C0795864	0
NPAS3	UMLS:C1860788	0
RPL6P27	UMLS:C1291317	0
PODXL	UMLS:C2348239	0
CTSO	UMLS:C0037268	0
NUP50	UMLS:C0175703	0
SPOCK3	UMLS:C0524528	0
RLS2	UMLS:C0005806	0
UPF1	UMLS:C1332852	0
SLC22A18	UMLS:C0334416	0
DRD2	UMLS:C0036363	0
FSD1	UMLS:C0238990	0
RPS3AP51	UMLS:C1857284	0
UVSSA	UMLS:C0265269	0
ASPA	UMLS:C0002876	0
NEUROG1	UMLS:C0265342	0
ND1	UMLS:C1855796	0
LEMD3	UMLS:C1268935	0
SDCCAG8	UMLS:C1853396	0
ZNF146	UMLS:C0012546	0
SLC35A4	UMLS:C0280785	0
RALGAPB	UMLS:C1562585	0
SEC24B	UMLS:C0152095	0
SREBF1	UMLS:C0270246	0
PRPS1	UMLS:C0858355	0
PRRT1	UMLS:C0035579	0
MACROD1	UMLS:C0013743	0
ZNF276	UMLS:C0432123	0
IL12RB1	UMLS:C1266005	0
MRT11	UMLS:C1853554	0
AUTS3	UMLS:C0595989	0
MTFMT	UMLS:C0025500	0
CKMT1B	UMLS:C0334579	0
LAMB3	UMLS:C0265293	0
KLHDC7A	UMLS:C0403529	0
PCDHA6	UMLS:C1853345	0
ICOS	UMLS:C0396059	0
DPEP1	UMLS:C0265191	0
MIR30C1	UMLS:C0948750	0
TTC12	UMLS:C0857305	0
RPL15P15	UMLS:C0036347	0
IGKV2D-10	UMLS:C0158991	0
PET117	UMLS:C1845118	0
ZNF124	UMLS:C2675914	0
FKBP1AP3	UMLS:C0085602	0
RRP12	UMLS:C0034350	0
IGKV1-12	UMLS:C0038525	0
H3F3AP6	UMLS:C0085635	0
DYX3	UMLS:C2982732	0
MDRV	UMLS:C0006870	0
AP5M1	UMLS:C3281288	0
B3GNT6	UMLS:C0410422	0
PPP2CB	UMLS:C0018991	0
SGOL1	UMLS:C1290807	0
SNORD13	UMLS:C1851467	0
SKIV2L	UMLS:C3150418	0
SMARCC2	UMLS:C1969811	0
ARSA	UMLS:C0001430	0
FAM131B	UMLS:C0849867	0
SLCO1B7	UMLS:C0036916	0
FLAD1	UMLS:C3275750	0
BRCA3	UMLS:C0595936	0
HK3	UMLS:C2748554	0
G3BP1	UMLS:C0242362	0
GRIA3	UMLS:C0028860	0
CCDC78	UMLS:C2676466	0
EN2	UMLS:C0278582	0
MS2	UMLS:C0751366	0
HRH2	UMLS:C2675080	0
TRIM39	UMLS:C2673266	0
OTSC1	UMLS:C0231530	0
ALDH7A1	UMLS:C0036646	0
AVPR2	UMLS:C2673914	0
SHKBP1	UMLS:C0268487	0
SSB	UMLS:C0005741	0
CAGE1	UMLS:C0038218	0
ZNF300	UMLS:C0334633	0
TUSC3	UMLS:C0266484	0
C1QTNF9B-AS1	UMLS:C0010674	0
APOBEC3F	UMLS:C0678236	0
SMYD1	UMLS:C0457928	0
PRKAG3	UMLS:C0345984	0
PSMD7	UMLS:C0265255	0
SCARF2	UMLS:C1850168	0
PPM1B	UMLS:C0334495	0
TBCD	UMLS:C0006309	0
ZNF138	UMLS:C3463992	0
SNORD14B	UMLS:C0206711	0
HTR1F	UMLS:C0342443	0
STARD4	UMLS:C1836824	0
DMXL1	UMLS:C1856883	0
USP48	UMLS:C1855456	0
MESDC2	UMLS:C2675358	0
RPL30P10	UMLS:C1839839	0
ANKRD28	UMLS:C0206628	0
RBPJP4	UMLS:C0410005	0
MIA	UMLS:C1858361	0
PAX9	UMLS:C0206664	0
AAMP	UMLS:C0795806	0
SF3B1	UMLS:C0521483	0
SOS1	UMLS:C0018609	0
SUGCT	UMLS:C0403440	0
MIR301A	UMLS:C0265290	0
SNORD44	UMLS:C0008441	0
VAT1	UMLS:C0040021	0
VARS2	UMLS:C1859194	0
RPL23AP39	UMLS:C1335469	0
C14orf166	UMLS:C2931133	0
CNPY2	UMLS:C1260922	0
MED9	UMLS:C0024307	0
PRKD2	UMLS:C1720778	0
ANON1	UMLS:C1861825	0
TJP1	UMLS:C0751887	0
MTR	UMLS:C1864721	0
RPL23AP43	UMLS:C2751317	0
ADAM17	UMLS:C2750081	0
A2ML1	UMLS:C0162672	0
RORB	UMLS:C1319193	0
UBR2	UMLS:C0340076	0
GNB3	UMLS:C0018194	0
DUSP11	UMLS:C0796275	0
C4orf33	UMLS:C0154832	0
POU5F1P3	UMLS:C2826177	0
GTF2E1	UMLS:C1832828	0
MATN2	UMLS:C1853196	0
ADAM8	UMLS:C0242596	0
MIR506	UMLS:C0235527	0
PSMB4	UMLS:C1851467	0
BPGM	UMLS:C1844831	0
MAP3K7CL	UMLS:C0038019	0
MAN1B1	UMLS:C2931644	0
MAN2C1	UMLS:C0747273	0
ADRA2B	UMLS:C0023788	0
CSF3	UMLS:C0238451	0
ACSBG1	UMLS:C0278584	0
EA7	UMLS:C2677294	0
CTR9	UMLS:C2751607	0
COX7A2L	UMLS:C0001429	0
MAGEA4	UMLS:C2676933	0
SLC26A11	UMLS:C0342859	0
SEPT14	UMLS:C0032305	0
SLC39A7	UMLS:C1837418	0
ABCC12	UMLS:C0751560	0
LRP2BP	UMLS:C2676782	0
CCBE1	UMLS:C3281203	0
ATG16L1	UMLS:C0017178	0
RPS3AP24	UMLS:C2751532	0
GMFB	UMLS:C0456877	0
ROGDI	UMLS:C1833340	0
NDUFA9	UMLS:C0751007	0
MIR125A	UMLS:C1851413	0
GBF1	UMLS:C0149887	0
LACRT	UMLS:C0011859	0
PRPS2	UMLS:C1858680	0
TBRG1	UMLS:C1860715	0
COL28A1	UMLS:C0017155	0
PDHX	UMLS:C0520680	0
CDKN1A	UMLS:C0238394	0
CHDS4	UMLS:C0555971	0
HS3ST1	UMLS:C3178805	0
HKDC1	UMLS:C2957106	0
FH	UMLS:C0003090	0
DCP1A	UMLS:C1266042	0
OR7E16P	UMLS:C1859648	0
DGAT2	UMLS:C0271335	0
TRNY	UMLS:C0744310	0
RNY5P7	UMLS:C0270737	0
CCND1	UMLS:C0086468	0
SRGN	UMLS:C0541798	0
SCA19	UMLS:C0333101	0
RAB22A	UMLS:C0496899	0
TNFSF8	UMLS:C0338430	0
DNPEP	UMLS:C2751842	0
MED13L	UMLS:C0346977	0
DUSP7	UMLS:C0393639	0
JAK1	UMLS:C0339383	0
SCAI	UMLS:C0266464	0
HTRA1	UMLS:C0205833	0
SPATC1	UMLS:C1527249	0
TFDP2	UMLS:C0334438	0
RLF	UMLS:C1394142	0
NUTF2	UMLS:C0521158	0
ATOD7	UMLS:C0525040	0
MBS2	UMLS:C0032302	0
IDDM8	UMLS:C0008412	0
PSPN	UMLS:C0275521	0
DAAM2	UMLS:C3151211	0
MCOPCT1	UMLS:C0238132	0
MYP16	UMLS:C0040412	0
CASP5	UMLS:C0442887	0
RMRP	UMLS:C0158991	0
LMO1	UMLS:C1850140	0
ANKIB1	UMLS:C0268419	0
PPM1H	UMLS:C0220641	0
MICA	UMLS:C0751276	0
ATP6V0A1	UMLS:C0521808	0
FAM57A	UMLS:C0039584	0
RBM47	UMLS:C2004435	0
MRPS16	UMLS:C0263454	0
ALOX5AP	UMLS:C1096063	0
LAG3	UMLS:C1834405	0
MIR100HG	UMLS:C0085106	0
CD163L1	UMLS:C0553604	0
HNRNPAB	UMLS:C1291447	0
MIRLET7A2	UMLS:C0012922	0
LRP2BP	UMLS:C0267809	0
EP400	UMLS:C0276138	0
CDC23	UMLS:C0264638	0
CCL15	UMLS:C0334344	0
POLRMT	UMLS:C0018922	0
PHYH	UMLS:C1960047	0
YEATS4	UMLS:C0262435	0
GAGE12G	UMLS:C1837371	0
ARHGAP17	UMLS:C1857395	0
RAB23	UMLS:C1332888	0
SPATA4	UMLS:C2216702	0
KREMEN1	UMLS:C1864155	0
MYO18B	UMLS:C3279775	0
ALDH1A2	UMLS:C1291245	0
ARL6IP5	UMLS:C0393591	0
TRIM24	UMLS:C1442839	0
HIST1H2AI	UMLS:C0039101	0
GJB6	UMLS:C0043168	0
TCF21	UMLS:C1839163	0
OR7D4	UMLS:C1861366	0
SNORD14A	UMLS:C0870082	0
RAD54B	UMLS:C1708371	0
SH3BP5	UMLS:C0267841	0
LAMA1	UMLS:C0205833	0
ADIPOR1	UMLS:C0027794	0
VLDLR-AS1	UMLS:C0795875	0
LIMA1	UMLS:C0175700	0
PLXDC2	UMLS:C1968602	0
CLEC2A	UMLS:C2873756	0
SLK	UMLS:C1314694	0
ZKSCAN4	UMLS:C2751831	0
FHIT	UMLS:C0342123	0
SLC2A9	UMLS:C0949856	0
TOM1L1	UMLS:C1833030	0
DDX54	UMLS:C0796271	0
USP2	UMLS:C0796279	0
LARP6	UMLS:C0678329	0
SPIRE1	UMLS:C0403528	0
CUP2Q35	UMLS:C0265318	0
WDFY3	UMLS:C0334633	0
KLKB1	UMLS:C0006266	0
TM9SF2	UMLS:C0334488	0
NDUFB9	UMLS:C0262405	0
ARFGAP1	UMLS:C3151209	0
NRP2	UMLS:C0160680	0
C14orf169	UMLS:C0085635	0
TMOD1	UMLS:C2981366	0
LIMK2	UMLS:C0344490	0
DLC1	UMLS:C1855466	0
ACRC	UMLS:C0016514	0
SLC19A1	UMLS:C1636667	0
MMAB	UMLS:C0156353	0
CXorf36	UMLS:C2937288	0
NTT	UMLS:C0243057	0
RPY	UMLS:C1865871	0
MOB4	UMLS:C1557335	0
CYP2U1	UMLS:C0346153	0
RAD1	UMLS:C0339273	0
KMT2B	UMLS:C3151188	0
CDKN2A	UMLS:C0007820	0
NRF1	UMLS:C2062905	0
HTGH	UMLS:C0393799	0
MNX1	UMLS:C0278881	0
TAF2	UMLS:C1167791	0
VWA7	UMLS:C0023869	0
HRPT3	UMLS:C0039585	0
GPSC	UMLS:C0042420	0
WDR36	UMLS:C0281241	0
DRD4	UMLS:C0005694	0
CDH16	UMLS:C2676272	0
MIR21	UMLS:C0268690	0
SGCZ	UMLS:C0039010	0
BTD	UMLS:C0015696	0
CCDC134	UMLS:C0276138	0
RPL28	UMLS:C0037116	0
FA2H	UMLS:C0019158	0
ANLN	UMLS:C0039446	0
PANO	UMLS:C1852557	0
LECD	UMLS:C0001349	0
LRRC16A	UMLS:C1835905	0
POU4F1	UMLS:C0751757	0
NBN	UMLS:C0796004	0
UVSSA	UMLS:C1853214	0
PYY	UMLS:C0033922	0
IDH1	UMLS:C0085692	0
MCM3AP	UMLS:C0153382	0
FRA16D	UMLS:C0339697	0
ZIC4	UMLS:C0747079	0
ID3	UMLS:C0268576	0
ATF5	UMLS:C1846837	0
HAPLN2	UMLS:C1112356	0
CELA2A	UMLS:C0399447	0
PSMB10	UMLS:C1864960	0
OR2W3	UMLS:C0026850	0
MNG3	UMLS:C0007113	0
OIT3	UMLS:C0013370	0
GFRA1	UMLS:C0268287	0
DTNB	UMLS:C0398568	0
TBX6	UMLS:C2751584	0
DDX1	UMLS:C1707446	0
TRBV3-1	UMLS:C1968846	0
PTCHD3	UMLS:C1970253	0
CXorf40A	UMLS:C0149521	0
CTBP1-AS	UMLS:C0342287	0
ADAMTS9	UMLS:C0085652	0
LEKR1	UMLS:C0344911	0
BBS7	UMLS:C1855840	0
AES	UMLS:C1456326	0
RA19	UMLS:C1848140	0
SOCS5	UMLS:C1719306	0
ZLS	UMLS:C1867155	0
ZBP1	UMLS:C0151740	0
ATAD2	UMLS:C1275421	0
LY9	UMLS:C1960870	0
DLL1	UMLS:C0432443	0
MIR206	UMLS:C1842586	0
SH2B3	UMLS:C0270327	0
LAT	UMLS:C0268074	0
KCNJ18	UMLS:C1866956	0
RPS27P19	UMLS:C0023465	0
MMVP3	UMLS:C0015826	0
CALB2	UMLS:C0422879	0
SLC2A8	UMLS:C0950122	0
ZAK	UMLS:C0030305	0
RPS20	UMLS:C0043119	0
EPS8L3	UMLS:C0265216	0
KIAA1279	UMLS:C0027429	0
ARNTL	UMLS:C0175707	0
KIR2DS5	UMLS:C0151449	0
E2F8	UMLS:C2931825	0
PIK3CG	UMLS:C0374997	0
ASPHD2	UMLS:C2347762	0
EFCAB11	UMLS:C1854003	0
EOE2	UMLS:C1333784	0
IL17B	UMLS:C0028796	0
PIP4K2A	UMLS:C0151860	0
TNFAIP1	UMLS:C1861197	0
IL36RN	UMLS:C0268558	0
PFKFB3	UMLS:C0878677	0
VPS13B	UMLS:C1955655	0
RPL5P10	UMLS:C1136084	0
RALGAPA1	UMLS:C0020498	0
C16orf46	UMLS:C1845095	0
SLC17A4	UMLS:C1861367	0
CST4	UMLS:C1969087	0
BRIX1	UMLS:C0233558	0
ZNF285B	UMLS:C1260883	0
PDXP	UMLS:C0278584	0
RAB5A	UMLS:C1855900	0
MT2P1	UMLS:C1704327	0
GLTSCR2	UMLS:C0231690	0
CMSS1	UMLS:C1707878	0
MMDFS	UMLS:C0341742	0
OCM	UMLS:C0007120	0
IL7R	UMLS:C1847835	0
KHDRBS1	UMLS:C0028433	0
CLCNKB	UMLS:C0277550	0
HSPD1P6	UMLS:C1836330	0
SYNSTH	UMLS:C1260325	0
DDX59	UMLS:C0085615	0
SERPINA2P	UMLS:C2697638	0
CYBRD1	UMLS:C0342687	0
CCL16	UMLS:C1515286	0
POGZ	UMLS:C1868720	0
MGAT1	UMLS:C1868397	0
DUSP7	UMLS:C2751778	0
CUTA	UMLS:C0043121	0
CASP7	UMLS:C0039483	0
DYX1	UMLS:C0266463	0
AADAC	UMLS:C1334807	0
LOC648570	UMLS:C1291463	0
HPRT1	UMLS:C2936781	0
ACVR1B	UMLS:C0043202	0
SHROOM4	UMLS:C1832474	0
NDST4	UMLS:C0231706	0
NDUFAF6	UMLS:C2242987	0
C18orf54	UMLS:C0009492	0
DTHD1	UMLS:C0743841	0
GP9	UMLS:C2676769	0
LCN2	UMLS:C0043124	0
LPIN3	UMLS:C0013985	0
FAM184B	UMLS:C0524582	0
PRAC1	UMLS:C0023481	0
TNFAIP6	UMLS:C0920420	0
ABHD12	UMLS:C0683323	0
SNW1	UMLS:C0241136	0
HSD17B10	UMLS:C0008690	0
SLC9A3R2	UMLS:C2931207	0
RCC2	UMLS:C1836797	0
YARS2	UMLS:C0410533	0
LSM2	UMLS:C0595936	0
PRYP3	UMLS:C0742133	0
CNOT6L	UMLS:C0041321	0
MYLPF	UMLS:C0563449	0
MYP2	UMLS:C0020678	0
IL17RB	UMLS:C0349620	0
LIMCH1	UMLS:C0854467	0
MIR152	UMLS:C1415882	0
MAGED4B	UMLS:C0339530	0
SPN	UMLS:C1970195	0
SLC6A9	UMLS:C1333275	0
HAS3	UMLS:C0476073	0
IBSP	UMLS:C0019557	0
SYT12	UMLS:C0849777	0
BPI	UMLS:C0334533	0
BP50	UMLS:C3280282	0
DUSP12	UMLS:C0035344	0
ITLN1	UMLS:C0019147	0
USP32	UMLS:C0559470	0
GUCA2A	UMLS:C2932678	0
USP16	UMLS:C0079293	0
PSMD14	UMLS:C0850741	0
FGF12	UMLS:C1859311	0
KIAA0586	UMLS:C2919945	0
MSH5	UMLS:C0264797	0
C5orf30	UMLS:C3151355	0
MYF6	UMLS:C0150045	0
RGCC	UMLS:C0264694	0
P2RX6	UMLS:C0019188	0
DPF3	UMLS:C0221019	0
SPTB	UMLS:C1961117	0
RPS26	UMLS:C1619700	0
CXCR5	UMLS:C0004941	0
ATOH7	UMLS:C1854467	0
ADRB2	UMLS:C1864623	0
MYLK4	UMLS:C1335473	0
SUPT3H	UMLS:C0796195	0
ZFP69B	UMLS:C0432242	0
BICD1	UMLS:C1145628	0
SYNGAP1	UMLS:C0546969	0
AEBP1	UMLS:C1853294	0
DMRT1	UMLS:C0022729	0
PLCD1	UMLS:C1145628	0
APMR2	UMLS:C1336548	0
SPRED2	UMLS:C0032962	0
DDR1	UMLS:C0015544	0
EIF3FP3	UMLS:C1533628	0
GRHL1	UMLS:C0282102	0
HOXA4	UMLS:C0848237	0
RHCG	UMLS:C2931822	0
ASCC2	UMLS:C0341697	0
TAGLN	UMLS:C3151185	0
UBBP1	UMLS:C0854983	0
PHF8	UMLS:C0271694	0
EPPS	UMLS:C0432103	0
TOMM34	UMLS:C1510479	0
FLJ33360	UMLS:C0277554	0
KLF12	UMLS:C3495554	0
DNHD1	UMLS:C0521808	0
DPYS	UMLS:C0472772	0
BSCL2	UMLS:C0004368	0
MTMR12	UMLS:C1336751	0
PRAF2	UMLS:C2675488	0
COL26A1	UMLS:C1720180	0
CDK6	UMLS:C1857688	0
LIMS1	UMLS:C0206526	0
RBMXL1	UMLS:C0235812	0
G0S2	UMLS:C1412573	0
SLC5A4	UMLS:C0009405	0
TRNAS2	UMLS:C1857853	0
ARHGEF4	UMLS:C0043207	0
CD5L	UMLS:C2749560	0
OSTN	UMLS:C1858351	0
SPACA1	UMLS:C0035243	0
RRM2B	UMLS:C0027533	0
PLA2G4C	UMLS:C0522174	0
COPS5	UMLS:C1282974	0
FMOD	UMLS:C0432397	0
AKAP17A	UMLS:C0751372	0
ZFP62	UMLS:C0206246	0
BHMT	UMLS:C0264652	0
CTD	UMLS:C1282968	0
LMBRD1	UMLS:C0280630	0
FRMD6	UMLS:C1836123	0
CAPNS1	UMLS:C0153426	0
MUC17	UMLS:C1863599	0
PCK2	UMLS:C0206711	0
PIGT	UMLS:C1384641	0
PSMA2	UMLS:C1833797	0
HAMP	UMLS:C0037315	0
SNRNP40	UMLS:C0262385	0
MYBBP1A	UMLS:C2873754	0
SERPINA9	UMLS:C0004659	0
RBP4	UMLS:C0032915	0
ST3GAL3	UMLS:C2936179	0
DEFA1B	UMLS:C2957106	0
ANKRD26	UMLS:C0920028	0
DPPA3	UMLS:C0271907	0
SLC25A47	UMLS:C1850993	0
BCRP4	UMLS:C0001436	0
GRIK4	UMLS:C0276199	0
DMD	UMLS:C0343856	0
CLEC12A	UMLS:C0275553	0
ARF1	UMLS:C0268297	0
SLI3	UMLS:C0037023	0
AVEN	UMLS:C0206658	0
TRIQK	UMLS:C0020428	0
FLJ45139	UMLS:C1563706	0
METTL14	UMLS:C0152964	0
TGM1	UMLS:C0268520	0
WDR76	UMLS:C1834846	0
ENUR2	UMLS:C1853214	0
STAT4	UMLS:C1843244	0
TPM1	UMLS:C0013570	0
CRYGGP	UMLS:C1853294	0
C8orf17	UMLS:C0020488	0
PEX12	UMLS:C3150732	0
BPIFA4P	UMLS:C0029077	0
TMSB15A	UMLS:C0151747	0
LAMP3	UMLS:C0002876	0
PGM1	UMLS:C3150413	0
IDH3A	UMLS:C0002452	0
RPA3	UMLS:C0206677	0
HID1	UMLS:C0345958	0
ARFGEF2	UMLS:C0410787	0
GABPB2	UMLS:C0018781	0
MRPL22	UMLS:C0340708	0
LNPEP	UMLS:C2931826	0
MBOAT1	UMLS:C2748507	0
SHISA9	UMLS:C0349412	0
NPY5R	UMLS:C0233477	0
NUFIP2	UMLS:C0271560	0
C3orf67	UMLS:C0036202	0
MMAB	UMLS:C0796154	0
CFSS	UMLS:C0154778	0
HLA-DRB9	UMLS:C0432222	0
NOC2L	UMLS:C0014117	0
HSD3B2	UMLS:C1153706	0
BCLAF1	UMLS:C0024534	0
NOBOX	UMLS:C1512433	0
GNPDA2	UMLS:C0267941	0
SIM2	UMLS:C1868720	0
POTEM	UMLS:C2940786	0
PSORS2	UMLS:C0023652	0
CYB561	UMLS:C0003850	0
SESN3	UMLS:C0154084	0
GOT1	UMLS:C0019158	0
ELF5	UMLS:C1709569	0
GLDC	UMLS:C1834372	0
TYW1	UMLS:C1833661	0
HTC1	UMLS:C0085207	0
CTAG1B	UMLS:C0154856	0
C1orf116	UMLS:C0270962	0
C6orf89	UMLS:C1415802	0
LDHC	UMLS:C0013570	0
ZNF530	UMLS:C0268450	0
PTPMT1	UMLS:C0175693	0
PTBP2	UMLS:C0232347	0
FRAXE	UMLS:C1456326	0
BUB1	UMLS:C3151140	0
PWAR1	UMLS:C2751295	0
BACH2	UMLS:C0234132	0
GPR161	UMLS:C3151441	0
PDE6H	UMLS:C1858677	0
P4HTM	UMLS:C0546953	0
SCFV	UMLS:C0011876	0
CCDC136	UMLS:C1320453	0
SLCO1C1	UMLS:C0362046	0
MSX1	UMLS:C0011334	0
KRT18P51	UMLS:C0234230	0
SCGB1D4	UMLS:C2677500	0
RBM26	UMLS:C0025995	0
OR7E62P	UMLS:C0006444	0
ABCE1	UMLS:C1854336	0
FANCI	UMLS:C1336084	0
PRKX	UMLS:C1865616	0
SLC3A1	UMLS:C1527383	0
KANK1	UMLS:C0276226	0
GTF2IP1	UMLS:C0431108	0
ERVH-3	UMLS:C0278584	0
PCM1	UMLS:C0332561	0
KAT2A	UMLS:C1850168	0
ARHI2	UMLS:C0600041	0
GALM	UMLS:C0334041	0
PAGE5	UMLS:C2931104	0
ENO1	UMLS:C0745031	0
DPH7	UMLS:C1283400	0
LY9	UMLS:C3203359	0
GPC2	UMLS:C2827362	0
GJB6	UMLS:C0809935	0
ZNF229	UMLS:C0451840	0
VKORC1	UMLS:C0027429	0
PRPF31	UMLS:C0268060	0
IRX2	UMLS:C0043194	0
PNO1	UMLS:C0018609	0
ART1	UMLS:C0231528	0
PARD3	UMLS:C0031149	0
PMAIP1	UMLS:C1834304	0
HMGN2P46	UMLS:C1840392	0
OSCAR	UMLS:C1853345	0
RPS2P34	UMLS:C0342492	0
TGM6	UMLS:C0041834	0
RAB20	UMLS:C0344522	0
CPXM2	UMLS:C0598608	0
MGR1	UMLS:C0302129	0
SWT1	UMLS:C0022951	0
LRP4	UMLS:C0020631	0
FZD1	UMLS:C1832609	0
MAGOHB	UMLS:C1997740	0
CD101	UMLS:C0263662	0
PELI1	UMLS:C2827436	0
TRE17	UMLS:C1971021	0
ATP6V1G2	UMLS:C1266043	0
MC5R	UMLS:C1836899	0
CPNE1	UMLS:C1456822	0
CORD8	UMLS:C0270749	0
ATRIP	UMLS:C0858355	0
XCR1	UMLS:C0206660	0
TTC3	UMLS:C1845889	0
SHC3	UMLS:C0035086	0
PLOD2	UMLS:C1853710	0
ASB10	UMLS:C0002881	0
NTF3	UMLS:C1300257	0
INO80	UMLS:C2931387	0
RNF216	UMLS:C0033838	0
ATP12A	UMLS:C2673535	0
TIMD4	UMLS:C1839161	0
ATG5	UMLS:C0267937	0
CCM2	UMLS:C1704383	0
FGF8	UMLS:C0553707	0
FNDC3B	UMLS:C0042487	0
PRKD1	UMLS:C1563705	0
C10orf107	UMLS:C0341225	0
RNASE9	UMLS:C1855128	0
SLC35F4	UMLS:C1855861	0
GAGE12F	UMLS:C0677950	0
BCKDHB	UMLS:C0752143	0
SLC1A6	UMLS:C0854740	0
CAMK1G	UMLS:C0233200	0
HTR6	UMLS:C0019337	0
PTX3	UMLS:C0265113	0
SERPINA1	UMLS:C2749942	0
ZMYM2	UMLS:C0266717	0
DUSP18	UMLS:C0282507	0
USHBP1	UMLS:C0043116	0
EOS	UMLS:C3495676	0
