NR2E3	UMLS:C1849394	1
NR2E3	UMLS:C1970163	1
KCNE3	UMLS:C2751089	1
CDH3	UMLS:C1832162	1
CDH3	UMLS:C1857041	1
KCNJ18	UMLS:C2750473	1
GNE	UMLS:C0342853	1
GNE	UMLS:C1833373	1
GNE	UMLS:C1853926	1
HCN4	UMLS:C1834144	1
OCLN	UMLS:C3489725	1
ABCC9	UMLS:C0795905	1
ABCC9	UMLS:C1837839	1
TSFM	UMLS:C1864840	1
LRPPRC	UMLS:C1857355	1
CDH15	UMLS:C2675488	1
OPTN	UMLS:C0339573	1
OPTN	UMLS:C3150692	1
AKAP9	UMLS:C2678483	1
SLC25A13	UMLS:C1853942	1
SLC25A15	UMLS:C0268540	1
CDK4	UMLS:C1836892	1
CD96	UMLS:C0796095	1
ZMPSTE24	UMLS:C1837756	1
CDKN2A	UMLS:C1835044	1
CDKN2A	UMLS:C1838547	1
ADAR	UMLS:C0406775	1
TCIRG1	UMLS:C1850127	1
TUBB3	UMLS:C2748801	1
EMG1	UMLS:C1859405	1
HAX1	UMLS:C1853118	1
SEC23A	UMLS:C1843042	1
CEBPA	UMLS:C0023467	1
FBLN5	UMLS:C0268351	1
FBLN5	UMLS:C1837187	1
RNASEH2A	UMLS:C1835912	1
AGPAT2	UMLS:C1720862	1
SPTLC1	UMLS:C3149656	1
SLC19A2	UMLS:C0342287	1
ARFGEF2	UMLS:C1842563	1
SLC34A2	UMLS:C0155912	1
NPC2	UMLS:C1843366	1
POMT1	UMLS:C0265221	1
POMT1	UMLS:C1836373	1
POMT1	UMLS:C3150415	1
PRPF8	UMLS:C1838702	1
SPINT2	UMLS:C0267663	1
EBP	UMLS:C2931843	1
DLL3	UMLS:C0265343	1
CLDN16	UMLS:C0268448	1
CETP	UMLS:C3149462	1
CFL2	UMLS:C1853154	1
MASP2	UMLS:C3151085	1
CTSC	UMLS:C0030360	1
CTSC	UMLS:C0031106	1
CTSC	UMLS:C1855627	1
CFTR	UMLS:C0010674	1
CFTR	UMLS:C0403814	1
SEPT9	UMLS:C1834304	1
GJB6	UMLS:C2675237	1
FTCD	UMLS:C0268609	1
PNPLA6	UMLS:C2677586	1
EDAR	UMLS:C0406702	1
EDAR	UMLS:C1720965	1
AFG3L2	UMLS:C1853249	1
SLC27A4	UMLS:C1837610	1
CHAT	UMLS:C0393929	1
TRIOBP	UMLS:C1853276	1
KERA	UMLS:C1857574	1
CAPN10	UMLS:C0011860	1
SLC7A9	UMLS:C0010691	1
LDB3	UMLS:C1832244	1
CHM	UMLS:C0008525	1
POLG2	UMLS:C1864668	1
PRRT2	UMLS:C1868682	1
TREX1	UMLS:C0024141	1
TREX1	UMLS:C0796126	1
HOGA1	UMLS:C3150878	1
PNKP	UMLS:C3150667	1
B4GALT7	UMLS:C1869122	1
LYST	UMLS:C0007965	1
PARK7	UMLS:C1853445	1
CHST14	UMLS:C1866294	1
SLC46A1	UMLS:C0342705	1
SLC52A3	UMLS:C0796274	1
CHRNA1	UMLS:C1837122	1
CHRNA1	UMLS:C1854678	1
CHRNA2	UMLS:C1835905	1
CHRNA4	UMLS:C1838049	1
CHRNB2	UMLS:C1854335	1
EFHC1	UMLS:C0270853	1
CHRND	UMLS:C1837122	1
CHRND	UMLS:C1854678	1
CHRNE	UMLS:C1837091	1
CHRNE	UMLS:C1837122	1
NLRP3	UMLS:C0268390	1
NLRP3	UMLS:C0343068	1
CHRNG	UMLS:C0265261	1
CHRNG	UMLS:C1854678	1
C1QTNF5	UMLS:C1854065	1
SLC22A12	UMLS:C0473219	1
AP2S1	UMLS:C1833372	1
TMC1	UMLS:C1832978	1
TMC1	UMLS:C1847626	1
ADD1	UMLS:C0020538	1
CLCN1	UMLS:C0751360	1
CLCN1	UMLS:C2936781	1
CLCN5	UMLS:C0403720	1
CLCN5	UMLS:C1839874	1
CLCN5	UMLS:C1845168	1
CLCN5	UMLS:C1848336	1
CLCN7	UMLS:C1969106	1
CLCNKA	UMLS:C2751312	1
CLCNKB	UMLS:C1846343	1
ZFYVE27	UMLS:C1853251	1
TPP1	UMLS:C1876161	1
CLN3	UMLS:C2931674	1
CYP2R1	UMLS:C1838657	1
CLN5	UMLS:C1850442	1
LRRK2	UMLS:C0030567	1
LRRK2	UMLS:C1846862	1
KRT74	UMLS:C1860238	1
FGD4	UMLS:C1836336	1
RXFP2	UMLS:C0010417	1
NIPA1	UMLS:C1838192	1
DNAAF1	UMLS:C2750790	1
ABCC2	UMLS:C0022350	1
CANT1	UMLS:C0432242	1
USH1G	UMLS:C1847089	1
CNGA3	UMLS:C1857618	1
CYP4F22	UMLS:C1858142	1
GJB4	UMLS:C0265961	1
COL1A1	UMLS:C0020497	1
COL1A1	UMLS:C0268335	1
COL1A1	UMLS:C0268358	1
COL1A1	UMLS:C0268362	1
COL1A1	UMLS:C0268363	1
COL1A2	UMLS:C0268358	1
COL1A2	UMLS:C0268362	1
COL1A2	UMLS:C0268363	1
COL2A1	UMLS:C0220685	1
COL2A1	UMLS:C0265253	1
COL2A1	UMLS:C0265279	1
COL2A1	UMLS:C0700635	1
COL2A1	UMLS:C1835437	1
COL2A1	UMLS:C1836080	1
COL2A1	UMLS:C1851536	1
COL2A1	UMLS:C1858079	1
COL2A1	UMLS:C2745959	1
COL3A1	UMLS:C0268337	1
COL4A1	UMLS:C1843512	1
COL4A1	UMLS:C1867983	1
COL4A1	UMLS:C2673195	1
COL4A3	UMLS:C0241908	1
PROKR2	UMLS:C0162809	1
COL4A5	UMLS:C1567742	1
CHMP4B	UMLS:C1854311	1
COL5A1	UMLS:C0268335	1
COL5A1	UMLS:C0268336	1
COL6A1	UMLS:C0410179	1
COL6A1	UMLS:C1834674	1
COL6A2	UMLS:C0410179	1
COL6A2	UMLS:C1834674	1
COL6A3	UMLS:C0410179	1
COL6A3	UMLS:C1834674	1
COL7A1	UMLS:C0079474	1
COL7A1	UMLS:C0432321	1
COL7A1	UMLS:C0432322	1
COL7A1	UMLS:C1275114	1
COL7A1	UMLS:C1843761	1
COL7A1	UMLS:C1851573	1
DIS3L2	UMLS:C0796113	1
COL8A2	UMLS:C1850959	1
COL8A2	UMLS:C1852795	1
COL9A2	UMLS:C0158252	1
BBS5	UMLS:C0752166	1
COL10A1	UMLS:C0265289	1
COL11A1	UMLS:C1858084	1
COL11A2	UMLS:C0432210	1
COL11A2	UMLS:C1848488	1
COL11A2	UMLS:C1864746	1
COL11A2	UMLS:C1866095	1
ZNF513	UMLS:C3150879	1
COL17A1	UMLS:C0268374	1
COMP	UMLS:C0410538	1
COMP	UMLS:C1838280	1
COMT	UMLS:C0036341	1
UROC1	UMLS:C0268514	1
EVC2	UMLS:C0013903	1
COX6B1	UMLS:C0268237	1
WDR36	UMLS:C1835933	1
COX15	UMLS:C0023264	1
NOBOX	UMLS:C1969060	1
CPN1	UMLS:C0398782	1
CPOX	UMLS:C0162531	1
CPS1	UMLS:C0751753	1
CPT2	UMLS:C1833508	1
NKX2-6	UMLS:C1857586	1
CREBBP	UMLS:C0035934	1
CRX	UMLS:C0035334	1
TRPM6	UMLS:C1865974	1
CRYAB	UMLS:C1837317	1
CRYBA4	UMLS:C1864878	1
CRYBA4	UMLS:C1864879	1
CRYBB3	UMLS:C1857853	1
CRYGD	UMLS:C1861832	1
CSF2RA	UMLS:C2677877	1
CSF3R	UMLS:C0543669	1
PRICKLE1	UMLS:C2676254	1
RDH12	UMLS:C2675186	1
CCBE1	UMLS:C0340834	1
APCDD1	UMLS:C1854310	1
CSTB	UMLS:C0751785	1
SIX5	UMLS:C1970479	1
NKX2-5	UMLS:C0039685	1
NKX2-5	UMLS:C2673630	1
NKX2-5	UMLS:C3276096	1
HFE2	UMLS:C1865614	1
CLDN19	UMLS:C1855466	1
CTNS	UMLS:C0268626	1
CTNS	UMLS:C2931013	1
CTNNB1	UMLS:C0025149	1
CTNNB1	UMLS:C0206711	1
CTSD	UMLS:C1864669	1
CTSK	UMLS:C0238402	1
SLC36A2	UMLS:C0268654	1
SLC36A2	UMLS:C0543541	1
CYBA	UMLS:C1856255	1
CYBB	UMLS:C1844376	1
CYLD	UMLS:C1275122	1
CYP1B1	UMLS:C0339573	1
CYP1B1	UMLS:C1842028	1
CYP1B1	UMLS:C1856439	1
KCTD7	UMLS:C2673257	1
ESCO2	UMLS:C0392475	1
VPS13B	UMLS:C0265223	1
ADSL	UMLS:C0268126	1
FREM1	UMLS:C1855425	1
FREM1	UMLS:C2750433	1
CYP11B1	UMLS:C0268292	1
CYP11B2	UMLS:C0268293	1
CYP17A1	UMLS:C0268285	1
CYP19A1	UMLS:C1970109	1
CYP21A2	UMLS:C2936858	1
CYP27A1	UMLS:C0238052	1
CYP27B1	UMLS:C0268689	1
AARS	UMLS:C2750090	1
SPRED1	UMLS:C1969623	1
DBH	UMLS:C0342687	1
NAGS	UMLS:C0268543	1
DBT	UMLS:C0024776	1
ACE	UMLS:C0002395	1
ACE	UMLS:C0020538	1
ACE	UMLS:C0027051	1
DCTN1	UMLS:C1843315	1
DCTN1	UMLS:C1868594	1
DCX	UMLS:C1848199	1
DDB2	UMLS:C1848411	1
TMPRSS6	UMLS:C0085576	1
DDX11	UMLS:C3150658	1
BBS12	UMLS:C0752166	1
MMAA	UMLS:C1855109	1
DES	UMLS:C1832370	1
DES	UMLS:C1858154	1
DES	UMLS:C1867005	1
TIMM8A	UMLS:C0796074	1
COCH	UMLS:C1832425	1
KCNV2	UMLS:C1835897	1
ARX	UMLS:C0796124	1
ARX	UMLS:C0796244	1
ARX	UMLS:C1846171	1
ARX	UMLS:C3463992	1
DGUOK	UMLS:C3151513	1
DHCR7	UMLS:C0175694	1
DHCR24	UMLS:C1865596	1
CYB5R3	UMLS:C0268193	1
DKC1	UMLS:C1846142	1
AGA	UMLS:C0268225	1
DMD	UMLS:C0013264	1
SARDH	UMLS:C0268563	1
ACAN	UMLS:C0029421	1
ACAN	UMLS:C2748544	1
DNAH5	UMLS:C1837618	1
AGL	UMLS:C0017922	1
DNM2	UMLS:C1834558	1
DNM2	UMLS:C1847902	1
DNMT3B	UMLS:C0398788	1
DPAGT1	UMLS:C2931004	1
ABAT	UMLS:C0342708	1
DPYD	UMLS:C1959620	1
DPYS	UMLS:C0342803	1
DRD4	UMLS:C1263846	1
JAG1	UMLS:C0039685	1
DSC2	UMLS:C1864850	1
DSG2	UMLS:C1857777	1
AGT	UMLS:C0020538	1
AGT	UMLS:C0266313	1
DSP	UMLS:C1843292	1
DSP	UMLS:C1843896	1
DSPP	UMLS:C0399378	1
DSPP	UMLS:C0399380	1
DSPP	UMLS:C1854146	1
SLC26A2	UMLS:C0265274	1
SLC26A2	UMLS:C1847593	1
SLC26A2	UMLS:C1850554	1
DTNA	UMLS:C1858725	1
AGTR1	UMLS:C0020538	1
AGTR1	UMLS:C0266313	1
AGXT	UMLS:C0268164	1
TYMP	UMLS:C0872218	1
ECM1	UMLS:C0023795	1
EDA	UMLS:C0162359	1
EDA	UMLS:C1970757	1
ABCA1	UMLS:C0039292	1
EDN3	UMLS:C2750457	1
EDNRB	UMLS:C1848519	1
EFNB1	UMLS:C0220767	1
EGF	UMLS:C2673648	1
EGR2	UMLS:C0393818	1
EGR2	UMLS:C1843247	1
EIF2B1	UMLS:C1858991	1
UBR1	UMLS:C0175692	1
ELANE	UMLS:C0221023	1
ELANE	UMLS:C1859966	1
PIKFYVE	UMLS:C1562113	1
ARL13B	UMLS:C2676771	1
FLCN	UMLS:C0346010	1
FLCN	UMLS:C1868193	1
ENG	UMLS:C0039445	1
ENO3	UMLS:C2752027	1
AK1	UMLS:C2675459	1
EPAS1	UMLS:C2673187	1
EPB42	UMLS:C2675192	1
ANO5	UMLS:C1833736	1
ANO5	UMLS:C1969785	1
AK2	UMLS:C0272167	1
CLN8	UMLS:C1864923	1
EPOR	UMLS:C1851490	1
ERCC1	UMLS:C1853100	1
ERCC2	UMLS:C0268138	1
ERCC2	UMLS:C1853102	1
ERCC2	UMLS:C1866504	1
ERCC3	UMLS:C0268136	1
ERCC3	UMLS:C1866504	1
ERCC4	UMLS:C0268140	1
ERCC4	UMLS:C1970416	1
ERCC5	UMLS:C0268141	1
ERCC6	UMLS:C0220722	1
AKT2	UMLS:C0011860	1
ABCA3	UMLS:C1970456	1
ALAD	UMLS:C0268328	1
ESRRB	UMLS:C1837857	1
ETFA	UMLS:C0268596	1
ETFB	UMLS:C0268596	1
ALAS2	UMLS:C0221018	1
EVC	UMLS:C0013903	1
EVC	UMLS:C0457013	1
EXT1	UMLS:C0008479	1
EXT1	UMLS:C0015306	1
EXT2	UMLS:C1851413	1
EYA1	UMLS:C2936782	1
F2	UMLS:C0020640	1
ABCD1	UMLS:C0162309	1
F5	UMLS:C0015499	1
F5	UMLS:C1861171	1
F7	UMLS:C0015503	1
F9	UMLS:C0008533	1
F9	UMLS:C2749016	1
F11	UMLS:C0015523	1
F12	UMLS:C0015526	1
F12	UMLS:C1857728	1
FANCD2	UMLS:C3160738	1
ACSL4	UMLS:C1845672	1
HYLS1	UMLS:C1856016	1
ABCB7	UMLS:C1845028	1
FBN1	UMLS:C0024796	1
FBN1	UMLS:C1321551	1
FBN1	UMLS:C1861456	1
FBN1	UMLS:C3149104	1
LRTOMT	UMLS:C1969621	1
FBN2	UMLS:C0220668	1
EFEMP1	UMLS:C1832174	1
FBP1	UMLS:C0016756	1
FKTN	UMLS:C0410174	1
FKTN	UMLS:C1969024	1
FKTN	UMLS:C1969040	1
FKTN	UMLS:C2751052	1
LHFPL5	UMLS:C1853223	1
FECH	UMLS:C0162568	1
ALDH3A2	UMLS:C0037231	1
FGA	UMLS:C0268389	1
FGB	UMLS:C0019250	1
FGD1	UMLS:C0175701	1
FGF3	UMLS:C1853144	1
FGF9	UMLS:C2751826	1
FGF10	UMLS:C0265269	1
FGF14	UMLS:C1836383	1
ALDOA	UMLS:C0272066	1
FGFR1	UMLS:C0432122	1
FGFR1	UMLS:C0432283	1
FGFR3	UMLS:C0001080	1
FGFR3	UMLS:C0265269	1
FGFR3	UMLS:C0334082	1
FGFR3	UMLS:C0410529	1
FGFR3	UMLS:C1300257	1
FGFR3	UMLS:C1864436	1
FGFR3	UMLS:C1864852	1
FGFR3	UMLS:C2677099	1
FGFR2	UMLS:C0010273	1
FGFR2	UMLS:C0265269	1
FGFR2	UMLS:C0795998	1
FGFR2	UMLS:C1852406	1
FGFR2	UMLS:C1865070	1
FGFR2	UMLS:C2936791	1
FH	UMLS:C1708350	1
FHL1	UMLS:C2678027	1
FHL1	UMLS:C2678055	1
FHL1	UMLS:C2678061	1
DOLK	UMLS:C1835849	1
ICK	UMLS:C2675227	1
ALDOB	UMLS:C0016751	1
FOXG1	UMLS:C3150705	1
RPIA	UMLS:C1291609	1
CCT5	UMLS:C1850395	1
TRIM32	UMLS:C0270968	1
TRIM32	UMLS:C0752166	1
FOXC1	UMLS:C1866560	1
FOXC1	UMLS:C2678503	1
RIMS1	UMLS:C1863634	1
FOXE3	UMLS:C1862839	1
SNRNP200	UMLS:C1835895	1
FOXC2	UMLS:C0265345	1
FOXE1	UMLS:C1855794	1
SETX	UMLS:C1853761	1
SETX	UMLS:C1865409	1
ARHGAP26	UMLS:C0349639	1
KIF1B	UMLS:C1861678	1
IQSEC2	UMLS:C2931498	1
PHF8	UMLS:C1846055	1
FLNA	UMLS:C0262436	1
FLNA	UMLS:C0265251	1
FLNA	UMLS:C0265293	1
FLNA	UMLS:C1844696	1
FLNA	UMLS:C1845235	1
FLNA	UMLS:C1848213	1
FLNB	UMLS:C0265283	1
FLNB	UMLS:C0432201	1
FLNB	UMLS:C1862414	1
GPD1L	UMLS:C2673193	1
MLC1	UMLS:C1858854	1
NBEAL2	UMLS:C0272302	1
FLT3	UMLS:C0023467	1
ARHGEF9	UMLS:C1845102	1
VPS13A	UMLS:C0393576	1
FLT4	UMLS:C1704423	1
FLT4	UMLS:C1865871	1
FMO3	UMLS:C0342739	1
FMR1	UMLS:C0016667	1
RPGRIP1L	UMLS:C1857662	1
RPGRIP1L	UMLS:C1969052	1
RPGRIP1L	UMLS:C1969053	1
SMCHD1	UMLS:C1834671	1
FN1	UMLS:C1866075	1
NCSTN	UMLS:C1840560	1
MED13L	UMLS:C1837341	1
PIP5K1C	UMLS:C1969655	1
ATP13A2	UMLS:C1847640	1
DICER1	UMLS:C1266144	1
ZFPM2	UMLS:C0039685	1
CRB1	UMLS:C1838647	1
CRB1	UMLS:C1868310	1
ETHE1	UMLS:C1865349	1
TNFRSF13B	UMLS:C1836032	1
TSPAN12	UMLS:C2750079	1
AMACR	UMLS:C1858328	1
NUP62	UMLS:C0795996	1
AIPL1	UMLS:C1858386	1
ABCA4	UMLS:C1855465	1
ABCA4	UMLS:C1858806	1
ABCA4	UMLS:C3495438	1
ALOX12B	UMLS:C1855792	1
SLC17A8	UMLS:C1854158	1
FSHB	UMLS:C1856716	1
ALPL	UMLS:C0268413	1
FSHR	UMLS:C0085083	1
FSHR	UMLS:C0685838	1
FTL	UMLS:C1853578	1
NR5A1	UMLS:C2751825	1
FUCA1	UMLS:C0016788	1
G6PC	UMLS:C0017920	1
MSRB3	UMLS:C2239351	1
BRWD3	UMLS:C1970841	1
SLC37A4	UMLS:C0268146	1
SLC37A4	UMLS:C0342749	1
GAA	UMLS:C0017921	1
PCSK9	UMLS:C1863551	1
MFSD8	UMLS:C1838571	1
GABRG2	UMLS:C1858674	1
ALX3	UMLS:C1876203	1
GAD1	UMLS:C2751938	1
RAB3GAP2	UMLS:C0796037	1
FBXO7	UMLS:C1850100	1
GALC	UMLS:C0023521	1
NIPBL	UMLS:C0270972	1
COG4	UMLS:C3150736	1
NDUFAF3	UMLS:C1838979	1
TMIE	UMLS:C1832992	1
GAMT	UMLS:C0574080	1
SAMHD1	UMLS:C2749659	1
PNKD	UMLS:C1869117	1
MMACHC	UMLS:C1848561	1
CHMP2B	UMLS:C1833296	1
SETBP1	UMLS:C0265227	1
GIGYF2	UMLS:C1843211	1
LDLRAP1	UMLS:C1863512	1
PRPF31	UMLS:C1838601	1
ABCA12	UMLS:C0598226	1
ABCA12	UMLS:C1832550	1
GARS	UMLS:C1832274	1
GARS	UMLS:C1833308	1
NPHP4	UMLS:C1846979	1
NPHP4	UMLS:C1847013	1
PHGDH	UMLS:C1866174	1
GATA1	UMLS:C1839161	1
GATA1	UMLS:C1845837	1
GATA3	UMLS:C1840333	1
GATA4	UMLS:C1842778	1
HIBCH	UMLS:C0342738	1
VPS33B	UMLS:C1859722	1
TINF2	UMLS:C1327916	1
SACS	UMLS:C1849140	1
GBE1	UMLS:C0017923	1
HSPB8	UMLS:C1834692	1
HSPB8	UMLS:C1837552	1
GCDH	UMLS:C0268595	1
GCH1	UMLS:C0268467	1
GCH1	UMLS:C1851920	1
GCK	UMLS:C0011860	1
GCK	UMLS:C1841962	1
GCK	UMLS:C1865290	1
AMELX	UMLS:C1845052	1
CNNM4	UMLS:C3495589	1
OPN1MW	UMLS:C0339537	1
OPN1MW	UMLS:C1415024	1
GDF1	UMLS:C0039685	1
GDF1	UMLS:C1857586	1
BSCL2	UMLS:C1720863	1
BSCL2	UMLS:C1833308	1
BSCL2	UMLS:C2931276	1
GFAP	UMLS:C0270726	1
GFER	UMLS:C2751320	1
GFI1	UMLS:C1842930	1
GFI1	UMLS:C2751288	1
GGCX	UMLS:C1835813	1
GGCX	UMLS:C1848534	1
AMH	UMLS:C1849930	1
GH1	UMLS:C0271567	1
GH1	UMLS:C1849779	1
GH1	UMLS:C2748571	1
AMHR2	UMLS:C1849930	1
GHR	UMLS:C0271568	1
GHR	UMLS:C1858656	1
GHRHR	UMLS:C2748571	1
GHSR	UMLS:C1858656	1
GIF	UMLS:C1394891	1
GJA1	UMLS:C0018522	1
GJA1	UMLS:C0152101	1
GJA1	UMLS:C0812437	1
GJA1	UMLS:C1861366	1
GJA1	UMLS:C3275750	1
GJA3	UMLS:C1866078	1
DNAI1	UMLS:C0022521	1
GJA5	UMLS:C1838539	1
GJA8	UMLS:C1861828	1
NPHP3	UMLS:C1858392	1
NPHP3	UMLS:C2673883	1
ATP2C1	UMLS:C0085106	1
ACAD8	UMLS:C1969809	1
GJB1	UMLS:C0393808	1
GJB2	UMLS:C0265336	1
GJB2	UMLS:C0265964	1
GJB2	UMLS:C0266004	1
GJB2	UMLS:C1835672	1
GJB2	UMLS:C1865234	1
GJB2	UMLS:C2673759	1
GJB2	UMLS:C2675750	1
GJB3	UMLS:C0265961	1
GJB3	UMLS:C2675236	1
GK	UMLS:C0268418	1
INVS	UMLS:C1865872	1
GLA	UMLS:C0002986	1
DISC1	UMLS:C0036341	1
GPC3	UMLS:C0796154	1
GNMT	UMLS:C1847720	1
COQ2	UMLS:C1843920	1
BBS9	UMLS:C0752166	1
MMADHC	UMLS:C1848552	1
SRPX2	UMLS:C1845070	1
GCLC	UMLS:C1856603	1
GLDC	UMLS:C0751748	1
GLE1	UMLS:C1854664	1
GLE1	UMLS:C2678471	1
GLI2	UMLS:C1835819	1
GLI3	UMLS:C0220697	1
GLI3	UMLS:C0265306	1
BIN1	UMLS:C0410204	1
GLRA1	UMLS:C1835614	1
HTRA2	UMLS:C1853202	1
GLUD1	UMLS:C1847555	1
AMT	UMLS:C0751748	1
GLUL	UMLS:C1864910	1
GM2A	UMLS:C0268275	1
GNAS	UMLS:C0334041	1
GNAS	UMLS:C3494506	1
GNAT1	UMLS:C1864870	1
GNRHR	UMLS:C0271582	1
GP1BA	UMLS:C0005129	1
GP1BA	UMLS:C1280798	1
GP1BA	UMLS:C3277076	1
GP1BB	UMLS:C0005129	1
GP9	UMLS:C0005129	1
GPI	UMLS:C3150730	1
RBM20	UMLS:C2750995	1
ANG	UMLS:C2678468	1
TSEN54	UMLS:C1848526	1
TSEN54	UMLS:C1856974	1
SUMF1	UMLS:C0268263	1
CYP4V2	UMLS:C1859486	1
DOK7	UMLS:C1850792	1
SH3PXD2B	UMLS:C1855305	1
ANK1	UMLS:C2674218	1
ILDR1	UMLS:C1864818	1
ANK2	UMLS:C1970119	1
GRIA3	UMLS:C2678051	1
GRN	UMLS:C1843792	1
FLVCR1	UMLS:C1836916	1
C1GALT1C1	UMLS:C0272137	1
NDUFAF4	UMLS:C1838979	1
SLC25A4	UMLS:C1836460	1
GRM6	UMLS:C1850362	1
GSN	UMLS:C1622345	1
GSS	UMLS:C0398746	1
GUCA1A	UMLS:C1865869	1
GUSB	UMLS:C0085132	1
UBIAD1	UMLS:C0271287	1
GYG1	UMLS:C3150754	1
POMT2	UMLS:C3150411	1
POMT2	UMLS:C3150416	1
POMT2	UMLS:C3150418	1
DMGDH	UMLS:C1853892	1
PSAT1	UMLS:C1970253	1
GYS2	UMLS:C1855861	1
GUCY2D	UMLS:C1866293	1
GUCY2D	UMLS:C2931258	1
SLC40A1	UMLS:C1853733	1
RAX	UMLS:C1970237	1
HSD17B10	UMLS:C1845517	1
HADHA	UMLS:C0342786	1
HADHB	UMLS:C0342786	1
HADH	UMLS:C1291230	1
HADH	UMLS:C1864948	1
HAL	UMLS:C0220992	1
HBB	UMLS:C0005283	1
HCCS	UMLS:C0796070	1
SERPIND1	UMLS:C0398626	1
HTT	UMLS:C0020179	1
HEXA	UMLS:C0039373	1
HEXB	UMLS:C0036161	1
CFH	UMLS:C0242383	1
CFH	UMLS:C0398777	1
CFH	UMLS:C1853147	1
HFE	UMLS:C0018995	1
HGD	UMLS:C0002066	1
VSX1	UMLS:C0339284	1
VSX1	UMLS:C1835677	1
HK1	UMLS:C3150343	1
MNX1	UMLS:C1531773	1
HLA-DRB1	UMLS:C0003873	1
HLCS	UMLS:C0268581	1
HMBS	UMLS:C0162565	1
HMGCS2	UMLS:C2751532	1
HNF4A	UMLS:C1852093	1
HOXA2	UMLS:C2676772	1
HOXA13	UMLS:C1841679	1
HOXA13	UMLS:C1867801	1
HOXD10	UMLS:C0240912	1
HOXD13	UMLS:C0220664	1
HOXD13	UMLS:C1861348	1
HOXD13	UMLS:C1861367	1
HOXD13	UMLS:C1862102	1
APC	UMLS:C0025149	1
HPGD	UMLS:C0029411	1
HPGD	UMLS:C1861514	1
HPRT1	UMLS:C0023374	1
HPRT1	UMLS:C0268117	1
HRAS	UMLS:C0265318	1
HRAS	UMLS:C0587248	1
MMAB	UMLS:C1855102	1
HRG	UMLS:C2751090	1
HSD17B3	UMLS:C0268296	1
HSD17B4	UMLS:C0342870	1
HSF4	UMLS:C0266537	1
HSPB1	UMLS:C1847823	1
HSPB1	UMLS:C2608087	1
HSPD1	UMLS:C1854467	1
HSPD1	UMLS:C2677109	1
APOA1	UMLS:C0268389	1
HYAL1	UMLS:C1291490	1
APOB	UMLS:C1704417	1
VSX2	UMLS:C1864720	1
VSX2	UMLS:C1864721	1
ACADM	UMLS:C0220710	1
SLC6A19	UMLS:C0018609	1
FREM2	UMLS:C0265233	1
IDH2	UMLS:C3150909	1
CFI	UMLS:C3463916	1
RSPH4A	UMLS:C2675229	1
EYS	UMLS:C1864446	1
ZFP57	UMLS:C1832386	1
ZNF81	UMLS:C1845333	1
TUBB2B	UMLS:C2750247	1
APOE	UMLS:C0002395	1
APOE	UMLS:C2673196	1
IGF1R	UMLS:C1849157	1
NIPAL4	UMLS:C2677065	1
ACADS	UMLS:C0342783	1
IGHMBP2	UMLS:C1858517	1
APP	UMLS:C0002395	1
APP	UMLS:C2751536	1
IHH	UMLS:C1843096	1
IHH	UMLS:C1862151	1
FAS	UMLS:C1328840	1
IL2RG	UMLS:C2931540	1
IL4	UMLS:C0004096	1
IL6	UMLS:C0011860	1
IL10RA	UMLS:C2751053	1
IL13	UMLS:C0004096	1
ACADSB	UMLS:C1864912	1
IMPDH1	UMLS:C1867299	1
ING1	UMLS:C1168401	1
INS	UMLS:C1833104	1
INS	UMLS:C1852092	1
INS	UMLS:C3150617	1
INSL3	UMLS:C0010417	1
INSR	UMLS:C0265344	1
INSR	UMLS:C0342278	1
INSR	UMLS:C1864952	1
PDX1	UMLS:C1833382	1
IRF6	UMLS:C0175697	1
IRF6	UMLS:C0265259	1
IRF6	UMLS:C1837213	1
IRS1	UMLS:C0011860	1
AR	UMLS:C0039585	1
ITGA2B	UMLS:C0040015	1
ABCC6	UMLS:C0033847	1
ITGB2	UMLS:C0398738	1
ITGB3	UMLS:C0040015	1
ITGB4	UMLS:C0268374	1
ITGB4	UMLS:C1856934	1
ACADVL	UMLS:C0342784	1
ITK	UMLS:C2751686	1
ITPR1	UMLS:C1847725	1
ITPR1	UMLS:C1861732	1
IVD	UMLS:C0268575	1
JAK2	UMLS:C0023467	1
JAK2	UMLS:C0032463	1
JUP	UMLS:C1969081	1
KARS	UMLS:C3150897	1
KCNA1	UMLS:C1719788	1
PTPRQ	UMLS:C3150654	1
KIF7	UMLS:C0796147	1
KCNC3	UMLS:C1854488	1
CERKL	UMLS:C1842127	1
KCNE1	UMLS:C1867904	1
KCNH2	UMLS:C1865020	1
KCNH2	UMLS:C3150943	1
AGRN	UMLS:C1850792	1
KCNJ1	UMLS:C1855849	1
KCNJ2	UMLS:C1563715	1
KCNJ2	UMLS:C1865018	1
KCNJ5	UMLS:C3150733	1
KCNJ10	UMLS:C2748572	1
KCNJ11	UMLS:C1833104	1
KCNJ11	UMLS:C1864623	1
KCNJ11	UMLS:C2931833	1
KCNJ13	UMLS:C1860405	1
KCNMA1	UMLS:C1836173	1
KCNQ1	UMLS:C0022387	1
KCNQ1	UMLS:C0035828	1
KCNQ1	UMLS:C1837014	1
KCNQ1	UMLS:C1865019	1
KCNQ2	UMLS:C3149074	1
KCNQ2	UMLS:C3150986	1
KCNQ3	UMLS:C1852581	1
NHLRC1	UMLS:C0751783	1
KDR	UMLS:C1865871	1
KIF5A	UMLS:C1858712	1
ACAT1	UMLS:C1536500	1
KIT	UMLS:C0080024	1
KIT	UMLS:C0238198	1
KLKB1	UMLS:C0272339	1
ARG1	UMLS:C0268548	1
KRAS	UMLS:C1275081	1
KRAS	UMLS:C1860991	1
KRT1	UMLS:C0079153	1
KRT1	UMLS:C1833030	1
KRT1	UMLS:C1843463	1
KRT2	UMLS:C0432306	1
KRT3	UMLS:C0339277	1
KRT4	UMLS:C1721005	1
KRT5	UMLS:C0432316	1
KRT6B	UMLS:C1721007	1
KRT8	UMLS:C1861556	1
KRT9	UMLS:C1721006	1
KRT10	UMLS:C0079153	1
KRT10	UMLS:C1843463	1
KRT12	UMLS:C0339277	1
KRT13	UMLS:C1721005	1
KRT14	UMLS:C1832926	1
KRT16	UMLS:C2751804	1
KRT17	UMLS:C0259771	1
KRT17	UMLS:C1721007	1
KRT18	UMLS:C1861556	1
KRT81	UMLS:C0546966	1
KRT83	UMLS:C0546966	1
C2orf71	UMLS:C3150691	1
KRT85	UMLS:C1865951	1
KRT86	UMLS:C0546966	1
GRXCR1	UMLS:C1414017	1
IYD	UMLS:C0342195	1
L1CAM	UMLS:C0265216	1
L1CAM	UMLS:C0795953	1
L1CAM	UMLS:C1839909	1
KBTBD13	UMLS:C1836472	1
LAMA2	UMLS:C1263858	1
LAMB2	UMLS:C1836876	1
LAMB3	UMLS:C0268374	1
LAMP2	UMLS:C0878677	1
GDF6	UMLS:C1861689	1
GDF6	UMLS:C2751307	1
LBR	UMLS:C0030779	1
LBR	UMLS:C0748397	1
LCAT	UMLS:C0023195	1
LCT	UMLS:C0268179	1
LDLR	UMLS:C0020443	1
LDLR	UMLS:C0745103	1
LEP	UMLS:C0028754	1
LEPR	UMLS:C0028754	1
LFNG	UMLS:C1853296	1
LHCGR	UMLS:C0266432	1
LHCGR	UMLS:C0342549	1
LIFR	UMLS:C0796176	1
LIG4	UMLS:C1847827	1
LMNA	UMLS:C0033300	1
LMNA	UMLS:C0432291	1
LMNA	UMLS:C1720860	1
LMNA	UMLS:C1834653	1
LMNA	UMLS:C1854154	1
LMNA	UMLS:C2750785	1
PHOX2A	UMLS:C1865915	1
LMX1B	UMLS:C0027341	1
LPL	UMLS:C0023817	1
LRP2	UMLS:C1857277	1
LRP4	UMLS:C1859309	1
LRP6	UMLS:C1970440	1
LRP5	UMLS:C0432252	1
LRP5	UMLS:C0432273	1
LRP5	UMLS:C1843323	1
LRP5	UMLS:C1843330	1
LRP5	UMLS:C1866176	1
GTF2H5	UMLS:C1866504	1
LYZ	UMLS:C0268389	1
EPCAM	UMLS:C2750737	1
SMAD4	UMLS:C0345893	1
SMAD4	UMLS:C0796081	1
SMAD4	UMLS:C1832942	1
MAF	UMLS:C1857768	1
ARSA	UMLS:C0023522	1
ARSB	UMLS:C0026709	1
STS	UMLS:C0079588	1
MAN2B1	UMLS:C0024748	1
MAPT	UMLS:C0038868	1
MAPT	UMLS:C0236642	1
MAPT	UMLS:C0338451	1
MAT1A	UMLS:C0268621	1
MATN3	UMLS:C1837481	1
MATN3	UMLS:C1846843	1
ARSE	UMLS:C1844853	1
MC1R	UMLS:C2751295	1
MC2R	UMLS:C1859974	1
MC4R	UMLS:C0028754	1
CHST6	UMLS:C1636149	1
MECP2	UMLS:C0035372	1
MECP2	UMLS:C1968550	1
MEFV	UMLS:C0031069	1
MEFV	UMLS:C1851347	1
MEN1	UMLS:C0025267	1
MET	UMLS:C2239176	1
MGAT2	UMLS:C2931008	1
KITLG	UMLS:C1840392	1
CIITA	UMLS:C2931418	1
MID1	UMLS:C2936904	1
MITF	UMLS:C0391816	1
MITF	UMLS:C1860339	1
MLH1	UMLS:C0265325	1
MLH1	UMLS:C1333991	1
KMT2A	UMLS:C0023467	1
NR3C2	UMLS:C1854631	1
TRPM1	UMLS:C2750747	1
MMP2	UMLS:C1850155	1
MMP13	UMLS:C1865832	1
MOCS1	UMLS:C0268119	1
MOCS2	UMLS:C0268119	1
ASL	UMLS:C0268547	1
MPI	UMLS:C1865145	1
MPO	UMLS:C0398595	1
MPV17	UMLS:C1850406	1
MPZ	UMLS:C0205713	1
MPZ	UMLS:C0393818	1
MPZ	UMLS:C1837552	1
MPZ	UMLS:C1843075	1
MPZ	UMLS:C1843153	1
MRE11A	UMLS:C1858391	1
ALG11	UMLS:C3150913	1
ASPA	UMLS:C0206307	1
ASS1	UMLS:C0175683	1
MSX1	UMLS:C1837210	1
MSX1	UMLS:C3489529	1
MSX2	UMLS:C1858160	1
MSX2	UMLS:C1868598	1
MTHFR	UMLS:C1856058	1
MTM1	UMLS:C0410203	1
ND1	UMLS:C0917796	1
ND4	UMLS:C0917796	1
ND6	UMLS:C0917796	1
MTTP	UMLS:C0000744	1
MTR	UMLS:C1855128	1
MTRR	UMLS:C1856057	1
TRIM37	UMLS:C0524582	1
MUSK	UMLS:C1837091	1
MUT	UMLS:C1855114	1
MUTYH	UMLS:C1837991	1
MYBPC3	UMLS:C1861862	1
MYCN	UMLS:C0796068	1
MYD88	UMLS:C2677092	1
SERPINC1	UMLS:C0272375	1
MYH3	UMLS:C0265224	1
MYH3	UMLS:C1834523	1
MYH6	UMLS:C2750466	1
MYH6	UMLS:C2750467	1
MYH7	UMLS:C0751337	1
MYH7	UMLS:C1834481	1
MYH7	UMLS:C1842160	1
MYH7	UMLS:C3495498	1
MYH8	UMLS:C0265226	1
MYH8	UMLS:C1837245	1
MYH9	UMLS:C0340978	1
MYH9	UMLS:C0398641	1
MYH9	UMLS:C0403445	1
MYH9	UMLS:C1834478	1
MYH9	UMLS:C1854520	1
MYH9	UMLS:C1863659	1
MYH11	UMLS:C1851504	1
MYL2	UMLS:C1834460	1
MYL3	UMLS:C1837471	1
MYO1A	UMLS:C1842939	1
MYO5B	UMLS:C0341306	1
MYO6	UMLS:C1843028	1
MYO6	UMLS:C1853441	1
MYO7A	UMLS:C1832475	1
MYO7A	UMLS:C1838701	1
MYOC	UMLS:C1842028	1
NAGA	UMLS:C1836522	1
NAGA	UMLS:C1836544	1
NCF2	UMLS:C1856245	1
NDP	UMLS:C0266526	1
NDP	UMLS:C1844579	1
NDUFA1	UMLS:C1838979	1
ATIC	UMLS:C1837530	1
NDUFS1	UMLS:C1838979	1
ATM	UMLS:C0004135	1
NDUFS2	UMLS:C1838979	1
NDUFV1	UMLS:C0023264	1
NDUFV1	UMLS:C1838979	1
NDUFS8	UMLS:C0023264	1
NEFL	UMLS:C1843164	1
NEFL	UMLS:C1843225	1
NEU1	UMLS:C0268228	1
NEUROD1	UMLS:C1853371	1
NF1	UMLS:C0027831	1
NF1	UMLS:C1834235	1
NF1	UMLS:C2931482	1
ATP1A2	UMLS:C0338488	1
ATP1A2	UMLS:C1865322	1
NF2	UMLS:C0027832	1
ATP1A3	UMLS:C1868681	1
NFKBIA	UMLS:C2677481	1
NGF	UMLS:C0020075	1
NODAL	UMLS:C3495537	1
NOS3	UMLS:C0020538	1
NOTCH3	UMLS:C0751587	1
FXYD2	UMLS:C1835171	1
PNP	UMLS:C0268125	1
NPHP1	UMLS:C1855681	1
ATP2A1	UMLS:C1832918	1
ATP2A2	UMLS:C0022595	1
NPR2	UMLS:C1864356	1
SLC11A2	UMLS:C2673913	1
NRAS	UMLS:C2750732	1
NT5E	UMLS:C1859372	1
ATP2B3	UMLS:C0796205	1
ROR2	UMLS:C1849334	1
DDR2	UMLS:C1849011	1
GPR143	UMLS:C0342684	1
GPR143	UMLS:C3151752	1
DFNB59	UMLS:C1857744	1
OCA2	UMLS:C0268495	1
OCRL	UMLS:C0028860	1
OCRL	UMLS:C1845167	1
OPA1	UMLS:C0338508	1
SIX6	UMLS:C1859311	1
ORC1	UMLS:C1868684	1
OTC	UMLS:C0268542	1
ALDH7A1	UMLS:C1849508	1
OTX2	UMLS:C1864690	1
OXCT1	UMLS:C0342792	1
RRM2B	UMLS:C2749861	1
SMARCAL1	UMLS:C0877024	1
DUOX2	UMLS:C1846632	1
ATP6V0A4	UMLS:C1864498	1
PAK3	UMLS:C0796237	1
NEUROG3	UMLS:C1835888	1
PARK2	UMLS:C1868675	1
PAX2	UMLS:C1852759	1
PAX3	UMLS:C1852510	1
PAX4	UMLS:C2677132	1
PAX6	UMLS:C0003076	1
PAX6	UMLS:C0009363	1
PAX6	UMLS:C0344559	1
PAX6	UMLS:C1833797	1
PAX6	UMLS:C2931644	1
NSDHL	UMLS:C0265267	1
PAX9	UMLS:C1970291	1
DHH	UMLS:C1856273	1
PC	UMLS:C0034341	1
PCBD1	UMLS:C1849700	1
IMPG2	UMLS:C3150819	1
FOXP3	UMLS:C0342288	1
TBX22	UMLS:C1844830	1
PCCA	UMLS:C0268579	1
PCCB	UMLS:C0268579	1
SOST	UMLS:C0265301	1
ACOX1	UMLS:C1849678	1
ATL1	UMLS:C2931355	1
POLR1D	UMLS:C3150983	1
ABHD5	UMLS:C0268238	1
ZDHHC9	UMLS:C3275406	1
SBDS	UMLS:C0272170	1
SAR1B	UMLS:C0795956	1
SLC45A2	UMLS:C1847836	1
MYO15A	UMLS:C1838263	1
PLCE1	UMLS:C1853124	1
PCSK1	UMLS:C1833053	1
NT5C3A	UMLS:C1849507	1
TMEM216	UMLS:C1842577	1
TMEM216	UMLS:C1864148	1
KCNK9	UMLS:C2676770	1
PRKAG2	UMLS:C0043202	1
PRKAG2	UMLS:C1833236	1
PRKAG2	UMLS:C1849813	1
PDE6C	UMLS:C2751308	1
PDGFRA	UMLS:C0238198	1
PDE6B	UMLS:C1876182	1
PDHA1	UMLS:C0034345	1
PDHA1	UMLS:C1839885	1
ENPP1	UMLS:C1859727	1
ENPP1	UMLS:C1865343	1
ENPP1	UMLS:C2750078	1
RAB23	UMLS:C1275078	1
SLC26A4	UMLS:C0271829	1
SLC26A4	UMLS:C1863752	1
PDYN	UMLS:C1853250	1
UPB1	UMLS:C1291512	1
PEPD	UMLS:C0268532	1
PEX1	UMLS:C0043459	1
PEX1	UMLS:C1832200	1
PEX7	UMLS:C1859133	1
CFP	UMLS:C1839454	1
ATP8B1	UMLS:C0268312	1
ATP8B1	UMLS:C1855731	1
PFKM	UMLS:C0017926	1
PGAM2	UMLS:C0268149	1
PGK1	UMLS:C1970848	1
PGM1	UMLS:C2752015	1
ABCB4	UMLS:C0008325	1
ABCB4	UMLS:C1865643	1
ATP6V1B1	UMLS:C0403554	1
SLC25A3	UMLS:C1835845	1
PHEX	UMLS:C0733682	1
PHKA1	UMLS:C1845151	1
PHKA2	UMLS:C1418533	1
PHKB	UMLS:C0543514	1
PHKG2	UMLS:C2751643	1
PHYH	UMLS:C0034960	1
SERPINI1	UMLS:C1858680	1
PIK3CA	UMLS:C0022603	1
PITX1	UMLS:C0009081	1
PITX2	UMLS:C1842031	1
PITX2	UMLS:C1867155	1
PITX2	UMLS:C3495488	1
PITX3	UMLS:C1864567	1
PKD2	UMLS:C2751306	1
PKLR	UMLS:C1849472	1
PKLR	UMLS:C1863224	1
PKHD1	UMLS:C0085548	1
PKP2	UMLS:C1836906	1
PLEC	UMLS:C0432317	1
PLG	UMLS:C1968804	1
PLN	UMLS:C1835928	1
PLOD1	UMLS:C0268342	1
PLOD2	UMLS:C1836602	1
PLP1	UMLS:C0205711	1
PLP1	UMLS:C1839264	1
BCMO1	UMLS:C2676023	1
PMM2	UMLS:C0349653	1
PMP22	UMLS:C0393814	1
PMP22	UMLS:C3495591	1
ATP7A	UMLS:C0022716	1
ATP7A	UMLS:C0268353	1
ATP7A	UMLS:C1845359	1
PMS2	UMLS:C0265325	1
PRRX1	UMLS:C1876185	1
ATP7B	UMLS:C0019202	1
TREM2	UMLS:C1857316	1
POLG	UMLS:C1834846	1
POLG	UMLS:C1843851	1
POLG	UMLS:C1850303	1
POLG	UMLS:C3149842	1
POLG	UMLS:C3150914	1
POLH	UMLS:C1848410	1
GDAP1	UMLS:C1842983	1
GDAP1	UMLS:C1843183	1
GDAP1	UMLS:C1859198	1
DPM3	UMLS:C2752007	1
SOX18	UMLS:C1843004	1
WNT4	UMLS:C1698581	1
WNT4	UMLS:C2678492	1
NLGN3	UMLS:C1845341	1
NLGN3	UMLS:C1845540	1
POR	UMLS:C2673964	1
POR	UMLS:C3150099	1
POU1F1	UMLS:C2751608	1
POU3F4	UMLS:C1844678	1
EGLN1	UMLS:C1853286	1
POU4F3	UMLS:C1865366	1
ATRX	UMLS:C0796003	1
ATRX	UMLS:C1845055	1
UGT1A1	UMLS:C0010324	1
UGT1A1	UMLS:C0017551	1
UGT1A1	UMLS:C0270210	1
UGT1A1	UMLS:C2931132	1
PPARG	UMLS:C0028754	1
PPARG	UMLS:C1720861	1
CNGB3	UMLS:C1849792	1
CNGB3	UMLS:C1855465	1
CTSA	UMLS:C0268233	1
PPIB	UMLS:C1850169	1
TRPM4	UMLS:C1970298	1
AHI1	UMLS:C1837713	1
DYM	UMLS:C0265286	1
DYM	UMLS:C1846431	1
SAMD9	UMLS:C1864861	1
APTX	UMLS:C1859598	1
BCOR	UMLS:C1846265	1
AUH	UMLS:C0342727	1
CDKAL1	UMLS:C0011860	1
MKS1	UMLS:C0265215	1
MKS1	UMLS:C0752166	1
SLC25A38	UMLS:C2673914	1
CLN6	UMLS:C1866282	1
AVP	UMLS:C0687720	1
AGGF1	UMLS:C0022739	1
RBM28	UMLS:C2677535	1
THAP1	UMLS:C1414216	1
MTPAP	UMLS:C3150925	1
DARS2	UMLS:C1970180	1
PNPO	UMLS:C1864723	1
BBS7	UMLS:C0752166	1
SLC29A3	UMLS:C1864445	1
SLC35C1	UMLS:C0398739	1
PPT1	UMLS:C1850451	1
AVPR2	UMLS:C1845202	1
PRF1	UMLS:C1863727	1
FOXRED1	UMLS:C1838979	1
KIF21A	UMLS:C1851102	1
FERMT1	UMLS:C0406557	1
POMGNT1	UMLS:C3150412	1
POMGNT1	UMLS:C3150417	1
SLC39A4	UMLS:C0221036	1
CHD7	UMLS:C0265354	1
FLVCR2	UMLS:C1856972	1
PIGV	UMLS:C1855923	1
TRMU	UMLS:C3278664	1
IFT122	UMLS:C0432235	1
TDP1	UMLS:C1846574	1
SCN3B	UMLS:C2751088	1
PRKCG	UMLS:C1854369	1
CENPJ	UMLS:C1842109	1
KLHL7	UMLS:C2751986	1
CFC1	UMLS:C1415817	1
MAP2K1	UMLS:C1275081	1
MAP2K2	UMLS:C1275081	1
ALG1	UMLS:C2931005	1
ANKH	UMLS:C0856830	1
ANKH	UMLS:C1852502	1
PRNP	UMLS:C0017495	1
PRNP	UMLS:C0022336	1
PRNP	UMLS:C0206042	1
PROC	UMLS:C2676759	1
PRODH	UMLS:C0268529	1
PROP1	UMLS:C0878683	1
PROS1	UMLS:C3278211	1
PRPS1	UMLS:C0796028	1
PRPS1	UMLS:C1839566	1
PRPS1	UMLS:C1844677	1
PRPS1	UMLS:C1970827	1
PRSS1	UMLS:C0238339	1
PSAP	UMLS:C0268262	1
PSAP	UMLS:C1864651	1
SLC2A9	UMLS:C2677549	1
INPP5E	UMLS:C0431399	1
PSEN1	UMLS:C0002395	1
PSEN1	UMLS:C0338451	1
PSEN1	UMLS:C3160720	1
PSEN2	UMLS:C1847200	1
PSEN2	UMLS:C3150958	1
C10orf2	UMLS:C1836439	1
C10orf2	UMLS:C1843851	1
C10orf2	UMLS:C1849096	1
B2M	UMLS:C1855796	1
MCCC1	UMLS:C0268600	1
MRPS22	UMLS:C2673642	1
FAM20C	UMLS:C1850106	1
ADCK3	UMLS:C2677589	1
BAAT	UMLS:C1843139	1
CABP4	UMLS:C1864877	1
TBX20	UMLS:C1969657	1
RPGRIP1	UMLS:C2750720	1
PNPLA2	UMLS:C1853136	1
GJC2	UMLS:C1837355	1
GJC2	UMLS:C2750784	1
GJC2	UMLS:C3150732	1
SEPN1	UMLS:C0410180	1
MCOLN1	UMLS:C0238286	1
VANGL2	UMLS:C0027794	1
PTCH1	UMLS:C0004779	1
PTCH1	UMLS:C1835820	1
PTEN	UMLS:C0018553	1
PTEN	UMLS:C1168401	1
PTEN	UMLS:C1854416	1
AICDA	UMLS:C1720956	1
PTH	UMLS:C1832648	1
PTHLH	UMLS:C3150644	1
PLEKHG5	UMLS:C1970211	1
PTH1R	UMLS:C0265295	1
PTH1R	UMLS:C1859148	1
TBC1D24	UMLS:C0917800	1
SHROOM4	UMLS:C1845530	1
PCDH19	UMLS:C1848137	1
WDR35	UMLS:C3150874	1
CC2D2A	UMLS:C1857662	1
CC2D2A	UMLS:C2676788	1
CC2D2A	UMLS:C2676790	1
IFT80	UMLS:C1970005	1
EPG5	UMLS:C1855772	1
PTPN11	UMLS:C0028326	1
PTPN11	UMLS:C0175704	1
PTPN11	UMLS:C0349639	1
HAMP	UMLS:C1865616	1
ACTA1	UMLS:C0546264	1
ACTA1	UMLS:C1834336	1
PTS	UMLS:C0878676	1
BBS1	UMLS:C0752166	1
BBS2	UMLS:C0752166	1
PEX5	UMLS:C0282525	1
PYCR1	UMLS:C2751987	1
PYGM	UMLS:C0017924	1
BBS4	UMLS:C0752166	1
QDPR	UMLS:C0268465	1
RAB27A	UMLS:C1868679	1
RAC2	UMLS:C1842398	1
RAD51C	UMLS:C3150653	1
RAD51C	UMLS:C3150659	1
RAF1	UMLS:C1969056	1
RAF1	UMLS:C1969057	1
RAG1	UMLS:C1835931	1
RAG1	UMLS:C2673536	1
RAG2	UMLS:C2673536	1
ACTA2	UMLS:C2673186	1
RANBP2	UMLS:C2675556	1
RAPSN	UMLS:C1276035	1
RAPSN	UMLS:C1837091	1
RASA1	UMLS:C1842180	1
BCKDHA	UMLS:C0024776	1
TRPV4	UMLS:C0265280	1
TRPV4	UMLS:C0265281	1
TRPV4	UMLS:C0432227	1
TRPV4	UMLS:C0751335	1
TRPV4	UMLS:C1853710	1
TRPV4	UMLS:C1868616	1
BCKDHB	UMLS:C0024776	1
OPN1LW	UMLS:C0339537	1
OPN1LW	UMLS:C1419325	1
RDH5	UMLS:C0311338	1
PRPH2	UMLS:C1842475	1
PRPH2	UMLS:C1842914	1
PRPH2	UMLS:C1868569	1
PRPH2	UMLS:C2751290	1
RDX	UMLS:C1970239	1
REN	UMLS:C0020538	1
REN	UMLS:C0266313	1
REN	UMLS:C2751310	1
RET	UMLS:C0025268	1
RET	UMLS:C0025269	1
RET	UMLS:C0031511	1
RET	UMLS:C1275808	1
RET	UMLS:C1833921	1
RFX5	UMLS:C2931418	1
ACTB	UMLS:C1846331	1
RHAG	UMLS:C1849387	1
RHO	UMLS:C0035334	1
RHO	UMLS:C1864869	1
RHO	UMLS:C3151001	1
RLBP1	UMLS:C0035334	1
RLBP1	UMLS:C1843816	1
SLC25A19	UMLS:C1846648	1
NYX	UMLS:C3495587	1
ALX4	UMLS:C1865044	1
RP9	UMLS:C1867300	1
RP1	UMLS:C0220701	1
RP2	UMLS:C2681923	1
RPGR	UMLS:C1845667	1
RPGR	UMLS:C2749137	1
OPN1SW	UMLS:C1412770	1
RPE65	UMLS:C1859844	1
RPL5	UMLS:C0265265	1
RPL11	UMLS:C2675512	1
RPL35A	UMLS:C2675859	1
BCS1L	UMLS:C0266006	1
BCS1L	UMLS:C1852372	1
BCS1L	UMLS:C1864002	1
RPS6KA3	UMLS:C0265252	1
RPS19	UMLS:C1260899	1
RPS26	UMLS:C2750080	1
RYR1	UMLS:C0024591	1
RYR1	UMLS:C0751951	1
RYR2	UMLS:C1631597	1
RYR2	UMLS:C1832931	1
BDNF	UMLS:C0002395	1
BDNF	UMLS:C1275808	1
SC5D	UMLS:C1846421	1
SCN1A	UMLS:C1858673	1
SCN1A	UMLS:C1864987	1
SCN1B	UMLS:C1858672	1
SCN2A	UMLS:C3150987	1
SCN4A	UMLS:C0238357	1
SCN4A	UMLS:C1868617	1
SCN4A	UMLS:C2750061	1
SCN4A	UMLS:C2931826	1
SCN4B	UMLS:C2678484	1
SCN5A	UMLS:C0038644	1
SCN5A	UMLS:C1142166	1
SCN5A	UMLS:C1832680	1
SCN5A	UMLS:C1837845	1
SCN5A	UMLS:C1859062	1
SCN5A	UMLS:C1879286	1
SCN9A	UMLS:C1833661	1
SCN9A	UMLS:C1855739	1
SCNN1A	UMLS:C2751666	1
SCNN1B	UMLS:C0221043	1
SCNN1B	UMLS:C2749757	1
SDHA	UMLS:C0023264	1
SDHA	UMLS:C1855008	1
SDHB	UMLS:C0031511	1
SDHD	UMLS:C0030421	1
SDHD	UMLS:C0031511	1
XPNPEP3	UMLS:C3150419	1
TRAPPC2	UMLS:C0220776	1
CDH23	UMLS:C1832394	1
MCCC2	UMLS:C1859499	1
BLM	UMLS:C0005859	1
NOD2	UMLS:C0010346	1
NOD2	UMLS:C1836122	1
NOD2	UMLS:C1861303	1
SEMA4A	UMLS:C1846529	1
SEMA4A	UMLS:C1853214	1
STRA6	UMLS:C1832661	1
ROBO3	UMLS:C1846496	1
ABCG5	UMLS:C0342907	1
ABCG8	UMLS:C0342907	1
NSD1	UMLS:C0175695	1
SFTPB	UMLS:C1968602	1
SFTPC	UMLS:C1970470	1
SDHAF1	UMLS:C1855008	1
MTMR14	UMLS:C1834558	1
SGCA	UMLS:C1842550	1
SGCB	UMLS:C1858593	1
SGCD	UMLS:C1832525	1
SGCD	UMLS:C1847667	1
SGCG	UMLS:C0410173	1
SH3BP2	UMLS:C0008029	1
SHH	UMLS:C1840235	1
SHH	UMLS:C1840529	1
SHOX	UMLS:C0265309	1
SHOX	UMLS:C0432230	1
SI	UMLS:C1283620	1
P2RY12	UMLS:C1853278	1
PORCN	UMLS:C0016395	1
ST3GAL3	UMLS:C1970200	1
SIX1	UMLS:C1842124	1
SIX3	UMLS:C1834877	1
PINK1	UMLS:C1853833	1
REEP1	UMLS:C1853247	1
SLC1A3	UMLS:C2675211	1
UPF3B	UMLS:C1970822	1
SLC2A1	UMLS:C1842534	1
SLC2A1	UMLS:C1847501	1
SLC2A2	UMLS:C3495427	1
SLC2A4	UMLS:C0011860	1
SLC3A1	UMLS:C0010691	1
BMP4	UMLS:C1864689	1
BMP4	UMLS:C2677434	1
SLC4A1	UMLS:C1969038	1
SLC4A1	UMLS:C2675212	1
SLC4A1	UMLS:C2931885	1
PCDH15	UMLS:C1836027	1
SLC5A1	UMLS:C0268186	1
SLC5A2	UMLS:C0017980	1
SLC5A5	UMLS:C1848805	1
SLC6A3	UMLS:C1263846	1
SLC6A3	UMLS:C2751067	1
NCF1	UMLS:C1856251	1
SLC6A8	UMLS:C1845862	1
SLC10A2	UMLS:C2750087	1
SLC12A1	UMLS:C1866495	1
SLC12A3	UMLS:C0268450	1
SLC16A1	UMLS:C1855577	1
SLC16A2	UMLS:C0795889	1
SLC34A1	UMLS:C2676786	1
BMPR1A	UMLS:C0345893	1
BMPR1B	UMLS:C1832702	1
SLC22A5	UMLS:C0342788	1
BMPR2	UMLS:C2973725	1
SMARCA2	UMLS:C1303073	1
SMPD1	UMLS:C0268242	1
SMPD1	UMLS:C0268243	1
SNCA	UMLS:C0030567	1
SNCA	UMLS:C0752347	1
SNCA	UMLS:C1868595	1
SNTA1	UMLS:C2751830	1
SOD1	UMLS:C0002736	1
SOD1	UMLS:C1862939	1
SOS1	UMLS:C1853120	1
SOX9	UMLS:C1861922	1
SOX10	UMLS:C1836727	1
SOX10	UMLS:C2750452	1
FOXL2	UMLS:C0220663	1
FOXL2	UMLS:C1837008	1
SPAST	UMLS:C1866855	1
SPG7	UMLS:C1846564	1
BPGM	UMLS:C1412816	1
SPINK1	UMLS:C0238339	1
SPINK1	UMLS:C1842402	1
SPR	UMLS:C0268468	1
SPTA1	UMLS:C0520739	1
SPTA1	UMLS:C1851741	1
SRD5A2	UMLS:C0268297	1
AKR1D1	UMLS:C1856127	1
BRCA1	UMLS:C0006142	1
BRCA1	UMLS:C2676676	1
BRAF	UMLS:C1275081	1
BRAF	UMLS:C3150970	1
BRAF	UMLS:C3150971	1
SRY	UMLS:C2748896	1
BRCA2	UMLS:C0006142	1
BRCA2	UMLS:C1838457	1
ST14	UMLS:C1835851	1
STAR	UMLS:C0342474	1
STAT3	UMLS:C3489795	1
STAT5B	UMLS:C1855548	1
CDKL5	UMLS:C1839333	1
STK11	UMLS:C0031269	1
STK11	UMLS:C1336708	1
STXBP1	UMLS:C2677326	1
ABCC8	UMLS:C0271714	1
ABCC8	UMLS:C1833104	1
ABCC8	UMLS:C1835887	1
ABCC8	UMLS:C2931832	1
SURF1	UMLS:C0023264	1
SYP	UMLS:C3275408	1
BTD	UMLS:C0220754	1
TBX1	UMLS:C0012236	1
TBX1	UMLS:C1857586	1
TAZ	UMLS:C0574083	1
TBX5	UMLS:C0265264	1
TBXAS1	UMLS:C1856465	1
TCF4	UMLS:C1970431	1
TBX3	UMLS:C1866994	1
HNF1A	UMLS:C0011860	1
HNF1A	UMLS:C1838100	1
HNF1A	UMLS:C2675866	1
HNF1B	UMLS:C0011860	1
HNF1B	UMLS:C0431693	1
TCF7L2	UMLS:C0011860	1
ZEB1	UMLS:C2750448	1
TCOF1	UMLS:C0242387	1
BTK	UMLS:C0221026	1
ACTC1	UMLS:C2677506	1
ACTC1	UMLS:C2748552	1
TEAD1	UMLS:C1862382	1
TECTA	UMLS:C1832187	1
BUB1B	UMLS:C1850343	1
BUB1B	UMLS:C1864389	1
TEK	UMLS:C1838437	1
TF	UMLS:C0521802	1
TFAP2B	UMLS:C1868570	1
TFR2	UMLS:C1858664	1
TG	UMLS:C0342194	1
TGFB1	UMLS:C0011989	1
TGFBI	UMLS:C0339278	1
TGFBI	UMLS:C0521723	1
TGFBI	UMLS:C1275685	1
TGFBI	UMLS:C1562894	1
TGFBI	UMLS:C1641846	1
TGFBI	UMLS:C1690006	1
TGFBI	UMLS:C1837974	1
TGFBR1	UMLS:C0546476	1
TGFBR1	UMLS:C1836635	1
TGFBR1	UMLS:C2674127	1
TGFBR2	UMLS:C2674574	1
TGFBR2	UMLS:C2674876	1
TGIF1	UMLS:C1840528	1
TGM1	UMLS:C0020758	1
TH	UMLS:C2673535	1
THRB	UMLS:C1840364	1
THRB	UMLS:C2937288	1
TIMP3	UMLS:C1850938	1
NKX2-1	UMLS:C1970269	1
TK2	UMLS:C3149750	1
TLL1	UMLS:C2751315	1
ACTG1	UMLS:C1858172	1
TSPAN7	UMLS:C1846174	1
TMPO	UMLS:C3151039	1
TNF	UMLS:C0003873	1
TNFRSF1A	UMLS:C1275126	1
TNNC1	UMLS:C2678475	1
TNNC1	UMLS:C2750472	1
TNNI2	UMLS:C1834523	1
TNNI3	UMLS:C1860752	1
TNNI3	UMLS:C1861861	1
TNNI3	UMLS:C2678474	1
TNNI3	UMLS:C2750091	1
TNNT2	UMLS:C1832243	1
TNNT2	UMLS:C1861864	1
TNNT3	UMLS:C1834523	1
TP53	UMLS:C0001418	1
TPM1	UMLS:C1861863	1
TPM1	UMLS:C2678476	1
TPM2	UMLS:C0220662	1
TPM2	UMLS:C1836447	1
C2	UMLS:C3150275	1
TPM3	UMLS:C1836448	1
TPMT	UMLS:C0342801	1
TPO	UMLS:C1291299	1
TRPS1	UMLS:C0432233	1
TRPS1	UMLS:C1860823	1
TSC2	UMLS:C0041341	1
TSC2	UMLS:C0751674	1
TSHR	UMLS:C1836706	1
TSHR	UMLS:C1863959	1
TTN	UMLS:C1838244	1
TTN	UMLS:C1858763	1
TTN	UMLS:C1861065	1
TTN	UMLS:C1863599	1
TTPA	UMLS:C1848533	1
TTR	UMLS:C0007286	1
TTR	UMLS:C2750824	1
TTR	UMLS:C2751492	1
D2HGDH	UMLS:C3152055	1
TUFM	UMLS:C1857682	1
TULP1	UMLS:C1838603	1
TULP1	UMLS:C3151206	1
TWIST1	UMLS:C0010278	1
SFTPA2	UMLS:C1800706	1
TYR	UMLS:C0268494	1
TYR	UMLS:C1847024	1
C7	UMLS:C1864694	1
UBA1	UMLS:C1844934	1
UCHL1	UMLS:C3150899	1
UCP3	UMLS:C0028754	1
UMOD	UMLS:C0268113	1
UMOD	UMLS:C1835934	1
UMOD	UMLS:C1859040	1
UMPS	UMLS:C0268130	1
UNG	UMLS:C1720958	1
UROS	UMLS:C0162530	1
USH2A	UMLS:C1848634	1
CLRN1	UMLS:C1568248	1
VCL	UMLS:C1969639	1
VCL	UMLS:C2750459	1
VCP	UMLS:C1833662	1
VDR	UMLS:C0342646	1
VHL	UMLS:C0019562	1
VHL	UMLS:C0031511	1
VHL	UMLS:C1837915	1
BEST1	UMLS:C1842914	1
BEST1	UMLS:C1860406	1
BEST1	UMLS:C2678493	1
BEST1	UMLS:C2750789	1
VWF	UMLS:C1264039	1
VWF	UMLS:C1264040	1
VWF	UMLS:C1264041	1
WAS	UMLS:C0043194	1
WAS	UMLS:C1845987	1
WFS1	UMLS:C0043207	1
WFS1	UMLS:C1833021	1
WNT7A	UMLS:C1848651	1
WNT7A	UMLS:C1856728	1
WNT10B	UMLS:C2749665	1
WRN	UMLS:C0043119	1
WT1	UMLS:C0027708	1
WT1	UMLS:C0950121	1
WT1	UMLS:C0950122	1
WT1	UMLS:C3151568	1
XDH	UMLS:C0268118	1
XPC	UMLS:C2752147	1
ZIC2	UMLS:C1864827	1
ZIC3	UMLS:C1844020	1
CA2	UMLS:C0345407	1
CA4	UMLS:C1833245	1
CA8	UMLS:C2750509	1
PRCD	UMLS:C1864621	1
ZBTB16	UMLS:C2676231	1
CA12	UMLS:C1840437	1
CACNA1A	UMLS:C1720416	1
CACNA1A	UMLS:C1832884	1
CACNA1C	UMLS:C1832916	1
CACNA1C	UMLS:C2678478	1
CACNA1F	UMLS:C1848172	1
CACNA1S	UMLS:C0238358	1
BSND	UMLS:C1865270	1
NPHS2	UMLS:C1868672	1
CACNB2	UMLS:C2678477	1
MOGS	UMLS:C1853736	1
PAX8	UMLS:C1869118	1
CACNB4	UMLS:C1866039	1
RAB7A	UMLS:C1833219	1
SLC25A20	UMLS:C0342791	1
COLEC11	UMLS:C0796279	1
VKORC1	UMLS:C0750384	1
VKORC1	UMLS:C1843832	1
TSEN34	UMLS:C2676465	1
SECISBP2	UMLS:C1864761	1
ALG8	UMLS:C2931002	1
FTO	UMLS:C2752001	1
MLPH	UMLS:C1836573	1
ALG12	UMLS:C2931001	1
NDUFAF5	UMLS:C1838979	1
FKRP	UMLS:C1846672	1
FKRP	UMLS:C1847759	1
FKRP	UMLS:C3150413	1
ALDH5A1	UMLS:C0268631	1
FA2H	UMLS:C1823105	1
GNPTAB	UMLS:C0033788	1
GNPTAB	UMLS:C2673377	1
TMEM43	UMLS:C1858379	1
EPM2A	UMLS:C0751783	1
SH3TC2	UMLS:C1866636	1
SH3TC2	UMLS:C3150596	1
MCPH1	UMLS:C1855081	1
DYNC2H1	UMLS:C0432197	1
DYNC2H1	UMLS:C2751311	1
BBS10	UMLS:C0752166	1
SLC25A22	UMLS:C0270855	1
MYH14	UMLS:C1833503	1
EHMT1	UMLS:C0795833	1
NHEJ1	UMLS:C1969799	1
L2HGDH	UMLS:C1855995	1
POF1B	UMLS:C1845105	1
PANK2	UMLS:C0018523	1
CEP290	UMLS:C1857779	1
CEP290	UMLS:C1857780	1
OPA3	UMLS:C1833809	1
SPG11	UMLS:C1858479	1
LHX3	UMLS:C3489787	1
HSD3B7	UMLS:C1843116	1
CUBN	UMLS:C1306856	1
PUS1	UMLS:C1838103	1
WNT10A	UMLS:C0796093	1
SHOC2	UMLS:C1843181	1
CSRP3	UMLS:C1843808	1
CSRP3	UMLS:C2677491	1
SLC19A3	UMLS:C1843807	1
FGF23	UMLS:C0342642	1
FGF23	UMLS:C1876187	1
TSEN2	UMLS:C2676466	1
KMT2D	UMLS:C0796004	1
AAAS	UMLS:C0271742	1
TUBB1	UMLS:C2751259	1
SLC2A10	UMLS:C1859726	1
GAN	UMLS:C1850386	1
PVRL4	UMLS:C3150807	1
AMN	UMLS:C1306856	1
DOCK8	UMLS:C1968689	1
VANGL1	UMLS:C0027794	1
VANGL1	UMLS:C1838568	1
MED25	UMLS:C1854150	1
MKKS	UMLS:C0752166	1
MKKS	UMLS:C0948368	1
GDF5	UMLS:C0265260	1
GDF5	UMLS:C1832702	1
GDF5	UMLS:C1832708	1
GDF5	UMLS:C1856738	1
GDF5	UMLS:C1861385	1
GDF5	UMLS:C1862103	1
KDM5C	UMLS:C1845243	1
SMC1A	UMLS:C1802395	1
CAPN3	UMLS:C1869123	1
DYSF	UMLS:C1850808	1
DYSF	UMLS:C1850889	1
COLQ	UMLS:C1864233	1
AXIN1	UMLS:C2239176	1
FZD4	UMLS:C1851402	1
PITPNM3	UMLS:C1832976	1
MFRP	UMLS:C1836006	1
CCM2	UMLS:C1864041	1
JAM3	UMLS:C3151000	1
ESPN	UMLS:C1837007	1
HMCN1	UMLS:C1864205	1
SPATA16	UMLS:C0403825	1
SLC4A11	UMLS:C1857569	1
SLC4A11	UMLS:C1857572	1
SLC4A11	UMLS:C2750450	1
PLA2G6	UMLS:C0270724	1
PLA2G6	UMLS:C1857747	1
PLA2G6	UMLS:C2751842	1
BRIP1	UMLS:C1836860	1
GPR98	UMLS:C2931213	1
MAGT1	UMLS:C2678034	1
ARL6	UMLS:C0752166	1
ARL6	UMLS:C3150808	1
RNASEH2C	UMLS:C1835916	1
BFSP2	UMLS:C1969032	1
LTBP4	UMLS:C2750804	1
PHF6	UMLS:C0265339	1
CASP10	UMLS:C0024305	1
CASP10	UMLS:C1858968	1
GNPAT	UMLS:C1857242	1
CASQ2	UMLS:C2677794	1
CUL4B	UMLS:C1845861	1
CASR	UMLS:C1832645	1
CASR	UMLS:C1832648	1
KLF11	UMLS:C1864839	1
KIRREL3	UMLS:C2675487	1
KISS1R	UMLS:C0342543	1
HES7	UMLS:C3150942	1
FAM126A	UMLS:C1864663	1
COX4I2	UMLS:C2675184	1
CBX2	UMLS:C2751317	1
LMNB2	UMLS:C0220989	1
RAX2	UMLS:C1835865	1
ORAI1	UMLS:C2748568	1
CIRH1A	UMLS:C1858051	1
IKBKG	UMLS:C1845073	1
IKBKG	UMLS:C1845117	1
IKBKG	UMLS:C1846006	1
IKBKG	UMLS:C1970879	1
IKBKAP	UMLS:C0013364	1
ATCAY	UMLS:C1832585	1
MYLK2	UMLS:C3495498	1
AGPS	UMLS:C1838612	1
AP3B1	UMLS:C1842362	1
GFM1	UMLS:C1836797	1
TCAP	UMLS:C1843791	1
YARS	UMLS:C1842237	1
CASK	UMLS:C2677903	1
CAV3	UMLS:C0241005	1
CAV3	UMLS:C1832567	1
CAV3	UMLS:C2678485	1
CAV3	UMLS:C3495498	1
RUNX2	UMLS:C0008928	1
TNFSF11	UMLS:C1850126	1
SLC25A12	UMLS:C2751855	1
RUNX1	UMLS:C1832388	1
RFXANK	UMLS:C2931418	1
TP63	UMLS:C0406709	1
TP63	UMLS:C1785148	1
TP63	UMLS:C1854442	1
TP63	UMLS:C1858562	1
TP63	UMLS:C1863204	1
RNASET2	UMLS:C2751843	1
ABCB11	UMLS:C2608083	1
ABCB11	UMLS:C3489789	1
ALDH4A1	UMLS:C2931835	1
SERPINA6	UMLS:C1852529	1
CBL	UMLS:C3150803	1
SLC4A4	UMLS:C1970309	1
DNAH11	UMLS:C2678473	1
RGS9	UMLS:C1842073	1
TNFRSF11A	UMLS:C2676766	1
ACTN2	UMLS:C2677338	1
SUCLG1	UMLS:C3151476	1
SUCLA2	UMLS:C2749864	1
DPM1	UMLS:C1837396	1
SYNGAP1	UMLS:C2675473	1
WISP3	UMLS:C0432215	1
PROM1	UMLS:C0339512	1
PROM1	UMLS:C1863534	1
PROM1	UMLS:C2675210	1
PER2	UMLS:C1858496	1
SQSTM1	UMLS:C0029401	1
EIF2B4	UMLS:C1858991	1
EIF2B3	UMLS:C1858991	1
EIF2B2	UMLS:C1858991	1
EIF2B5	UMLS:C1858991	1
MTMR2	UMLS:C1832399	1
SGCE	UMLS:C1834570	1
PHOX2B	UMLS:C1275808	1
PLOD3	UMLS:C2676285	1
HSPB3	UMLS:C3150619	1
LHX4	UMLS:C2678408	1
FRMD7	UMLS:C1839580	1
MCFD2	UMLS:C3150889	1
PSTPIP1	UMLS:C1858361	1
SLC7A7	UMLS:C0268647	1
PAPSS2	UMLS:C2748515	1
TBX19	UMLS:C0271583	1
TMEM67	UMLS:C1846357	1
TMEM67	UMLS:C1853153	1
TMEM67	UMLS:C1857662	1
TMEM67	UMLS:C3150796	1
PRPF3	UMLS:C1832378	1
AIFM1	UMLS:C0795910	1
AIFM1	UMLS:C3151753	1
KCNQ4	UMLS:C2677637	1
NEXN	UMLS:C2751084	1
ATPAF2	UMLS:C3276276	1
OSMR	UMLS:C0268398	1
RFT1	UMLS:C2677590	1
SLC33A1	UMLS:C2675528	1
BMP15	UMLS:C1845294	1
LGI1	UMLS:C1838062	1
LARGE	UMLS:C1837229	1
LARGE	UMLS:C3150414	1
VAPB	UMLS:C1837728	1
VAPB	UMLS:C1866777	1
LRAT	UMLS:C2750063	1
NOG	UMLS:C0342282	1
NOG	UMLS:C1861305	1
NOG	UMLS:C1861385	1
NOG	UMLS:C1969652	1
CD8A	UMLS:C1837065	1
G6PC3	UMLS:C2675526	1
GPR56	UMLS:C1847352	1
TGM5	UMLS:C1853354	1
KL	UMLS:C1876187	1
SLC9A3R1	UMLS:C2676782	1
ADIPOQ	UMLS:C0011860	1
OTOF	UMLS:C1832828	1
FOXP2	UMLS:C0750927	1
ACVRL1	UMLS:C1838163	1
RECQL4	UMLS:C0265308	1
RP1L1	UMLS:C3150833	1
TJP2	UMLS:C1843139	1
MED17	UMLS:C3150921	1
EIF2AK3	UMLS:C0432217	1
CHST3	UMLS:C1837657	1
MAPK8IP1	UMLS:C0011860	1
CD36	UMLS:C1842090	1
TBX4	UMLS:C1840061	1
MYOT	UMLS:C1834659	1
MYOT	UMLS:C1836607	1
MYOT	UMLS:C1866785	1
ACY1	UMLS:C1835922	1
SCARB2	UMLS:C0751779	1
LITAF	UMLS:C0270913	1
SPTLC2	UMLS:C3150896	1
MPDU1	UMLS:C1836669	1
BAG3	UMLS:C2751831	1
POLR1C	UMLS:C1855433	1
H6PD	UMLS:C1291245	1
GDF3	UMLS:C3150967	1
GDF3	UMLS:C3150968	1
GDF3	UMLS:C3150969	1
CD40	UMLS:C1720957	1
CD40LG	UMLS:C0398689	1
ARHGEF10	UMLS:C1842357	1
ZNF592	UMLS:C1847114	1
LPIN2	UMLS:C1864997	1
ADAMTSL2	UMLS:C3278147	1
SART3	UMLS:C1867981	1
CD79B	UMLS:C3150207	1
CUL7	UMLS:C2678312	1
ZEB2	UMLS:C1856113	1
FIG4	UMLS:C1970011	1
FIG4	UMLS:C2675491	1
KIAA0196	UMLS:C1863704	1
MFN2	UMLS:C0393807	1
MFN2	UMLS:C1836485	1
MED12	UMLS:C0220769	1
MED12	UMLS:C0796022	1
KCNE2	UMLS:C1862394	1
KCNE2	UMLS:C3150953	1
SCO2	UMLS:C1858424	1
