Pathway_PC7_10399	Pathway_PC7_10399
Pathway_PC7_10400	Pathway_PC7_10400
Pathway_PC7_10442	Pathway_PC7_10442
Pathway_PC7_10508	Pathway_PC7_10508
Pathway_PC7_10557	Pathway_PC7_10557
Pathway_PC7_1063	Pathway_PC7_1063
Pathway_PC7_1064	Pathway_PC7_1064
Pathway_PC7_1065	Pathway_PC7_1065
Pathway_PC7_11018	Pathway_PC7_11018
Pathway_PC7_11020	Pathway_PC7_11020
Pathway_PC7_1103	Pathway_PC7_1103
Pathway_PC7_11039	Pathway_PC7_11039
Pathway_PC7_1104	Pathway_PC7_1104
Pathway_PC7_1105	Pathway_PC7_1105
Pathway_PC7_11143	Pathway_PC7_11143
Pathway_PC7_1118	Pathway_PC7_1118
Pathway_PC7_1119	Pathway_PC7_1119
Pathway_PC7_1123	Pathway_PC7_1123
Pathway_PC7_11234	Pathway_PC7_11234
Pathway_PC7_1127	Pathway_PC7_1127
Pathway_PC7_1128	Pathway_PC7_1128
Pathway_PC7_1129	Pathway_PC7_1129
Pathway_PC7_1130	Pathway_PC7_1130
Pathway_PC7_1131	Pathway_PC7_1131
Pathway_PC7_1132	Pathway_PC7_1132
Pathway_PC7_1135	Pathway_PC7_1135
Pathway_PC7_11357	Pathway_PC7_11357
Pathway_PC7_11384	Pathway_PC7_11384
Pathway_PC7_11385	Pathway_PC7_11385
Pathway_PC7_11463	Pathway_PC7_11463
Pathway_PC7_11470	Pathway_PC7_11470
Pathway_PC7_11610	Pathway_PC7_11610
Pathway_PC7_1163	Pathway_PC7_1163
Pathway_PC7_1178	Pathway_PC7_1178
Pathway_PC7_1181	Pathway_PC7_1181
Pathway_PC7_1189	Pathway_PC7_1189
Pathway_PC7_1190	Pathway_PC7_1190
Pathway_PC7_1200	Pathway_PC7_1200
Pathway_PC7_1203	Pathway_PC7_1203
Pathway_PC7_12069	Pathway_PC7_12069
Pathway_PC7_12070	Pathway_PC7_12070
Pathway_PC7_12073	Pathway_PC7_12073
Pathway_PC7_12075	Pathway_PC7_12075
Pathway_PC7_12076	Pathway_PC7_12076
Pathway_PC7_12078	Pathway_PC7_12078
Pathway_PC7_12079	Pathway_PC7_12079
Pathway_PC7_12080	Pathway_PC7_12080
Pathway_PC7_1210	Pathway_PC7_1210
Pathway_PC7_1213	Pathway_PC7_1213
Pathway_PC7_1214	Pathway_PC7_1214
Pathway_PC7_12149	Pathway_PC7_12149
Pathway_PC7_12150	Pathway_PC7_12150
Pathway_PC7_12187	Pathway_PC7_12187
Pathway_PC7_12188	Pathway_PC7_12188
Pathway_PC7_1219	Pathway_PC7_1219
Pathway_PC7_1220	Pathway_PC7_1220
Pathway_PC7_1221	Pathway_PC7_1221
Pathway_PC7_1223	Pathway_PC7_1223
Pathway_PC7_1224	Pathway_PC7_1224
Pathway_PC7_12264	Pathway_PC7_12264
Pathway_PC7_12266	Pathway_PC7_12266
Pathway_PC7_12267	Pathway_PC7_12267
Pathway_PC7_12268	Pathway_PC7_12268
Pathway_PC7_12271	Pathway_PC7_12271
Pathway_PC7_12274	Pathway_PC7_12274
Pathway_PC7_12279	Pathway_PC7_12279
Pathway_PC7_12280	Pathway_PC7_12280
Pathway_PC7_12281	Pathway_PC7_12281
Pathway_PC7_12282	Pathway_PC7_12282
Pathway_PC7_12283	Pathway_PC7_12283
Pathway_PC7_12284	Pathway_PC7_12284
Pathway_PC7_12285	Pathway_PC7_12285
Pathway_PC7_1230	Pathway_PC7_1230
Pathway_PC7_1231	Pathway_PC7_1231
Pathway_PC7_1232	Pathway_PC7_1232
Pathway_PC7_12320	Pathway_PC7_12320
Pathway_PC7_1233	Pathway_PC7_1233
Pathway_PC7_12487	Pathway_PC7_12487
Pathway_PC7_12488	Pathway_PC7_12488
Pathway_PC7_12899	Pathway_PC7_12899
Pathway_PC7_13144	Pathway_PC7_13144
Pathway_PC7_1516	Pathway_PC7_1516
Pathway_PC7_1517	Pathway_PC7_1517
Pathway_PC7_1518	Pathway_PC7_1518
Pathway_PC7_1519	Pathway_PC7_1519
Pathway_PC7_1520	Pathway_PC7_1520
Pathway_PC7_1521	Pathway_PC7_1521
Pathway_PC7_1522	Pathway_PC7_1522
Pathway_PC7_1523	Pathway_PC7_1523
Pathway_PC7_1524	Pathway_PC7_1524
Pathway_PC7_1525	Pathway_PC7_1525
Pathway_PC7_1526	Pathway_PC7_1526
Pathway_PC7_1527	Pathway_PC7_1527
Pathway_PC7_1528	Pathway_PC7_1528
Pathway_PC7_1529	Pathway_PC7_1529
Pathway_PC7_1530	Pathway_PC7_1530
Pathway_PC7_1531	Pathway_PC7_1531
Pathway_PC7_1532	Pathway_PC7_1532
Pathway_PC7_1533	Pathway_PC7_1533
Pathway_PC7_1534	Pathway_PC7_1534
Pathway_PC7_1535	Pathway_PC7_1535
Pathway_PC7_1536	Pathway_PC7_1536
Pathway_PC7_1537	Pathway_PC7_1537
Pathway_PC7_1538	Pathway_PC7_1538
Pathway_PC7_1539	Pathway_PC7_1539
Pathway_PC7_1540	Pathway_PC7_1540
Pathway_PC7_1541	Pathway_PC7_1541
Pathway_PC7_1543	Pathway_PC7_1543
Pathway_PC7_1544	Pathway_PC7_1544
Pathway_PC7_1545	Pathway_PC7_1545
Pathway_PC7_1546	Pathway_PC7_1546
Pathway_PC7_1547	Pathway_PC7_1547
Pathway_PC7_1548	Pathway_PC7_1548
Pathway_PC7_1549	Pathway_PC7_1549
Pathway_PC7_1550	Pathway_PC7_1550
Pathway_PC7_1551	Pathway_PC7_1551
Pathway_PC7_1552	Pathway_PC7_1552
Pathway_PC7_1553	Pathway_PC7_1553
Pathway_PC7_1554	Pathway_PC7_1554
Pathway_PC7_1555	Pathway_PC7_1555
Pathway_PC7_1556	Pathway_PC7_1556
Pathway_PC7_1557	Pathway_PC7_1557
Pathway_PC7_1558	Pathway_PC7_1558
Pathway_PC7_1559	Pathway_PC7_1559
Pathway_PC7_1560	Pathway_PC7_1560
Pathway_PC7_1561	Pathway_PC7_1561
Pathway_PC7_1562	Pathway_PC7_1562
Pathway_PC7_1563	Pathway_PC7_1563
Pathway_PC7_1565	Pathway_PC7_1565
Pathway_PC7_1571	Pathway_PC7_1571
Pathway_PC7_1572	Pathway_PC7_1572
Pathway_PC7_1573	Pathway_PC7_1573
Pathway_PC7_1576	Pathway_PC7_1576
Pathway_PC7_1577	Pathway_PC7_1577
Pathway_PC7_1578	Pathway_PC7_1578
Pathway_PC7_1580	Pathway_PC7_1580
Pathway_PC7_1581	Pathway_PC7_1581
Pathway_PC7_1582	Pathway_PC7_1582
Pathway_PC7_1596	Pathway_PC7_1596
Pathway_PC7_1597	Pathway_PC7_1597
Pathway_PC7_1598	Pathway_PC7_1598
Pathway_PC7_1599	Pathway_PC7_1599
Pathway_PC7_1600	Pathway_PC7_1600
Pathway_PC7_1601	Pathway_PC7_1601
Pathway_PC7_1602	Pathway_PC7_1602
Pathway_PC7_1606	Pathway_PC7_1606
Pathway_PC7_1607	Pathway_PC7_1607
Pathway_PC7_1622	Pathway_PC7_1622
Pathway_PC7_1623	Pathway_PC7_1623
Pathway_PC7_1624	Pathway_PC7_1624
Pathway_PC7_1625	Pathway_PC7_1625
Pathway_PC7_1626	Pathway_PC7_1626
Pathway_PC7_1629	Pathway_PC7_1629
Pathway_PC7_1630	Pathway_PC7_1630
Pathway_PC7_1631	Pathway_PC7_1631
Pathway_PC7_1632	Pathway_PC7_1632
Pathway_PC7_1653	Pathway_PC7_1653
Pathway_PC7_1655	Pathway_PC7_1655
Pathway_PC7_1657	Pathway_PC7_1657
Pathway_PC7_1658	Pathway_PC7_1658
Pathway_PC7_1664	Pathway_PC7_1664
Pathway_PC7_1667	Pathway_PC7_1667
Pathway_PC7_1669	Pathway_PC7_1669
Pathway_PC7_1670	Pathway_PC7_1670
Pathway_PC7_1671	Pathway_PC7_1671
Pathway_PC7_1672	Pathway_PC7_1672
Pathway_PC7_1674	Pathway_PC7_1674
Pathway_PC7_1684	Pathway_PC7_1684
Pathway_PC7_1687	Pathway_PC7_1687
Pathway_PC7_1688	Pathway_PC7_1688
Pathway_PC7_1689	Pathway_PC7_1689
Pathway_PC7_1690	Pathway_PC7_1690
Pathway_PC7_1691	Pathway_PC7_1691
Pathway_PC7_1692	Pathway_PC7_1692
Pathway_PC7_1693	Pathway_PC7_1693
Pathway_PC7_1695	Pathway_PC7_1695
Pathway_PC7_1696	Pathway_PC7_1696
Pathway_PC7_1697	Pathway_PC7_1697
Pathway_PC7_1698	Pathway_PC7_1698
Pathway_PC7_1750	Pathway_PC7_1750
Pathway_PC7_1810	Pathway_PC7_1810
Pathway_PC7_1811	Pathway_PC7_1811
Pathway_PC7_1812	Pathway_PC7_1812
Pathway_PC7_1813	Pathway_PC7_1813
Pathway_PC7_1814	Pathway_PC7_1814
Pathway_PC7_1815	Pathway_PC7_1815
Pathway_PC7_1816	Pathway_PC7_1816
Pathway_PC7_1817	Pathway_PC7_1817
Pathway_PC7_1818	Pathway_PC7_1818
Pathway_PC7_1820	Pathway_PC7_1820
Pathway_PC7_1821	Pathway_PC7_1821
Pathway_PC7_1849	Pathway_PC7_1849
Pathway_PC7_1850	Pathway_PC7_1850
Pathway_PC7_1851	Pathway_PC7_1851
Pathway_PC7_1855	Pathway_PC7_1855
Pathway_PC7_1856	Pathway_PC7_1856
Pathway_PC7_1857	Pathway_PC7_1857
Pathway_PC7_1858	Pathway_PC7_1858
Pathway_PC7_1859	Pathway_PC7_1859
Pathway_PC7_1860	Pathway_PC7_1860
Pathway_PC7_1863	Pathway_PC7_1863
Pathway_PC7_1867	Pathway_PC7_1867
Pathway_PC7_1868	Pathway_PC7_1868
Pathway_PC7_1877	Pathway_PC7_1877
Pathway_PC7_1883	Pathway_PC7_1883
Pathway_PC7_1987	Pathway_PC7_1987
Pathway_PC7_1994	Pathway_PC7_1994
Pathway_PC7_2008	Pathway_PC7_2008
Pathway_PC7_2012	Pathway_PC7_2012
Pathway_PC7_2032	Pathway_PC7_2032
Pathway_PC7_2033	Pathway_PC7_2033
Pathway_PC7_2034	Pathway_PC7_2034
Pathway_PC7_2035	Pathway_PC7_2035
Pathway_PC7_2064	Pathway_PC7_2064
Pathway_PC7_2065	Pathway_PC7_2065
Pathway_PC7_2066	Pathway_PC7_2066
Pathway_PC7_2067	Pathway_PC7_2067
Pathway_PC7_2068	Pathway_PC7_2068
Pathway_PC7_2069	Pathway_PC7_2069
Pathway_PC7_2071	Pathway_PC7_2071
Pathway_PC7_2072	Pathway_PC7_2072
Pathway_PC7_2073	Pathway_PC7_2073
Pathway_PC7_2074	Pathway_PC7_2074
Pathway_PC7_2076	Pathway_PC7_2076
Pathway_PC7_2078	Pathway_PC7_2078
Pathway_PC7_2080	Pathway_PC7_2080
Pathway_PC7_2081	Pathway_PC7_2081
Pathway_PC7_2089	Pathway_PC7_2089
Pathway_PC7_2090	Pathway_PC7_2090
Pathway_PC7_2091	Pathway_PC7_2091
Pathway_PC7_2095	Pathway_PC7_2095
Pathway_PC7_2096	Pathway_PC7_2096
Pathway_PC7_2097	Pathway_PC7_2097
Pathway_PC7_2098	Pathway_PC7_2098
Pathway_PC7_2100	Pathway_PC7_2100
Pathway_PC7_2103	Pathway_PC7_2103
Pathway_PC7_2117	Pathway_PC7_2117
Pathway_PC7_2118	Pathway_PC7_2118
Pathway_PC7_2124	Pathway_PC7_2124
Pathway_PC7_2164	Pathway_PC7_2164
Pathway_PC7_2170	Pathway_PC7_2170
Pathway_PC7_2171	Pathway_PC7_2171
Pathway_PC7_2173	Pathway_PC7_2173
Pathway_PC7_2251	Pathway_PC7_2251
Pathway_PC7_2252	Pathway_PC7_2252
Pathway_PC7_2253	Pathway_PC7_2253
Pathway_PC7_2255	Pathway_PC7_2255
Pathway_PC7_2263	Pathway_PC7_2263
Pathway_PC7_2264	Pathway_PC7_2264
Pathway_PC7_2265	Pathway_PC7_2265
Pathway_PC7_2276	Pathway_PC7_2276
Pathway_PC7_2278	Pathway_PC7_2278
Pathway_PC7_2301	Pathway_PC7_2301
Pathway_PC7_2324	Pathway_PC7_2324
Pathway_PC7_2325	Pathway_PC7_2325
Pathway_PC7_2331	Pathway_PC7_2331
Pathway_PC7_2332	Pathway_PC7_2332
Pathway_PC7_2333	Pathway_PC7_2333
Pathway_PC7_2334	Pathway_PC7_2334
Pathway_PC7_2335	Pathway_PC7_2335
Pathway_PC7_2347	Pathway_PC7_2347
Pathway_PC7_2348	Pathway_PC7_2348
Pathway_PC7_2360	Pathway_PC7_2360
Pathway_PC7_2372	Pathway_PC7_2372
Pathway_PC7_2373	Pathway_PC7_2373
Pathway_PC7_2379	Pathway_PC7_2379
Pathway_PC7_2391	Pathway_PC7_2391
Pathway_PC7_2392	Pathway_PC7_2392
Pathway_PC7_2393	Pathway_PC7_2393
Pathway_PC7_2394	Pathway_PC7_2394
Pathway_PC7_2395	Pathway_PC7_2395
Pathway_PC7_2440	Pathway_PC7_2440
Pathway_PC7_2441	Pathway_PC7_2441
Pathway_PC7_2458	Pathway_PC7_2458
Pathway_PC7_2460	Pathway_PC7_2460
Pathway_PC7_2461	Pathway_PC7_2461
Pathway_PC7_2467	Pathway_PC7_2467
Pathway_PC7_2468	Pathway_PC7_2468
Pathway_PC7_2469	Pathway_PC7_2469
Pathway_PC7_2500	Pathway_PC7_2500
Pathway_PC7_2505	Pathway_PC7_2505
Pathway_PC7_2506	Pathway_PC7_2506
Pathway_PC7_2507	Pathway_PC7_2507
Pathway_PC7_2508	Pathway_PC7_2508
Pathway_PC7_2516	Pathway_PC7_2516
Pathway_PC7_2517	Pathway_PC7_2517
Pathway_PC7_2518	Pathway_PC7_2518
Pathway_PC7_2519	Pathway_PC7_2519
Pathway_PC7_2520	Pathway_PC7_2520
Pathway_PC7_2521	Pathway_PC7_2521
Pathway_PC7_2523	Pathway_PC7_2523
Pathway_PC7_2524	Pathway_PC7_2524
Pathway_PC7_2525	Pathway_PC7_2525
Pathway_PC7_2526	Pathway_PC7_2526
Pathway_PC7_2527	Pathway_PC7_2527
Pathway_PC7_2528	Pathway_PC7_2528
Pathway_PC7_2529	Pathway_PC7_2529
Pathway_PC7_2530	Pathway_PC7_2530
Pathway_PC7_2531	Pathway_PC7_2531
Pathway_PC7_2532	Pathway_PC7_2532
Pathway_PC7_2533	Pathway_PC7_2533
Pathway_PC7_2534	Pathway_PC7_2534
Pathway_PC7_2535	Pathway_PC7_2535
Pathway_PC7_2536	Pathway_PC7_2536
Pathway_PC7_2539	Pathway_PC7_2539
Pathway_PC7_2541	Pathway_PC7_2541
Pathway_PC7_2543	Pathway_PC7_2543
Pathway_PC7_2544	Pathway_PC7_2544
Pathway_PC7_2565	Pathway_PC7_2565
Pathway_PC7_2568	Pathway_PC7_2568
Pathway_PC7_2569	Pathway_PC7_2569
Pathway_PC7_2570	Pathway_PC7_2570
Pathway_PC7_2575	Pathway_PC7_2575
Pathway_PC7_2576	Pathway_PC7_2576
Pathway_PC7_2582	Pathway_PC7_2582
Pathway_PC7_2584	Pathway_PC7_2584
Pathway_PC7_2610	Pathway_PC7_2610
Pathway_PC7_2620	Pathway_PC7_2620
Pathway_PC7_2621	Pathway_PC7_2621
Pathway_PC7_2622	Pathway_PC7_2622
Pathway_PC7_2623	Pathway_PC7_2623
Pathway_PC7_2624	Pathway_PC7_2624
Pathway_PC7_2625	Pathway_PC7_2625
Pathway_PC7_2626	Pathway_PC7_2626
Pathway_PC7_2627	Pathway_PC7_2627
Pathway_PC7_2628	Pathway_PC7_2628
Pathway_PC7_2629	Pathway_PC7_2629
Pathway_PC7_2630	Pathway_PC7_2630
Pathway_PC7_2631	Pathway_PC7_2631
Pathway_PC7_2632	Pathway_PC7_2632
Pathway_PC7_2633	Pathway_PC7_2633
Pathway_PC7_2634	Pathway_PC7_2634
Pathway_PC7_2635	Pathway_PC7_2635
Pathway_PC7_2636	Pathway_PC7_2636
Pathway_PC7_2647	Pathway_PC7_2647
Pathway_PC7_2651	Pathway_PC7_2651
Pathway_PC7_2659	Pathway_PC7_2659
Pathway_PC7_2661	Pathway_PC7_2661
Pathway_PC7_2668	Pathway_PC7_2668
Pathway_PC7_2669	Pathway_PC7_2669
Pathway_PC7_2670	Pathway_PC7_2670
Pathway_PC7_2671	Pathway_PC7_2671
Pathway_PC7_2672	Pathway_PC7_2672
Pathway_PC7_2673	Pathway_PC7_2673
Pathway_PC7_2674	Pathway_PC7_2674
Pathway_PC7_2675	Pathway_PC7_2675
Pathway_PC7_2677	Pathway_PC7_2677
Pathway_PC7_2678	Pathway_PC7_2678
Pathway_PC7_2679	Pathway_PC7_2679
Pathway_PC7_2680	Pathway_PC7_2680
Pathway_PC7_2681	Pathway_PC7_2681
Pathway_PC7_2683	Pathway_PC7_2683
Pathway_PC7_2684	Pathway_PC7_2684
Pathway_PC7_2685	Pathway_PC7_2685
Pathway_PC7_2698	Pathway_PC7_2698
Pathway_PC7_2701	Pathway_PC7_2701
Pathway_PC7_2703	Pathway_PC7_2703
Pathway_PC7_2704	Pathway_PC7_2704
Pathway_PC7_2705	Pathway_PC7_2705
Pathway_PC7_2706	Pathway_PC7_2706
Pathway_PC7_2707	Pathway_PC7_2707
Pathway_PC7_2829	Pathway_PC7_2829
Pathway_PC7_2830	Pathway_PC7_2830
Pathway_PC7_2831	Pathway_PC7_2831
Pathway_PC7_2832	Pathway_PC7_2832
Pathway_PC7_2833	Pathway_PC7_2833
Pathway_PC7_2890	Pathway_PC7_2890
Pathway_PC7_2905	Pathway_PC7_2905
Pathway_PC7_2907	Pathway_PC7_2907
Pathway_PC7_2909	Pathway_PC7_2909
Pathway_PC7_2910	Pathway_PC7_2910
Pathway_PC7_2911	Pathway_PC7_2911
Pathway_PC7_2912	Pathway_PC7_2912
Pathway_PC7_2924	Pathway_PC7_2924
Pathway_PC7_2925	Pathway_PC7_2925
Pathway_PC7_2926	Pathway_PC7_2926
Pathway_PC7_2927	Pathway_PC7_2927
Pathway_PC7_2928	Pathway_PC7_2928
Pathway_PC7_2942	Pathway_PC7_2942
Pathway_PC7_2946	Pathway_PC7_2946
Pathway_PC7_2947	Pathway_PC7_2947
Pathway_PC7_2948	Pathway_PC7_2948
Pathway_PC7_2949	Pathway_PC7_2949
Pathway_PC7_2950	Pathway_PC7_2950
Pathway_PC7_2951	Pathway_PC7_2951
Pathway_PC7_2952	Pathway_PC7_2952
Pathway_PC7_2953	Pathway_PC7_2953
Pathway_PC7_2955	Pathway_PC7_2955
Pathway_PC7_2956	Pathway_PC7_2956
Pathway_PC7_2957	Pathway_PC7_2957
Pathway_PC7_2968	Pathway_PC7_2968
Pathway_PC7_3014	Pathway_PC7_3014
Pathway_PC7_3015	Pathway_PC7_3015
Pathway_PC7_3016	Pathway_PC7_3016
Pathway_PC7_3017	Pathway_PC7_3017
Pathway_PC7_3018	Pathway_PC7_3018
Pathway_PC7_3046	Pathway_PC7_3046
Pathway_PC7_3059	Pathway_PC7_3059
Pathway_PC7_3060	Pathway_PC7_3060
Pathway_PC7_3061	Pathway_PC7_3061
Pathway_PC7_3062	Pathway_PC7_3062
Pathway_PC7_3064	Pathway_PC7_3064
Pathway_PC7_3065	Pathway_PC7_3065
Pathway_PC7_3071	Pathway_PC7_3071
Pathway_PC7_3072	Pathway_PC7_3072
Pathway_PC7_3073	Pathway_PC7_3073
Pathway_PC7_3077	Pathway_PC7_3077
Pathway_PC7_3083	Pathway_PC7_3083
Pathway_PC7_3084	Pathway_PC7_3084
Pathway_PC7_3166	Pathway_PC7_3166
Pathway_PC7_3167	Pathway_PC7_3167
Pathway_PC7_3277	Pathway_PC7_3277
Pathway_PC7_3278	Pathway_PC7_3278
Pathway_PC7_3280	Pathway_PC7_3280
Pathway_PC7_3282	Pathway_PC7_3282
Pathway_PC7_3283	Pathway_PC7_3283
Pathway_PC7_3284	Pathway_PC7_3284
Pathway_PC7_3315	Pathway_PC7_3315
Pathway_PC7_3318	Pathway_PC7_3318
Pathway_PC7_3319	Pathway_PC7_3319
Pathway_PC7_3320	Pathway_PC7_3320
Pathway_PC7_3321	Pathway_PC7_3321
Pathway_PC7_3322	Pathway_PC7_3322
Pathway_PC7_3323	Pathway_PC7_3323
Pathway_PC7_3324	Pathway_PC7_3324
Pathway_PC7_3325	Pathway_PC7_3325
Pathway_PC7_3326	Pathway_PC7_3326
Pathway_PC7_3327	Pathway_PC7_3327
Pathway_PC7_3328	Pathway_PC7_3328
Pathway_PC7_3348	Pathway_PC7_3348
Pathway_PC7_3349	Pathway_PC7_3349
Pathway_PC7_3358	Pathway_PC7_3358
Pathway_PC7_3359	Pathway_PC7_3359
Pathway_PC7_3360	Pathway_PC7_3360
Pathway_PC7_3361	Pathway_PC7_3361
Pathway_PC7_3362	Pathway_PC7_3362
Pathway_PC7_3363	Pathway_PC7_3363
Pathway_PC7_3366	Pathway_PC7_3366
Pathway_PC7_3384	Pathway_PC7_3384
Pathway_PC7_3385	Pathway_PC7_3385
Pathway_PC7_3386	Pathway_PC7_3386
Pathway_PC7_3392	Pathway_PC7_3392
Pathway_PC7_3415	Pathway_PC7_3415
Pathway_PC7_3416	Pathway_PC7_3416
Pathway_PC7_3417	Pathway_PC7_3417
Pathway_PC7_3418	Pathway_PC7_3418
Pathway_PC7_3419	Pathway_PC7_3419
Pathway_PC7_3420	Pathway_PC7_3420
Pathway_PC7_3421	Pathway_PC7_3421
Pathway_PC7_3424	Pathway_PC7_3424
Pathway_PC7_3425	Pathway_PC7_3425
Pathway_PC7_3427	Pathway_PC7_3427
Pathway_PC7_3433	Pathway_PC7_3433
Pathway_PC7_3434	Pathway_PC7_3434
Pathway_PC7_3435	Pathway_PC7_3435
Pathway_PC7_3436	Pathway_PC7_3436
Pathway_PC7_3437	Pathway_PC7_3437
Pathway_PC7_3629	Pathway_PC7_3629
Pathway_PC7_3632	Pathway_PC7_3632
Pathway_PC7_3633	Pathway_PC7_3633
Pathway_PC7_3646	Pathway_PC7_3646
Pathway_PC7_3647	Pathway_PC7_3647
Pathway_PC7_3649	Pathway_PC7_3649
Pathway_PC7_3650	Pathway_PC7_3650
Pathway_PC7_3651	Pathway_PC7_3651
Pathway_PC7_3652	Pathway_PC7_3652
Pathway_PC7_3653	Pathway_PC7_3653
Pathway_PC7_3663	Pathway_PC7_3663
Pathway_PC7_3664	Pathway_PC7_3664
Pathway_PC7_3666	Pathway_PC7_3666
Pathway_PC7_3667	Pathway_PC7_3667
Pathway_PC7_3670	Pathway_PC7_3670
Pathway_PC7_3671	Pathway_PC7_3671
Pathway_PC7_3674	Pathway_PC7_3674
Pathway_PC7_3677	Pathway_PC7_3677
Pathway_PC7_3678	Pathway_PC7_3678
Pathway_PC7_3679	Pathway_PC7_3679
Pathway_PC7_3680	Pathway_PC7_3680
Pathway_PC7_3681	Pathway_PC7_3681
Pathway_PC7_3682	Pathway_PC7_3682
Pathway_PC7_3697	Pathway_PC7_3697
Pathway_PC7_3698	Pathway_PC7_3698
Pathway_PC7_3699	Pathway_PC7_3699
Pathway_PC7_3700	Pathway_PC7_3700
Pathway_PC7_3701	Pathway_PC7_3701
Pathway_PC7_3703	Pathway_PC7_3703
Pathway_PC7_3752	Pathway_PC7_3752
Pathway_PC7_3756	Pathway_PC7_3756
Pathway_PC7_3772	Pathway_PC7_3772
Pathway_PC7_3774	Pathway_PC7_3774
Pathway_PC7_3775	Pathway_PC7_3775
Pathway_PC7_3776	Pathway_PC7_3776
Pathway_PC7_3777	Pathway_PC7_3777
Pathway_PC7_3778	Pathway_PC7_3778
Pathway_PC7_3798	Pathway_PC7_3798
Pathway_PC7_3803	Pathway_PC7_3803
Pathway_PC7_3805	Pathway_PC7_3805
Pathway_PC7_3806	Pathway_PC7_3806
Pathway_PC7_3807	Pathway_PC7_3807
Pathway_PC7_3808	Pathway_PC7_3808
Pathway_PC7_3811	Pathway_PC7_3811
Pathway_PC7_3818	Pathway_PC7_3818
Pathway_PC7_3819	Pathway_PC7_3819
Pathway_PC7_3820	Pathway_PC7_3820
Pathway_PC7_3821	Pathway_PC7_3821
Pathway_PC7_3822	Pathway_PC7_3822
Pathway_PC7_3824	Pathway_PC7_3824
Pathway_PC7_3825	Pathway_PC7_3825
Pathway_PC7_3826	Pathway_PC7_3826
Pathway_PC7_3827	Pathway_PC7_3827
Pathway_PC7_3829	Pathway_PC7_3829
Pathway_PC7_3845	Pathway_PC7_3845
Pathway_PC7_3849	Pathway_PC7_3849
Pathway_PC7_3852	Pathway_PC7_3852
Pathway_PC7_3853	Pathway_PC7_3853
Pathway_PC7_3855	Pathway_PC7_3855
Pathway_PC7_3864	Pathway_PC7_3864
Pathway_PC7_3868	Pathway_PC7_3868
Pathway_PC7_3869	Pathway_PC7_3869
Pathway_PC7_3874	Pathway_PC7_3874
Pathway_PC7_3875	Pathway_PC7_3875
Pathway_PC7_3876	Pathway_PC7_3876
Pathway_PC7_3877	Pathway_PC7_3877
Pathway_PC7_3878	Pathway_PC7_3878
Pathway_PC7_3882	Pathway_PC7_3882
Pathway_PC7_3883	Pathway_PC7_3883
Pathway_PC7_3884	Pathway_PC7_3884
Pathway_PC7_3885	Pathway_PC7_3885
Pathway_PC7_3886	Pathway_PC7_3886
Pathway_PC7_3901	Pathway_PC7_3901
Pathway_PC7_3902	Pathway_PC7_3902
Pathway_PC7_3903	Pathway_PC7_3903
Pathway_PC7_3953	Pathway_PC7_3953
Pathway_PC7_3957	Pathway_PC7_3957
Pathway_PC7_3958	Pathway_PC7_3958
Pathway_PC7_3959	Pathway_PC7_3959
Pathway_PC7_3960	Pathway_PC7_3960
Pathway_PC7_3962	Pathway_PC7_3962
Pathway_PC7_3963	Pathway_PC7_3963
Pathway_PC7_3964	Pathway_PC7_3964
Pathway_PC7_3965	Pathway_PC7_3965
Pathway_PC7_3968	Pathway_PC7_3968
Pathway_PC7_3969	Pathway_PC7_3969
Pathway_PC7_3971	Pathway_PC7_3971
Pathway_PC7_3972	Pathway_PC7_3972
Pathway_PC7_3974	Pathway_PC7_3974
Pathway_PC7_3975	Pathway_PC7_3975
Pathway_PC7_3980	Pathway_PC7_3980
Pathway_PC7_3981	Pathway_PC7_3981
Pathway_PC7_3983	Pathway_PC7_3983
Pathway_PC7_3985	Pathway_PC7_3985
Pathway_PC7_3991	Pathway_PC7_3991
Pathway_PC7_3992	Pathway_PC7_3992
Pathway_PC7_3993	Pathway_PC7_3993
Pathway_PC7_3994	Pathway_PC7_3994
Pathway_PC7_3995	Pathway_PC7_3995
Pathway_PC7_3996	Pathway_PC7_3996
Pathway_PC7_3997	Pathway_PC7_3997
Pathway_PC7_3999	Pathway_PC7_3999
Pathway_PC7_4000	Pathway_PC7_4000
Pathway_PC7_4001	Pathway_PC7_4001
Pathway_PC7_4002	Pathway_PC7_4002
Pathway_PC7_4004	Pathway_PC7_4004
Pathway_PC7_4005	Pathway_PC7_4005
Pathway_PC7_4006	Pathway_PC7_4006
Pathway_PC7_4007	Pathway_PC7_4007
Pathway_PC7_4008	Pathway_PC7_4008
Pathway_PC7_4009	Pathway_PC7_4009
Pathway_PC7_4010	Pathway_PC7_4010
Pathway_PC7_4011	Pathway_PC7_4011
Pathway_PC7_4012	Pathway_PC7_4012
Pathway_PC7_4013	Pathway_PC7_4013
Pathway_PC7_4014	Pathway_PC7_4014
Pathway_PC7_4016	Pathway_PC7_4016
Pathway_PC7_4018	Pathway_PC7_4018
Pathway_PC7_4019	Pathway_PC7_4019
Pathway_PC7_4037	Pathway_PC7_4037
Pathway_PC7_4038	Pathway_PC7_4038
Pathway_PC7_4042	Pathway_PC7_4042
Pathway_PC7_4043	Pathway_PC7_4043
Pathway_PC7_4044	Pathway_PC7_4044
Pathway_PC7_4053	Pathway_PC7_4053
Pathway_PC7_4061	Pathway_PC7_4061
Pathway_PC7_4062	Pathway_PC7_4062
Pathway_PC7_4063	Pathway_PC7_4063
Pathway_PC7_4064	Pathway_PC7_4064
Pathway_PC7_4085	Pathway_PC7_4085
Pathway_PC7_4093	Pathway_PC7_4093
Pathway_PC7_4099	Pathway_PC7_4099
Pathway_PC7_4100	Pathway_PC7_4100
Pathway_PC7_4101	Pathway_PC7_4101
Pathway_PC7_4102	Pathway_PC7_4102
Pathway_PC7_4103	Pathway_PC7_4103
Pathway_PC7_4104	Pathway_PC7_4104
Pathway_PC7_4105	Pathway_PC7_4105
Pathway_PC7_4107	Pathway_PC7_4107
Pathway_PC7_4112	Pathway_PC7_4112
Pathway_PC7_4115	Pathway_PC7_4115
Pathway_PC7_4116	Pathway_PC7_4116
Pathway_PC7_4156	Pathway_PC7_4156
Pathway_PC7_4157	Pathway_PC7_4157
Pathway_PC7_4158	Pathway_PC7_4158
Pathway_PC7_4159	Pathway_PC7_4159
Pathway_PC7_4160	Pathway_PC7_4160
Pathway_PC7_4161	Pathway_PC7_4161
Pathway_PC7_4162	Pathway_PC7_4162
Pathway_PC7_4207	Pathway_PC7_4207
Pathway_PC7_4211	Pathway_PC7_4211
Pathway_PC7_4214	Pathway_PC7_4214
Pathway_PC7_4215	Pathway_PC7_4215
Pathway_PC7_4216	Pathway_PC7_4216
Pathway_PC7_4219	Pathway_PC7_4219
Pathway_PC7_4258	Pathway_PC7_4258
Pathway_PC7_4262	Pathway_PC7_4262
Pathway_PC7_4265	Pathway_PC7_4265
Pathway_PC7_4267	Pathway_PC7_4267
Pathway_PC7_4269	Pathway_PC7_4269
Pathway_PC7_4271	Pathway_PC7_4271
Pathway_PC7_4276	Pathway_PC7_4276
Pathway_PC7_4283	Pathway_PC7_4283
Pathway_PC7_4284	Pathway_PC7_4284
Pathway_PC7_4285	Pathway_PC7_4285
Pathway_PC7_4286	Pathway_PC7_4286
Pathway_PC7_4287	Pathway_PC7_4287
Pathway_PC7_4300	Pathway_PC7_4300
Pathway_PC7_4301	Pathway_PC7_4301
Pathway_PC7_4306	Pathway_PC7_4306
Pathway_PC7_4308	Pathway_PC7_4308
Pathway_PC7_4318	Pathway_PC7_4318
Pathway_PC7_4334	Pathway_PC7_4334
Pathway_PC7_4335	Pathway_PC7_4335
Pathway_PC7_4336	Pathway_PC7_4336
Pathway_PC7_4340	Pathway_PC7_4340
Pathway_PC7_4341	Pathway_PC7_4341
Pathway_PC7_4365	Pathway_PC7_4365
Pathway_PC7_4366	Pathway_PC7_4366
Pathway_PC7_4368	Pathway_PC7_4368
Pathway_PC7_4370	Pathway_PC7_4370
Pathway_PC7_4414	Pathway_PC7_4414
Pathway_PC7_4415	Pathway_PC7_4415
Pathway_PC7_4416	Pathway_PC7_4416
Pathway_PC7_4417	Pathway_PC7_4417
Pathway_PC7_4438	Pathway_PC7_4438
Pathway_PC7_4439	Pathway_PC7_4439
Pathway_PC7_4440	Pathway_PC7_4440
Pathway_PC7_4443	Pathway_PC7_4443
Pathway_PC7_4444	Pathway_PC7_4444
Pathway_PC7_4449	Pathway_PC7_4449
Pathway_PC7_4451	Pathway_PC7_4451
Pathway_PC7_4466	Pathway_PC7_4466
Pathway_PC7_4467	Pathway_PC7_4467
Pathway_PC7_4468	Pathway_PC7_4468
Pathway_PC7_4469	Pathway_PC7_4469
Pathway_PC7_4470	Pathway_PC7_4470
Pathway_PC7_4480	Pathway_PC7_4480
Pathway_PC7_4482	Pathway_PC7_4482
Pathway_PC7_4487	Pathway_PC7_4487
Pathway_PC7_4488	Pathway_PC7_4488
Pathway_PC7_4490	Pathway_PC7_4490
Pathway_PC7_4491	Pathway_PC7_4491
Pathway_PC7_4492	Pathway_PC7_4492
Pathway_PC7_4493	Pathway_PC7_4493
Pathway_PC7_4494	Pathway_PC7_4494
Pathway_PC7_4496	Pathway_PC7_4496
Pathway_PC7_4497	Pathway_PC7_4497
Pathway_PC7_4498	Pathway_PC7_4498
Pathway_PC7_4530	Pathway_PC7_4530
Pathway_PC7_4531	Pathway_PC7_4531
Pathway_PC7_4532	Pathway_PC7_4532
Pathway_PC7_4540	Pathway_PC7_4540
Pathway_PC7_4541	Pathway_PC7_4541
Pathway_PC7_4556	Pathway_PC7_4556
Pathway_PC7_4574	Pathway_PC7_4574
Pathway_PC7_4583	Pathway_PC7_4583
Pathway_PC7_4587	Pathway_PC7_4587
Pathway_PC7_4588	Pathway_PC7_4588
Pathway_PC7_4593	Pathway_PC7_4593
Pathway_PC7_4594	Pathway_PC7_4594
Pathway_PC7_4611	Pathway_PC7_4611
Pathway_PC7_4612	Pathway_PC7_4612
Pathway_PC7_4613	Pathway_PC7_4613
Pathway_PC7_4614	Pathway_PC7_4614
Pathway_PC7_4618	Pathway_PC7_4618
Pathway_PC7_4619	Pathway_PC7_4619
Pathway_PC7_4627	Pathway_PC7_4627
Pathway_PC7_4628	Pathway_PC7_4628
Pathway_PC7_4637	Pathway_PC7_4637
Pathway_PC7_4638	Pathway_PC7_4638
Pathway_PC7_4639	Pathway_PC7_4639
Pathway_PC7_4653	Pathway_PC7_4653
Pathway_PC7_4655	Pathway_PC7_4655
Pathway_PC7_4657	Pathway_PC7_4657
Pathway_PC7_4658	Pathway_PC7_4658
Pathway_PC7_4660	Pathway_PC7_4660
Pathway_PC7_4661	Pathway_PC7_4661
Pathway_PC7_4662	Pathway_PC7_4662
Pathway_PC7_4663	Pathway_PC7_4663
Pathway_PC7_4664	Pathway_PC7_4664
Pathway_PC7_4688	Pathway_PC7_4688
Pathway_PC7_4689	Pathway_PC7_4689
Pathway_PC7_4690	Pathway_PC7_4690
Pathway_PC7_4691	Pathway_PC7_4691
Pathway_PC7_4692	Pathway_PC7_4692
Pathway_PC7_4693	Pathway_PC7_4693
Pathway_PC7_4694	Pathway_PC7_4694
Pathway_PC7_4725	Pathway_PC7_4725
Pathway_PC7_4727	Pathway_PC7_4727
Pathway_PC7_4728	Pathway_PC7_4728
Pathway_PC7_4729	Pathway_PC7_4729
Pathway_PC7_4730	Pathway_PC7_4730
Pathway_PC7_4731	Pathway_PC7_4731
Pathway_PC7_4732	Pathway_PC7_4732
Pathway_PC7_4734	Pathway_PC7_4734
Pathway_PC7_4736	Pathway_PC7_4736
Pathway_PC7_4739	Pathway_PC7_4739
Pathway_PC7_4740	Pathway_PC7_4740
Pathway_PC7_4741	Pathway_PC7_4741
Pathway_PC7_4742	Pathway_PC7_4742
Pathway_PC7_4744	Pathway_PC7_4744
Pathway_PC7_4745	Pathway_PC7_4745
Pathway_PC7_4746	Pathway_PC7_4746
Pathway_PC7_4747	Pathway_PC7_4747
Pathway_PC7_4748	Pathway_PC7_4748
Pathway_PC7_4749	Pathway_PC7_4749
Pathway_PC7_4750	Pathway_PC7_4750
Pathway_PC7_4751	Pathway_PC7_4751
Pathway_PC7_4754	Pathway_PC7_4754
Pathway_PC7_4755	Pathway_PC7_4755
Pathway_PC7_4757	Pathway_PC7_4757
Pathway_PC7_4758	Pathway_PC7_4758
Pathway_PC7_4759	Pathway_PC7_4759
Pathway_PC7_4761	Pathway_PC7_4761
Pathway_PC7_4762	Pathway_PC7_4762
Pathway_PC7_4764	Pathway_PC7_4764
Pathway_PC7_4765	Pathway_PC7_4765
Pathway_PC7_4766	Pathway_PC7_4766
Pathway_PC7_4767	Pathway_PC7_4767
Pathway_PC7_4768	Pathway_PC7_4768
Pathway_PC7_4769	Pathway_PC7_4769
Pathway_PC7_4770	Pathway_PC7_4770
Pathway_PC7_4771	Pathway_PC7_4771
Pathway_PC7_4772	Pathway_PC7_4772
Pathway_PC7_4773	Pathway_PC7_4773
Pathway_PC7_4775	Pathway_PC7_4775
Pathway_PC7_4777	Pathway_PC7_4777
Pathway_PC7_4778	Pathway_PC7_4778
Pathway_PC7_4779	Pathway_PC7_4779
Pathway_PC7_4780	Pathway_PC7_4780
Pathway_PC7_4781	Pathway_PC7_4781
Pathway_PC7_4782	Pathway_PC7_4782
Pathway_PC7_4783	Pathway_PC7_4783
Pathway_PC7_4784	Pathway_PC7_4784
Pathway_PC7_4785	Pathway_PC7_4785
Pathway_PC7_4786	Pathway_PC7_4786
Pathway_PC7_4791	Pathway_PC7_4791
Pathway_PC7_4792	Pathway_PC7_4792
Pathway_PC7_4806	Pathway_PC7_4806
Pathway_PC7_4819	Pathway_PC7_4819
Pathway_PC7_4820	Pathway_PC7_4820
Pathway_PC7_4862	Pathway_PC7_4862
Pathway_PC7_4874	Pathway_PC7_4874
Pathway_PC7_4875	Pathway_PC7_4875
Pathway_PC7_4876	Pathway_PC7_4876
Pathway_PC7_4884	Pathway_PC7_4884
Pathway_PC7_4887	Pathway_PC7_4887
Pathway_PC7_4888	Pathway_PC7_4888
Pathway_PC7_4917	Pathway_PC7_4917
Pathway_PC7_4921	Pathway_PC7_4921
Pathway_PC7_4938	Pathway_PC7_4938
Pathway_PC7_4940	Pathway_PC7_4940
Pathway_PC7_4941	Pathway_PC7_4941
Pathway_PC7_4945	Pathway_PC7_4945
Pathway_PC7_4946	Pathway_PC7_4946
Pathway_PC7_4947	Pathway_PC7_4947
Pathway_PC7_4948	Pathway_PC7_4948
Pathway_PC7_4949	Pathway_PC7_4949
Pathway_PC7_4951	Pathway_PC7_4951
Pathway_PC7_4952	Pathway_PC7_4952
Pathway_PC7_4961	Pathway_PC7_4961
Pathway_PC7_4965	Pathway_PC7_4965
Pathway_PC7_4968	Pathway_PC7_4968
Pathway_PC7_4970	Pathway_PC7_4970
Pathway_PC7_4992	Pathway_PC7_4992
Pathway_PC7_4994	Pathway_PC7_4994
Pathway_PC7_5016	Pathway_PC7_5016
Pathway_PC7_5024	Pathway_PC7_5024
Pathway_PC7_5025	Pathway_PC7_5025
Pathway_PC7_5029	Pathway_PC7_5029
Pathway_PC7_5045	Pathway_PC7_5045
Pathway_PC7_5047	Pathway_PC7_5047
Pathway_PC7_5048	Pathway_PC7_5048
Pathway_PC7_5049	Pathway_PC7_5049
Pathway_PC7_5051	Pathway_PC7_5051
Pathway_PC7_5078	Pathway_PC7_5078
Pathway_PC7_5124	Pathway_PC7_5124
Pathway_PC7_5139	Pathway_PC7_5139
Pathway_PC7_5157	Pathway_PC7_5157
Pathway_PC7_5188	Pathway_PC7_5188
Pathway_PC7_5271	Pathway_PC7_5271
Pathway_PC7_5272	Pathway_PC7_5272
Pathway_PC7_5273	Pathway_PC7_5273
Pathway_PC7_5307	Pathway_PC7_5307
Pathway_PC7_5308	Pathway_PC7_5308
Pathway_PC7_5322	Pathway_PC7_5322
Pathway_PC7_5323	Pathway_PC7_5323
Pathway_PC7_5324	Pathway_PC7_5324
Pathway_PC7_5325	Pathway_PC7_5325
Pathway_PC7_5326	Pathway_PC7_5326
Pathway_PC7_5327	Pathway_PC7_5327
Pathway_PC7_5328	Pathway_PC7_5328
Pathway_PC7_5329	Pathway_PC7_5329
Pathway_PC7_5330	Pathway_PC7_5330
Pathway_PC7_5332	Pathway_PC7_5332
Pathway_PC7_5339	Pathway_PC7_5339
Pathway_PC7_5360	Pathway_PC7_5360
Pathway_PC7_5373	Pathway_PC7_5373
Pathway_PC7_5444	Pathway_PC7_5444
Pathway_PC7_5504	Pathway_PC7_5504
Pathway_PC7_5508	Pathway_PC7_5508
Pathway_PC7_5509	Pathway_PC7_5509
Pathway_PC7_5510	Pathway_PC7_5510
Pathway_PC7_5512	Pathway_PC7_5512
Pathway_PC7_5513	Pathway_PC7_5513
Pathway_PC7_5514	Pathway_PC7_5514
Pathway_PC7_5515	Pathway_PC7_5515
Pathway_PC7_5516	Pathway_PC7_5516
Pathway_PC7_5517	Pathway_PC7_5517
Pathway_PC7_5518	Pathway_PC7_5518
Pathway_PC7_5519	Pathway_PC7_5519
Pathway_PC7_5521	Pathway_PC7_5521
Pathway_PC7_5522	Pathway_PC7_5522
Pathway_PC7_5523	Pathway_PC7_5523
Pathway_PC7_5524	Pathway_PC7_5524
Pathway_PC7_5527	Pathway_PC7_5527
Pathway_PC7_5528	Pathway_PC7_5528
Pathway_PC7_5529	Pathway_PC7_5529
Pathway_PC7_5530	Pathway_PC7_5530
Pathway_PC7_5531	Pathway_PC7_5531
Pathway_PC7_5532	Pathway_PC7_5532
Pathway_PC7_5533	Pathway_PC7_5533
Pathway_PC7_5534	Pathway_PC7_5534
Pathway_PC7_5535	Pathway_PC7_5535
Pathway_PC7_5537	Pathway_PC7_5537
Pathway_PC7_5538	Pathway_PC7_5538
Pathway_PC7_5546	Pathway_PC7_5546
Pathway_PC7_5550	Pathway_PC7_5550
Pathway_PC7_5551	Pathway_PC7_5551
Pathway_PC7_5558	Pathway_PC7_5558
Pathway_PC7_5559	Pathway_PC7_5559
Pathway_PC7_5560	Pathway_PC7_5560
Pathway_PC7_5561	Pathway_PC7_5561
Pathway_PC7_5665	Pathway_PC7_5665
Pathway_PC7_5673	Pathway_PC7_5673
Pathway_PC7_5678	Pathway_PC7_5678
Pathway_PC7_5679	Pathway_PC7_5679
Pathway_PC7_5680	Pathway_PC7_5680
Pathway_PC7_5689	Pathway_PC7_5689
Pathway_PC7_5697	Pathway_PC7_5697
Pathway_PC7_5698	Pathway_PC7_5698
Pathway_PC7_5707	Pathway_PC7_5707
Pathway_PC7_5708	Pathway_PC7_5708
Pathway_PC7_5709	Pathway_PC7_5709
Pathway_PC7_5749	Pathway_PC7_5749
Pathway_PC7_5769	Pathway_PC7_5769
Pathway_PC7_5772	Pathway_PC7_5772
Pathway_PC7_5773	Pathway_PC7_5773
Pathway_PC7_5776	Pathway_PC7_5776
Pathway_PC7_5779	Pathway_PC7_5779
Pathway_PC7_5781	Pathway_PC7_5781
Pathway_PC7_5782	Pathway_PC7_5782
Pathway_PC7_5783	Pathway_PC7_5783
Pathway_PC7_5788	Pathway_PC7_5788
Pathway_PC7_5789	Pathway_PC7_5789
Pathway_PC7_5825	Pathway_PC7_5825
Pathway_PC7_5835	Pathway_PC7_5835
Pathway_PC7_5837	Pathway_PC7_5837
Pathway_PC7_5847	Pathway_PC7_5847
Pathway_PC7_5848	Pathway_PC7_5848
Pathway_PC7_5867	Pathway_PC7_5867
Pathway_PC7_5868	Pathway_PC7_5868
Pathway_PC7_5869	Pathway_PC7_5869
Pathway_PC7_5870	Pathway_PC7_5870
Pathway_PC7_5871	Pathway_PC7_5871
Pathway_PC7_5872	Pathway_PC7_5872
Pathway_PC7_5873	Pathway_PC7_5873
Pathway_PC7_5874	Pathway_PC7_5874
Pathway_PC7_5875	Pathway_PC7_5875
Pathway_PC7_5876	Pathway_PC7_5876
Pathway_PC7_5877	Pathway_PC7_5877
Pathway_PC7_5878	Pathway_PC7_5878
Pathway_PC7_5881	Pathway_PC7_5881
Pathway_PC7_5882	Pathway_PC7_5882
Pathway_PC7_5883	Pathway_PC7_5883
Pathway_PC7_5884	Pathway_PC7_5884
Pathway_PC7_5885	Pathway_PC7_5885
Pathway_PC7_5886	Pathway_PC7_5886
Pathway_PC7_5887	Pathway_PC7_5887
Pathway_PC7_5888	Pathway_PC7_5888
Pathway_PC7_5889	Pathway_PC7_5889
Pathway_PC7_5890	Pathway_PC7_5890
Pathway_PC7_5891	Pathway_PC7_5891
Pathway_PC7_5893	Pathway_PC7_5893
Pathway_PC7_5907	Pathway_PC7_5907
Pathway_PC7_5909	Pathway_PC7_5909
Pathway_PC7_5948	Pathway_PC7_5948
Pathway_PC7_5966	Pathway_PC7_5966
Pathway_PC7_5967	Pathway_PC7_5967
Pathway_PC7_5968	Pathway_PC7_5968
Pathway_PC7_5969	Pathway_PC7_5969
Pathway_PC7_5970	Pathway_PC7_5970
Pathway_PC7_5971	Pathway_PC7_5971
Pathway_PC7_5972	Pathway_PC7_5972
Pathway_PC7_5973	Pathway_PC7_5973
Pathway_PC7_5975	Pathway_PC7_5975
Pathway_PC7_5981	Pathway_PC7_5981
Pathway_PC7_5983	Pathway_PC7_5983
Pathway_PC7_5984	Pathway_PC7_5984
Pathway_PC7_5985	Pathway_PC7_5985
Pathway_PC7_5987	Pathway_PC7_5987
Pathway_PC7_5988	Pathway_PC7_5988
Pathway_PC7_5989	Pathway_PC7_5989
Pathway_PC7_5990	Pathway_PC7_5990
Pathway_PC7_5991	Pathway_PC7_5991
Pathway_PC7_5993	Pathway_PC7_5993
Pathway_PC7_5994	Pathway_PC7_5994
Pathway_PC7_5995	Pathway_PC7_5995
Pathway_PC7_5996	Pathway_PC7_5996
Pathway_PC7_5999	Pathway_PC7_5999
Pathway_PC7_6000	Pathway_PC7_6000
Pathway_PC7_6001	Pathway_PC7_6001
Pathway_PC7_6044	Pathway_PC7_6044
Pathway_PC7_6045	Pathway_PC7_6045
Pathway_PC7_6047	Pathway_PC7_6047
Pathway_PC7_6050	Pathway_PC7_6050
Pathway_PC7_6053	Pathway_PC7_6053
Pathway_PC7_6054	Pathway_PC7_6054
Pathway_PC7_6055	Pathway_PC7_6055
Pathway_PC7_6057	Pathway_PC7_6057
Pathway_PC7_6058	Pathway_PC7_6058
Pathway_PC7_6059	Pathway_PC7_6059
Pathway_PC7_6060	Pathway_PC7_6060
Pathway_PC7_6061	Pathway_PC7_6061
Pathway_PC7_6065	Pathway_PC7_6065
Pathway_PC7_6066	Pathway_PC7_6066
Pathway_PC7_6067	Pathway_PC7_6067
Pathway_PC7_6072	Pathway_PC7_6072
Pathway_PC7_6073	Pathway_PC7_6073
Pathway_PC7_6085	Pathway_PC7_6085
Pathway_PC7_6086	Pathway_PC7_6086
Pathway_PC7_6094	Pathway_PC7_6094
Pathway_PC7_6097	Pathway_PC7_6097
Pathway_PC7_6098	Pathway_PC7_6098
Pathway_PC7_6099	Pathway_PC7_6099
Pathway_PC7_610	Pathway_PC7_610
Pathway_PC7_6108	Pathway_PC7_6108
Pathway_PC7_6128	Pathway_PC7_6128
Pathway_PC7_6135	Pathway_PC7_6135
Pathway_PC7_6140	Pathway_PC7_6140
Pathway_PC7_6141	Pathway_PC7_6141
Pathway_PC7_6142	Pathway_PC7_6142
Pathway_PC7_6143	Pathway_PC7_6143
Pathway_PC7_6147	Pathway_PC7_6147
Pathway_PC7_6149	Pathway_PC7_6149
Pathway_PC7_6153	Pathway_PC7_6153
Pathway_PC7_6157	Pathway_PC7_6157
Pathway_PC7_6171	Pathway_PC7_6171
Pathway_PC7_6172	Pathway_PC7_6172
Pathway_PC7_6173	Pathway_PC7_6173
Pathway_PC7_6174	Pathway_PC7_6174
Pathway_PC7_6175	Pathway_PC7_6175
Pathway_PC7_6177	Pathway_PC7_6177
Pathway_PC7_6178	Pathway_PC7_6178
Pathway_PC7_6180	Pathway_PC7_6180
Pathway_PC7_6189	Pathway_PC7_6189
Pathway_PC7_6190	Pathway_PC7_6190
Pathway_PC7_6191	Pathway_PC7_6191
Pathway_PC7_6200	Pathway_PC7_6200
Pathway_PC7_6201	Pathway_PC7_6201
Pathway_PC7_6202	Pathway_PC7_6202
Pathway_PC7_6203	Pathway_PC7_6203
Pathway_PC7_6233	Pathway_PC7_6233
Pathway_PC7_6269	Pathway_PC7_6269
Pathway_PC7_6310	Pathway_PC7_6310
Pathway_PC7_6315	Pathway_PC7_6315
Pathway_PC7_6373	Pathway_PC7_6373
Pathway_PC7_6375	Pathway_PC7_6375
Pathway_PC7_6393	Pathway_PC7_6393
Pathway_PC7_6394	Pathway_PC7_6394
Pathway_PC7_6395	Pathway_PC7_6395
Pathway_PC7_6396	Pathway_PC7_6396
Pathway_PC7_6403	Pathway_PC7_6403
Pathway_PC7_6432	Pathway_PC7_6432
Pathway_PC7_6433	Pathway_PC7_6433
Pathway_PC7_6443	Pathway_PC7_6443
Pathway_PC7_6455	Pathway_PC7_6455
Pathway_PC7_6461	Pathway_PC7_6461
Pathway_PC7_6462	Pathway_PC7_6462
Pathway_PC7_6463	Pathway_PC7_6463
Pathway_PC7_6464	Pathway_PC7_6464
Pathway_PC7_6465	Pathway_PC7_6465
Pathway_PC7_6466	Pathway_PC7_6466
Pathway_PC7_6467	Pathway_PC7_6467
Pathway_PC7_6507	Pathway_PC7_6507
Pathway_PC7_6508	Pathway_PC7_6508
Pathway_PC7_6510	Pathway_PC7_6510
Pathway_PC7_6511	Pathway_PC7_6511
Pathway_PC7_6512	Pathway_PC7_6512
Pathway_PC7_6513	Pathway_PC7_6513
Pathway_PC7_6514	Pathway_PC7_6514
Pathway_PC7_6515	Pathway_PC7_6515
Pathway_PC7_6516	Pathway_PC7_6516
Pathway_PC7_6517	Pathway_PC7_6517
Pathway_PC7_6519	Pathway_PC7_6519
Pathway_PC7_6520	Pathway_PC7_6520
Pathway_PC7_6532	Pathway_PC7_6532
Pathway_PC7_6533	Pathway_PC7_6533
Pathway_PC7_6534	Pathway_PC7_6534
Pathway_PC7_6535	Pathway_PC7_6535
Pathway_PC7_6537	Pathway_PC7_6537
Pathway_PC7_6538	Pathway_PC7_6538
Pathway_PC7_6539	Pathway_PC7_6539
Pathway_PC7_6540	Pathway_PC7_6540
Pathway_PC7_6542	Pathway_PC7_6542
Pathway_PC7_6543	Pathway_PC7_6543
Pathway_PC7_6555	Pathway_PC7_6555
Pathway_PC7_6561	Pathway_PC7_6561
Pathway_PC7_6562	Pathway_PC7_6562
Pathway_PC7_6563	Pathway_PC7_6563
Pathway_PC7_6564	Pathway_PC7_6564
Pathway_PC7_6566	Pathway_PC7_6566
Pathway_PC7_6567	Pathway_PC7_6567
Pathway_PC7_6569	Pathway_PC7_6569
Pathway_PC7_6570	Pathway_PC7_6570
Pathway_PC7_6571	Pathway_PC7_6571
Pathway_PC7_6572	Pathway_PC7_6572
Pathway_PC7_6588	Pathway_PC7_6588
Pathway_PC7_6589	Pathway_PC7_6589
Pathway_PC7_6591	Pathway_PC7_6591
Pathway_PC7_6592	Pathway_PC7_6592
Pathway_PC7_6593	Pathway_PC7_6593
Pathway_PC7_6595	Pathway_PC7_6595
Pathway_PC7_6596	Pathway_PC7_6596
Pathway_PC7_6615	Pathway_PC7_6615
Pathway_PC7_6616	Pathway_PC7_6616
Pathway_PC7_6617	Pathway_PC7_6617
Pathway_PC7_6618	Pathway_PC7_6618
Pathway_PC7_6620	Pathway_PC7_6620
Pathway_PC7_6638	Pathway_PC7_6638
Pathway_PC7_6640	Pathway_PC7_6640
Pathway_PC7_6642	Pathway_PC7_6642
Pathway_PC7_6643	Pathway_PC7_6643
Pathway_PC7_6644	Pathway_PC7_6644
Pathway_PC7_6645	Pathway_PC7_6645
Pathway_PC7_6646	Pathway_PC7_6646
Pathway_PC7_6649	Pathway_PC7_6649
Pathway_PC7_6652	Pathway_PC7_6652
Pathway_PC7_6653	Pathway_PC7_6653
Pathway_PC7_6654	Pathway_PC7_6654
Pathway_PC7_6660	Pathway_PC7_6660
Pathway_PC7_6661	Pathway_PC7_6661
Pathway_PC7_6663	Pathway_PC7_6663
Pathway_PC7_6664	Pathway_PC7_6664
Pathway_PC7_6666	Pathway_PC7_6666
Pathway_PC7_6669	Pathway_PC7_6669
Pathway_PC7_6670	Pathway_PC7_6670
Pathway_PC7_6740	Pathway_PC7_6740
Pathway_PC7_6745	Pathway_PC7_6745
Pathway_PC7_6747	Pathway_PC7_6747
Pathway_PC7_6777	Pathway_PC7_6777
Pathway_PC7_6786	Pathway_PC7_6786
Pathway_PC7_6787	Pathway_PC7_6787
Pathway_PC7_6788	Pathway_PC7_6788
Pathway_PC7_6789	Pathway_PC7_6789
Pathway_PC7_6790	Pathway_PC7_6790
Pathway_PC7_6791	Pathway_PC7_6791
Pathway_PC7_6792	Pathway_PC7_6792
Pathway_PC7_6793	Pathway_PC7_6793
Pathway_PC7_6794	Pathway_PC7_6794
Pathway_PC7_6795	Pathway_PC7_6795
Pathway_PC7_6796	Pathway_PC7_6796
Pathway_PC7_6797	Pathway_PC7_6797
Pathway_PC7_6799	Pathway_PC7_6799
Pathway_PC7_6801	Pathway_PC7_6801
Pathway_PC7_6807	Pathway_PC7_6807
Pathway_PC7_6808	Pathway_PC7_6808
Pathway_PC7_6810	Pathway_PC7_6810
Pathway_PC7_6811	Pathway_PC7_6811
Pathway_PC7_6812	Pathway_PC7_6812
Pathway_PC7_6813	Pathway_PC7_6813
Pathway_PC7_6814	Pathway_PC7_6814
Pathway_PC7_6815	Pathway_PC7_6815
Pathway_PC7_6818	Pathway_PC7_6818
Pathway_PC7_6826	Pathway_PC7_6826
Pathway_PC7_6828	Pathway_PC7_6828
Pathway_PC7_6848	Pathway_PC7_6848
Pathway_PC7_6849	Pathway_PC7_6849
Pathway_PC7_685	Pathway_PC7_685
Pathway_PC7_6852	Pathway_PC7_6852
Pathway_PC7_6853	Pathway_PC7_6853
Pathway_PC7_6855	Pathway_PC7_6855
Pathway_PC7_6860	Pathway_PC7_6860
Pathway_PC7_6863	Pathway_PC7_6863
Pathway_PC7_6865	Pathway_PC7_6865
Pathway_PC7_6866	Pathway_PC7_6866
Pathway_PC7_6867	Pathway_PC7_6867
Pathway_PC7_6868	Pathway_PC7_6868
Pathway_PC7_6869	Pathway_PC7_6869
Pathway_PC7_6870	Pathway_PC7_6870
Pathway_PC7_6871	Pathway_PC7_6871
Pathway_PC7_6874	Pathway_PC7_6874
Pathway_PC7_6875	Pathway_PC7_6875
Pathway_PC7_6876	Pathway_PC7_6876
Pathway_PC7_6877	Pathway_PC7_6877
Pathway_PC7_6878	Pathway_PC7_6878
Pathway_PC7_6879	Pathway_PC7_6879
Pathway_PC7_6880	Pathway_PC7_6880
Pathway_PC7_6881	Pathway_PC7_6881
Pathway_PC7_6882	Pathway_PC7_6882
Pathway_PC7_6883	Pathway_PC7_6883
Pathway_PC7_6885	Pathway_PC7_6885
Pathway_PC7_6886	Pathway_PC7_6886
Pathway_PC7_6887	Pathway_PC7_6887
Pathway_PC7_6888	Pathway_PC7_6888
Pathway_PC7_6890	Pathway_PC7_6890
Pathway_PC7_6891	Pathway_PC7_6891
Pathway_PC7_6892	Pathway_PC7_6892
Pathway_PC7_6893	Pathway_PC7_6893
Pathway_PC7_6894	Pathway_PC7_6894
Pathway_PC7_6895	Pathway_PC7_6895
Pathway_PC7_6896	Pathway_PC7_6896
Pathway_PC7_6897	Pathway_PC7_6897
Pathway_PC7_6898	Pathway_PC7_6898
Pathway_PC7_6899	Pathway_PC7_6899
Pathway_PC7_6900	Pathway_PC7_6900
Pathway_PC7_6901	Pathway_PC7_6901
Pathway_PC7_6902	Pathway_PC7_6902
Pathway_PC7_6903	Pathway_PC7_6903
Pathway_PC7_6904	Pathway_PC7_6904
Pathway_PC7_6905	Pathway_PC7_6905
Pathway_PC7_6906	Pathway_PC7_6906
Pathway_PC7_6907	Pathway_PC7_6907
Pathway_PC7_6908	Pathway_PC7_6908
Pathway_PC7_6909	Pathway_PC7_6909
Pathway_PC7_6910	Pathway_PC7_6910
Pathway_PC7_6911	Pathway_PC7_6911
Pathway_PC7_6913	Pathway_PC7_6913
Pathway_PC7_6914	Pathway_PC7_6914
Pathway_PC7_6915	Pathway_PC7_6915
Pathway_PC7_6916	Pathway_PC7_6916
Pathway_PC7_6917	Pathway_PC7_6917
Pathway_PC7_6918	Pathway_PC7_6918
Pathway_PC7_6919	Pathway_PC7_6919
Pathway_PC7_6920	Pathway_PC7_6920
Pathway_PC7_6921	Pathway_PC7_6921
Pathway_PC7_6922	Pathway_PC7_6922
Pathway_PC7_6923	Pathway_PC7_6923
Pathway_PC7_6924	Pathway_PC7_6924
Pathway_PC7_6925	Pathway_PC7_6925
Pathway_PC7_6926	Pathway_PC7_6926
Pathway_PC7_6927	Pathway_PC7_6927
Pathway_PC7_6928	Pathway_PC7_6928
Pathway_PC7_6929	Pathway_PC7_6929
Pathway_PC7_6930	Pathway_PC7_6930
Pathway_PC7_6931	Pathway_PC7_6931
Pathway_PC7_6932	Pathway_PC7_6932
Pathway_PC7_6933	Pathway_PC7_6933
Pathway_PC7_6937	Pathway_PC7_6937
Pathway_PC7_6939	Pathway_PC7_6939
Pathway_PC7_6941	Pathway_PC7_6941
Pathway_PC7_6942	Pathway_PC7_6942
Pathway_PC7_6943	Pathway_PC7_6943
Pathway_PC7_6945	Pathway_PC7_6945
Pathway_PC7_6946	Pathway_PC7_6946
Pathway_PC7_6947	Pathway_PC7_6947
Pathway_PC7_6948	Pathway_PC7_6948
Pathway_PC7_6950	Pathway_PC7_6950
Pathway_PC7_6951	Pathway_PC7_6951
Pathway_PC7_6952	Pathway_PC7_6952
Pathway_PC7_6953	Pathway_PC7_6953
Pathway_PC7_6955	Pathway_PC7_6955
Pathway_PC7_6956	Pathway_PC7_6956
Pathway_PC7_6957	Pathway_PC7_6957
Pathway_PC7_6958	Pathway_PC7_6958
Pathway_PC7_6966	Pathway_PC7_6966
Pathway_PC7_6991	Pathway_PC7_6991
Pathway_PC7_6992	Pathway_PC7_6992
Pathway_PC7_6993	Pathway_PC7_6993
Pathway_PC7_6994	Pathway_PC7_6994
Pathway_PC7_6995	Pathway_PC7_6995
Pathway_PC7_6996	Pathway_PC7_6996
Pathway_PC7_7024	Pathway_PC7_7024
Pathway_PC7_7040	Pathway_PC7_7040
Pathway_PC7_7041	Pathway_PC7_7041
Pathway_PC7_7042	Pathway_PC7_7042
Pathway_PC7_7043	Pathway_PC7_7043
Pathway_PC7_7044	Pathway_PC7_7044
Pathway_PC7_7048	Pathway_PC7_7048
Pathway_PC7_7049	Pathway_PC7_7049
Pathway_PC7_7230	Pathway_PC7_7230
Pathway_PC7_7231	Pathway_PC7_7231
Pathway_PC7_7249	Pathway_PC7_7249
Pathway_PC7_7261	Pathway_PC7_7261
Pathway_PC7_7262	Pathway_PC7_7262
Pathway_PC7_7263	Pathway_PC7_7263
Pathway_PC7_7264	Pathway_PC7_7264
Pathway_PC7_7265	Pathway_PC7_7265
Pathway_PC7_7266	Pathway_PC7_7266
Pathway_PC7_7267	Pathway_PC7_7267
Pathway_PC7_7268	Pathway_PC7_7268
Pathway_PC7_7269	Pathway_PC7_7269
Pathway_PC7_7272	Pathway_PC7_7272
Pathway_PC7_7288	Pathway_PC7_7288
Pathway_PC7_7289	Pathway_PC7_7289
Pathway_PC7_7290	Pathway_PC7_7290
Pathway_PC7_7307	Pathway_PC7_7307
Pathway_PC7_7313	Pathway_PC7_7313
Pathway_PC7_7341	Pathway_PC7_7341
Pathway_PC7_7357	Pathway_PC7_7357
Pathway_PC7_7371	Pathway_PC7_7371
Pathway_PC7_7372	Pathway_PC7_7372
Pathway_PC7_7384	Pathway_PC7_7384
Pathway_PC7_7385	Pathway_PC7_7385
Pathway_PC7_7386	Pathway_PC7_7386
Pathway_PC7_7392	Pathway_PC7_7392
Pathway_PC7_7393	Pathway_PC7_7393
Pathway_PC7_7394	Pathway_PC7_7394
Pathway_PC7_7395	Pathway_PC7_7395
Pathway_PC7_7396	Pathway_PC7_7396
Pathway_PC7_7421	Pathway_PC7_7421
Pathway_PC7_7422	Pathway_PC7_7422
Pathway_PC7_7423	Pathway_PC7_7423
Pathway_PC7_7424	Pathway_PC7_7424
Pathway_PC7_7425	Pathway_PC7_7425
Pathway_PC7_7426	Pathway_PC7_7426
Pathway_PC7_7427	Pathway_PC7_7427
Pathway_PC7_7428	Pathway_PC7_7428
Pathway_PC7_7431	Pathway_PC7_7431
Pathway_PC7_7432	Pathway_PC7_7432
Pathway_PC7_7434	Pathway_PC7_7434
Pathway_PC7_7435	Pathway_PC7_7435
Pathway_PC7_7436	Pathway_PC7_7436
Pathway_PC7_7437	Pathway_PC7_7437
Pathway_PC7_7438	Pathway_PC7_7438
Pathway_PC7_7439	Pathway_PC7_7439
Pathway_PC7_7440	Pathway_PC7_7440
Pathway_PC7_7441	Pathway_PC7_7441
Pathway_PC7_7442	Pathway_PC7_7442
Pathway_PC7_7443	Pathway_PC7_7443
Pathway_PC7_7444	Pathway_PC7_7444
Pathway_PC7_7445	Pathway_PC7_7445
Pathway_PC7_7446	Pathway_PC7_7446
Pathway_PC7_7447	Pathway_PC7_7447
Pathway_PC7_7448	Pathway_PC7_7448
Pathway_PC7_7449	Pathway_PC7_7449
Pathway_PC7_7451	Pathway_PC7_7451
Pathway_PC7_7452	Pathway_PC7_7452
Pathway_PC7_7457	Pathway_PC7_7457
Pathway_PC7_7458	Pathway_PC7_7458
Pathway_PC7_7459	Pathway_PC7_7459
Pathway_PC7_7460	Pathway_PC7_7460
Pathway_PC7_7461	Pathway_PC7_7461
Pathway_PC7_7462	Pathway_PC7_7462
Pathway_PC7_7463	Pathway_PC7_7463
Pathway_PC7_7464	Pathway_PC7_7464
Pathway_PC7_7465	Pathway_PC7_7465
Pathway_PC7_7472	Pathway_PC7_7472
Pathway_PC7_7473	Pathway_PC7_7473
Pathway_PC7_7474	Pathway_PC7_7474
Pathway_PC7_7475	Pathway_PC7_7475
Pathway_PC7_7477	Pathway_PC7_7477
Pathway_PC7_7478	Pathway_PC7_7478
Pathway_PC7_7482	Pathway_PC7_7482
Pathway_PC7_7483	Pathway_PC7_7483
Pathway_PC7_7484	Pathway_PC7_7484
Pathway_PC7_7487	Pathway_PC7_7487
Pathway_PC7_7488	Pathway_PC7_7488
Pathway_PC7_7489	Pathway_PC7_7489
Pathway_PC7_7490	Pathway_PC7_7490
Pathway_PC7_7491	Pathway_PC7_7491
Pathway_PC7_7492	Pathway_PC7_7492
Pathway_PC7_7493	Pathway_PC7_7493
Pathway_PC7_7494	Pathway_PC7_7494
Pathway_PC7_7495	Pathway_PC7_7495
Pathway_PC7_7496	Pathway_PC7_7496
Pathway_PC7_7497	Pathway_PC7_7497
Pathway_PC7_7498	Pathway_PC7_7498
Pathway_PC7_7499	Pathway_PC7_7499
Pathway_PC7_7500	Pathway_PC7_7500
Pathway_PC7_7501	Pathway_PC7_7501
Pathway_PC7_7502	Pathway_PC7_7502
Pathway_PC7_7503	Pathway_PC7_7503
Pathway_PC7_7504	Pathway_PC7_7504
Pathway_PC7_7505	Pathway_PC7_7505
Pathway_PC7_7506	Pathway_PC7_7506
Pathway_PC7_7623	Pathway_PC7_7623
Pathway_PC7_7625	Pathway_PC7_7625
Pathway_PC7_7642	Pathway_PC7_7642
Pathway_PC7_7643	Pathway_PC7_7643
Pathway_PC7_7644	Pathway_PC7_7644
Pathway_PC7_7645	Pathway_PC7_7645
Pathway_PC7_7646	Pathway_PC7_7646
Pathway_PC7_7647	Pathway_PC7_7647
Pathway_PC7_7649	Pathway_PC7_7649
Pathway_PC7_7651	Pathway_PC7_7651
Pathway_PC7_7652	Pathway_PC7_7652
Pathway_PC7_7659	Pathway_PC7_7659
Pathway_PC7_7660	Pathway_PC7_7660
Pathway_PC7_7661	Pathway_PC7_7661
Pathway_PC7_7679	Pathway_PC7_7679
Pathway_PC7_7680	Pathway_PC7_7680
Pathway_PC7_7681	Pathway_PC7_7681
Pathway_PC7_7682	Pathway_PC7_7682
Pathway_PC7_7701	Pathway_PC7_7701
Pathway_PC7_7703	Pathway_PC7_7703
Pathway_PC7_7707	Pathway_PC7_7707
Pathway_PC7_7717	Pathway_PC7_7717
Pathway_PC7_7718	Pathway_PC7_7718
Pathway_PC7_7719	Pathway_PC7_7719
Pathway_PC7_7720	Pathway_PC7_7720
Pathway_PC7_7721	Pathway_PC7_7721
Pathway_PC7_7723	Pathway_PC7_7723
Pathway_PC7_7726	Pathway_PC7_7726
Pathway_PC7_7727	Pathway_PC7_7727
Pathway_PC7_7728	Pathway_PC7_7728
Pathway_PC7_7729	Pathway_PC7_7729
Pathway_PC7_7731	Pathway_PC7_7731
Pathway_PC7_7732	Pathway_PC7_7732
Pathway_PC7_7733	Pathway_PC7_7733
Pathway_PC7_7735	Pathway_PC7_7735
Pathway_PC7_7736	Pathway_PC7_7736
Pathway_PC7_7738	Pathway_PC7_7738
Pathway_PC7_7739	Pathway_PC7_7739
Pathway_PC7_7740	Pathway_PC7_7740
Pathway_PC7_7741	Pathway_PC7_7741
Pathway_PC7_7742	Pathway_PC7_7742
Pathway_PC7_7743	Pathway_PC7_7743
Pathway_PC7_7744	Pathway_PC7_7744
Pathway_PC7_7745	Pathway_PC7_7745
Pathway_PC7_7746	Pathway_PC7_7746
Pathway_PC7_7747	Pathway_PC7_7747
Pathway_PC7_7748	Pathway_PC7_7748
Pathway_PC7_7749	Pathway_PC7_7749
Pathway_PC7_7750	Pathway_PC7_7750
Pathway_PC7_7751	Pathway_PC7_7751
Pathway_PC7_7752	Pathway_PC7_7752
Pathway_PC7_7753	Pathway_PC7_7753
Pathway_PC7_7754	Pathway_PC7_7754
Pathway_PC7_7755	Pathway_PC7_7755
Pathway_PC7_7756	Pathway_PC7_7756
Pathway_PC7_7757	Pathway_PC7_7757
Pathway_PC7_7758	Pathway_PC7_7758
Pathway_PC7_7759	Pathway_PC7_7759
Pathway_PC7_7761	Pathway_PC7_7761
Pathway_PC7_7762	Pathway_PC7_7762
Pathway_PC7_7763	Pathway_PC7_7763
Pathway_PC7_7764	Pathway_PC7_7764
Pathway_PC7_7765	Pathway_PC7_7765
Pathway_PC7_7766	Pathway_PC7_7766
Pathway_PC7_7767	Pathway_PC7_7767
Pathway_PC7_7768	Pathway_PC7_7768
Pathway_PC7_7778	Pathway_PC7_7778
Pathway_PC7_7784	Pathway_PC7_7784
Pathway_PC7_7786	Pathway_PC7_7786
Pathway_PC7_7787	Pathway_PC7_7787
Pathway_PC7_7788	Pathway_PC7_7788
Pathway_PC7_7795	Pathway_PC7_7795
Pathway_PC7_7796	Pathway_PC7_7796
Pathway_PC7_7797	Pathway_PC7_7797
Pathway_PC7_7851	Pathway_PC7_7851
Pathway_PC7_7852	Pathway_PC7_7852
Pathway_PC7_8053	Pathway_PC7_8053
Pathway_PC7_8054	Pathway_PC7_8054
Pathway_PC7_8055	Pathway_PC7_8055
Pathway_PC7_8056	Pathway_PC7_8056
Pathway_PC7_8057	Pathway_PC7_8057
Pathway_PC7_8058	Pathway_PC7_8058
Pathway_PC7_8059	Pathway_PC7_8059
Pathway_PC7_8060	Pathway_PC7_8060
Pathway_PC7_8061	Pathway_PC7_8061
Pathway_PC7_8064	Pathway_PC7_8064
Pathway_PC7_8065	Pathway_PC7_8065
Pathway_PC7_8066	Pathway_PC7_8066
Pathway_PC7_8074	Pathway_PC7_8074
Pathway_PC7_8075	Pathway_PC7_8075
Pathway_PC7_8077	Pathway_PC7_8077
Pathway_PC7_8093	Pathway_PC7_8093
Pathway_PC7_8130	Pathway_PC7_8130
Pathway_PC7_8132	Pathway_PC7_8132
Pathway_PC7_8138	Pathway_PC7_8138
Pathway_PC7_8140	Pathway_PC7_8140
Pathway_PC7_8141	Pathway_PC7_8141
Pathway_PC7_8154	Pathway_PC7_8154
Pathway_PC7_8155	Pathway_PC7_8155
Pathway_PC7_8208	Pathway_PC7_8208
Pathway_PC7_8223	Pathway_PC7_8223
Pathway_PC7_8224	Pathway_PC7_8224
Pathway_PC7_8225	Pathway_PC7_8225
Pathway_PC7_8226	Pathway_PC7_8226
Pathway_PC7_8227	Pathway_PC7_8227
Pathway_PC7_8228	Pathway_PC7_8228
Pathway_PC7_8229	Pathway_PC7_8229
Pathway_PC7_8231	Pathway_PC7_8231
Pathway_PC7_8233	Pathway_PC7_8233
Pathway_PC7_8234	Pathway_PC7_8234
Pathway_PC7_8264	Pathway_PC7_8264
Pathway_PC7_8266	Pathway_PC7_8266
Pathway_PC7_8267	Pathway_PC7_8267
Pathway_PC7_8274	Pathway_PC7_8274
Pathway_PC7_8275	Pathway_PC7_8275
Pathway_PC7_8276	Pathway_PC7_8276
Pathway_PC7_8288	Pathway_PC7_8288
Pathway_PC7_8291	Pathway_PC7_8291
Pathway_PC7_8295	Pathway_PC7_8295
Pathway_PC7_8303	Pathway_PC7_8303
Pathway_PC7_8304	Pathway_PC7_8304
Pathway_PC7_8305	Pathway_PC7_8305
Pathway_PC7_8306	Pathway_PC7_8306
Pathway_PC7_8307	Pathway_PC7_8307
Pathway_PC7_8309	Pathway_PC7_8309
Pathway_PC7_8310	Pathway_PC7_8310
Pathway_PC7_8312	Pathway_PC7_8312
Pathway_PC7_8313	Pathway_PC7_8313
Pathway_PC7_8317	Pathway_PC7_8317
Pathway_PC7_8318	Pathway_PC7_8318
Pathway_PC7_8319	Pathway_PC7_8319
Pathway_PC7_8321	Pathway_PC7_8321
Pathway_PC7_8322	Pathway_PC7_8322
Pathway_PC7_8323	Pathway_PC7_8323
Pathway_PC7_8325	Pathway_PC7_8325
Pathway_PC7_8326	Pathway_PC7_8326
Pathway_PC7_8327	Pathway_PC7_8327
Pathway_PC7_8328	Pathway_PC7_8328
Pathway_PC7_8329	Pathway_PC7_8329
Pathway_PC7_8330	Pathway_PC7_8330
Pathway_PC7_8331	Pathway_PC7_8331
Pathway_PC7_8332	Pathway_PC7_8332
Pathway_PC7_8337	Pathway_PC7_8337
Pathway_PC7_8338	Pathway_PC7_8338
Pathway_PC7_8339	Pathway_PC7_8339
Pathway_PC7_8340	Pathway_PC7_8340
Pathway_PC7_8342	Pathway_PC7_8342
Pathway_PC7_8343	Pathway_PC7_8343
Pathway_PC7_8344	Pathway_PC7_8344
Pathway_PC7_8345	Pathway_PC7_8345
Pathway_PC7_8346	Pathway_PC7_8346
Pathway_PC7_8347	Pathway_PC7_8347
Pathway_PC7_8349	Pathway_PC7_8349
Pathway_PC7_8350	Pathway_PC7_8350
Pathway_PC7_8351	Pathway_PC7_8351
Pathway_PC7_8352	Pathway_PC7_8352
Pathway_PC7_8353	Pathway_PC7_8353
Pathway_PC7_8354	Pathway_PC7_8354
Pathway_PC7_8355	Pathway_PC7_8355
Pathway_PC7_8356	Pathway_PC7_8356
Pathway_PC7_8357	Pathway_PC7_8357
Pathway_PC7_8358	Pathway_PC7_8358
Pathway_PC7_8359	Pathway_PC7_8359
Pathway_PC7_8360	Pathway_PC7_8360
Pathway_PC7_8361	Pathway_PC7_8361
Pathway_PC7_8424	Pathway_PC7_8424
Pathway_PC7_8429	Pathway_PC7_8429
Pathway_PC7_8430	Pathway_PC7_8430
Pathway_PC7_8431	Pathway_PC7_8431
Pathway_PC7_8432	Pathway_PC7_8432
Pathway_PC7_8444	Pathway_PC7_8444
Pathway_PC7_8445	Pathway_PC7_8445
Pathway_PC7_8609	Pathway_PC7_8609
Pathway_PC7_8621	Pathway_PC7_8621
Pathway_PC7_8625	Pathway_PC7_8625
Pathway_PC7_8627	Pathway_PC7_8627
Pathway_PC7_8629	Pathway_PC7_8629
Pathway_PC7_8631	Pathway_PC7_8631
Pathway_PC7_8632	Pathway_PC7_8632
Pathway_PC7_8633	Pathway_PC7_8633
Pathway_PC7_8634	Pathway_PC7_8634
Pathway_PC7_8635	Pathway_PC7_8635
Pathway_PC7_8639	Pathway_PC7_8639
Pathway_PC7_8659	Pathway_PC7_8659
Pathway_PC7_8660	Pathway_PC7_8660
Pathway_PC7_8664	Pathway_PC7_8664
Pathway_PC7_8665	Pathway_PC7_8665
Pathway_PC7_8666	Pathway_PC7_8666
Pathway_PC7_8667	Pathway_PC7_8667
Pathway_PC7_8668	Pathway_PC7_8668
Pathway_PC7_8675	Pathway_PC7_8675
Pathway_PC7_8676	Pathway_PC7_8676
Pathway_PC7_8677	Pathway_PC7_8677
Pathway_PC7_8678	Pathway_PC7_8678
Pathway_PC7_8679	Pathway_PC7_8679
Pathway_PC7_8680	Pathway_PC7_8680
Pathway_PC7_8681	Pathway_PC7_8681
Pathway_PC7_8701	Pathway_PC7_8701
Pathway_PC7_8703	Pathway_PC7_8703
Pathway_PC7_8709	Pathway_PC7_8709
Pathway_PC7_8710	Pathway_PC7_8710
Pathway_PC7_8711	Pathway_PC7_8711
Pathway_PC7_8712	Pathway_PC7_8712
Pathway_PC7_8715	Pathway_PC7_8715
Pathway_PC7_8716	Pathway_PC7_8716
Pathway_PC7_8720	Pathway_PC7_8720
Pathway_PC7_8721	Pathway_PC7_8721
Pathway_PC7_8722	Pathway_PC7_8722
Pathway_PC7_8725	Pathway_PC7_8725
Pathway_PC7_8726	Pathway_PC7_8726
Pathway_PC7_8761	Pathway_PC7_8761
Pathway_PC7_8762	Pathway_PC7_8762
Pathway_PC7_8763	Pathway_PC7_8763
Pathway_PC7_8764	Pathway_PC7_8764
Pathway_PC7_8765	Pathway_PC7_8765
Pathway_PC7_8766	Pathway_PC7_8766
Pathway_PC7_8771	Pathway_PC7_8771
Pathway_PC7_8773	Pathway_PC7_8773
Pathway_PC7_8775	Pathway_PC7_8775
Pathway_PC7_8776	Pathway_PC7_8776
Pathway_PC7_8783	Pathway_PC7_8783
Pathway_PC7_8786	Pathway_PC7_8786
Pathway_PC7_8790	Pathway_PC7_8790
Pathway_PC7_8798	Pathway_PC7_8798
Pathway_PC7_8803	Pathway_PC7_8803
Pathway_PC7_8833	Pathway_PC7_8833
Pathway_PC7_8834	Pathway_PC7_8834
Pathway_PC7_8856	Pathway_PC7_8856
Pathway_PC7_965	Pathway_PC7_965
Pathway_PC7_966	Pathway_PC7_966
Pathway_PC7_967	Pathway_PC7_967
Pathway_PC7_968	Pathway_PC7_968
Pathway_PC7_983	Pathway_PC7_983
Pathway_PC7_984	Pathway_PC7_984
Pathway_WP100_r74146	Pathway_WP100_r74146
Pathway_WP106_r74147	Pathway_WP106_r74147
Pathway_WP107_r78489	Pathway_WP107_r78489
Pathway_WP111_r82216	Pathway_WP111_r82216
Pathway_WP117_r82985	Pathway_WP117_r82985
Pathway_WP127_r78498	Pathway_WP127_r78498
Pathway_WP129_r72054	Pathway_WP129_r72054
Pathway_WP12_r81176	Pathway_WP12_r81176
Pathway_WP134_r82700	Pathway_WP134_r82700
Pathway_WP136_r80005	Pathway_WP136_r80005
Pathway_WP138_r79958	Pathway_WP138_r79958
Pathway_WP1403_r79471	Pathway_WP1403_r79471
Pathway_WP1422_r79871	Pathway_WP1422_r79871
Pathway_WP1423_r79812	Pathway_WP1423_r79812
Pathway_WP1424_r83526	Pathway_WP1424_r83526
Pathway_WP1425_r74390	Pathway_WP1425_r74390
Pathway_WP1433_r83527	Pathway_WP1433_r83527
Pathway_WP1434_r78545	Pathway_WP1434_r78545
Pathway_WP143_r79783	Pathway_WP143_r79783
Pathway_WP1449_r81172	Pathway_WP1449_r81172
Pathway_WP1455_r68965	Pathway_WP1455_r68965
Pathway_WP1471_r82750	Pathway_WP1471_r82750
Pathway_WP1528_r78581	Pathway_WP1528_r78581
Pathway_WP1530_r84694	Pathway_WP1530_r84694
Pathway_WP1531_r82221	Pathway_WP1531_r82221
Pathway_WP1533_r82707	Pathway_WP1533_r82707
Pathway_WP1539_r79949	Pathway_WP1539_r79949
Pathway_WP1544_r84696	Pathway_WP1544_r84696
Pathway_WP1545_r84697	Pathway_WP1545_r84697
Pathway_WP1559_r84698	Pathway_WP1559_r84698
Pathway_WP1584_r81779	Pathway_WP1584_r81779
Pathway_WP1589_r82223	Pathway_WP1589_r82223
Pathway_WP1591_r84699	Pathway_WP1591_r84699
Pathway_WP15_r82705	Pathway_WP15_r82705
Pathway_WP1600_r70113	Pathway_WP1600_r70113
Pathway_WP1601_r84700	Pathway_WP1601_r84700
Pathway_WP1602_r78486	Pathway_WP1602_r78486
Pathway_WP1603_r78574	Pathway_WP1603_r78574
Pathway_WP1604_r74317	Pathway_WP1604_r74317
Pathway_WP167_r82702	Pathway_WP167_r82702
Pathway_WP170_r71083	Pathway_WP170_r71083
Pathway_WP1742_r71700	Pathway_WP1742_r71700
Pathway_WP176_r82704	Pathway_WP176_r82704
Pathway_WP1772_r84701	Pathway_WP1772_r84701
Pathway_WP179_r70629	Pathway_WP179_r70629
Pathway_WP183_r81161	Pathway_WP183_r81161
Pathway_WP185_r80036	Pathway_WP185_r80036
Pathway_WP186_r68935	Pathway_WP186_r68935
Pathway_WP1941_r73548	Pathway_WP1941_r73548
Pathway_WP1946_r79691	Pathway_WP1946_r79691
Pathway_WP195_r79965	Pathway_WP195_r79965
Pathway_WP1971_r82939	Pathway_WP1971_r82939
Pathway_WP197_r81059	Pathway_WP197_r81059
Pathway_WP1981_r70955	Pathway_WP1981_r70955
Pathway_WP1982_r79943	Pathway_WP1982_r79943
Pathway_WP1984_r82941	Pathway_WP1984_r82941
Pathway_WP1991_r82940	Pathway_WP1991_r82940
Pathway_WP1992_r78296	Pathway_WP1992_r78296
Pathway_WP1995_r69910	Pathway_WP1995_r69910
Pathway_WP2007_r69751	Pathway_WP2007_r69751
Pathway_WP2011_r75253	Pathway_WP2011_r75253
Pathway_WP2012_r82900	Pathway_WP2012_r82900
Pathway_WP2018_r79959	Pathway_WP2018_r79959
Pathway_WP2029_r82903	Pathway_WP2029_r82903
Pathway_WP2032_r79960	Pathway_WP2032_r79960
Pathway_WP2034_r80016	Pathway_WP2034_r80016
Pathway_WP2035_r78536	Pathway_WP2035_r78536
Pathway_WP2036_r84527	Pathway_WP2036_r84527
Pathway_WP2059_r82906	Pathway_WP2059_r82906
Pathway_WP205_r80223	Pathway_WP205_r80223
Pathway_WP2064_r79263	Pathway_WP2064_r79263
Pathway_WP206_r68882	Pathway_WP206_r68882
Pathway_WP2112_r63216	Pathway_WP2112_r63216
Pathway_WP2113_r70107	Pathway_WP2113_r70107
Pathway_WP2118_r71265	Pathway_WP2118_r71265
Pathway_WP2197_r74852	Pathway_WP2197_r74852
Pathway_WP2203_r78549	Pathway_WP2203_r78549
Pathway_WP2249_r84646	Pathway_WP2249_r84646
Pathway_WP2253_r74520	Pathway_WP2253_r74520
Pathway_WP2261_r81197	Pathway_WP2261_r81197
Pathway_WP2267_r78595	Pathway_WP2267_r78595
Pathway_WP2272_r78594	Pathway_WP2272_r78594
Pathway_WP2276_r63194	Pathway_WP2276_r63194
Pathway_WP2289_r78511	Pathway_WP2289_r78511
Pathway_WP2290_r79988	Pathway_WP2290_r79988
Pathway_WP2291_r68922	Pathway_WP2291_r68922
Pathway_WP229_r68389	Pathway_WP229_r68389
Pathway_WP22_r79264	Pathway_WP22_r79264
Pathway_WP231_r81070	Pathway_WP231_r81070
Pathway_WP2324_r78487	Pathway_WP2324_r78487
Pathway_WP2328_r84648	Pathway_WP2328_r84648
Pathway_WP2332_r79525	Pathway_WP2332_r79525
Pathway_WP2333_r72015	Pathway_WP2333_r72015
Pathway_WP2338_r78504	Pathway_WP2338_r78504
Pathway_WP2355_r79973	Pathway_WP2355_r79973
Pathway_WP2359_r72121	Pathway_WP2359_r72121
Pathway_WP2361_r84551	Pathway_WP2361_r84551
Pathway_WP2363_r84552	Pathway_WP2363_r84552
Pathway_WP2366_r73980	Pathway_WP2366_r73980
Pathway_WP2369_r83012	Pathway_WP2369_r83012
Pathway_WP236_r80209	Pathway_WP236_r80209
Pathway_WP2371_r84649	Pathway_WP2371_r84649
Pathway_WP2374_r73668	Pathway_WP2374_r73668
Pathway_WP2377_r80437	Pathway_WP2377_r80437
Pathway_WP237_r78497	Pathway_WP237_r78497
Pathway_WP2380_r79953	Pathway_WP2380_r79953
Pathway_WP23_r79985	Pathway_WP23_r79985
Pathway_WP2406_r73324	Pathway_WP2406_r73324
Pathway_WP241_r83818	Pathway_WP241_r83818
Pathway_WP2431_r84650	Pathway_WP2431_r84650
Pathway_WP2435_r80008	Pathway_WP2435_r80008
Pathway_WP2436_r71387	Pathway_WP2436_r71387
Pathway_WP2446_r84651	Pathway_WP2446_r84651
Pathway_WP2447_r84415	Pathway_WP2447_r84415
Pathway_WP244_r78506	Pathway_WP244_r78506
Pathway_WP2453_r80143	Pathway_WP2453_r80143
Pathway_WP247_r74422	Pathway_WP247_r74422
Pathway_WP2485_r70025	Pathway_WP2485_r70025
Pathway_WP2491_r73891	Pathway_WP2491_r73891
Pathway_WP24_r79999	Pathway_WP24_r79999
Pathway_WP2516_r84490	Pathway_WP2516_r84490
Pathway_WP2525_r80205	Pathway_WP2525_r80205
Pathway_WP2526_r82681	Pathway_WP2526_r82681
Pathway_WP2533_r84117	Pathway_WP2533_r84117
Pathway_WP2542_r70621	Pathway_WP2542_r70621
Pathway_WP254_r84652	Pathway_WP254_r84652
Pathway_WP2572_r79947	Pathway_WP2572_r79947
Pathway_WP2583_r84488	Pathway_WP2583_r84488
Pathway_WP2586_r79995	Pathway_WP2586_r79995
Pathway_WP2596_r72724	Pathway_WP2596_r72724
Pathway_WP2597_r78485	Pathway_WP2597_r78485
Pathway_WP262_r84487	Pathway_WP262_r84487
Pathway_WP2637_r80029	Pathway_WP2637_r80029
Pathway_WP2643_r74251	Pathway_WP2643_r74251
Pathway_WP2646_r74430	Pathway_WP2646_r74430
Pathway_WP268_r70096	Pathway_WP268_r70096
Pathway_WP26_r79950	Pathway_WP26_r79950
Pathway_WP272_r84876	Pathway_WP272_r84876
Pathway_WP2795_r78544	Pathway_WP2795_r78544
Pathway_WP2804_r79882	Pathway_WP2804_r79882
Pathway_WP2805_r81654	Pathway_WP2805_r81654
Pathway_WP2816_r76465	Pathway_WP2816_r76465
Pathway_WP2828_r79529	Pathway_WP2828_r79529
Pathway_WP2848_r80009	Pathway_WP2848_r80009
Pathway_WP2849_r84764	Pathway_WP2849_r84764
Pathway_WP2853_r83014	Pathway_WP2853_r83014
Pathway_WP2854_r79970	Pathway_WP2854_r79970
Pathway_WP2855_r79211	Pathway_WP2855_r79211
Pathway_WP2857_r80151	Pathway_WP2857_r80151
Pathway_WP2858_r83015	Pathway_WP2858_r83015
Pathway_WP2864_r79278	Pathway_WP2864_r79278
Pathway_WP2865_r81650	Pathway_WP2865_r81650
Pathway_WP2868_r78079	Pathway_WP2868_r78079
Pathway_WP286_r78583	Pathway_WP286_r78583
Pathway_WP2870_r79555	Pathway_WP2870_r79555
Pathway_WP2873_r79696	Pathway_WP2873_r79696
Pathway_WP2874_r82709	Pathway_WP2874_r82709
Pathway_WP2875_r79890	Pathway_WP2875_r79890
Pathway_WP2878_r79689	Pathway_WP2878_r79689
Pathway_WP2879_r79602	Pathway_WP2879_r79602
Pathway_WP2881_r79603	Pathway_WP2881_r79603
Pathway_WP2884_r83041	Pathway_WP2884_r83041
Pathway_WP2889_r79753	Pathway_WP2889_r79753
Pathway_WP288_r80026	Pathway_WP288_r80026
Pathway_WP2895_r79216	Pathway_WP2895_r79216
Pathway_WP289_r81078	Pathway_WP289_r81078
Pathway_WP28_r71888	Pathway_WP28_r71888
Pathway_WP2911_r83020	Pathway_WP2911_r83020
Pathway_WP2916_r79908	Pathway_WP2916_r79908
Pathway_WP2942_r84388	Pathway_WP2942_r84388
Pathway_WP2943_r83778	Pathway_WP2943_r83778
Pathway_WP2946_r83779	Pathway_WP2946_r83779
Pathway_WP299_r78587	Pathway_WP299_r78587
Pathway_WP304_r78799	Pathway_WP304_r78799
Pathway_WP306_r80308	Pathway_WP306_r80308
Pathway_WP311_r68921	Pathway_WP311_r68921
Pathway_WP313_r79946	Pathway_WP313_r79946
Pathway_WP314_r80438	Pathway_WP314_r80438
Pathway_WP322_r79496	Pathway_WP322_r79496
Pathway_WP325_r71223	Pathway_WP325_r71223
Pathway_WP3286_r84312	Pathway_WP3286_r84312
Pathway_WP3287_r84570	Pathway_WP3287_r84570
Pathway_WP3297_r83780	Pathway_WP3297_r83780
Pathway_WP3298_r84382	Pathway_WP3298_r84382
Pathway_WP3300_r81234	Pathway_WP3300_r81234
Pathway_WP3301_r81279	Pathway_WP3301_r81279
Pathway_WP3302_r81679	Pathway_WP3302_r81679
Pathway_WP3303_r83781	Pathway_WP3303_r83781
Pathway_WP334_r79716	Pathway_WP334_r79716
Pathway_WP3407_r81707	Pathway_WP3407_r81707
Pathway_WP3408_r81714	Pathway_WP3408_r81714
Pathway_WP3413_r82217	Pathway_WP3413_r82217
Pathway_WP3414_r82252	Pathway_WP3414_r82252
Pathway_WP34_r72115	Pathway_WP34_r72115
Pathway_WP3527_r84571	Pathway_WP3527_r84571
Pathway_WP3529_r84285	Pathway_WP3529_r84285
Pathway_WP357_r70641	Pathway_WP357_r70641
Pathway_WP3584_r84776	Pathway_WP3584_r84776
Pathway_WP3585_r84793	Pathway_WP3585_r84793
Pathway_WP3593_r84853	Pathway_WP3593_r84853
Pathway_WP3594_r84573	Pathway_WP3594_r84573
Pathway_WP3595_r84854	Pathway_WP3595_r84854
Pathway_WP3596_r84855	Pathway_WP3596_r84855
Pathway_WP3599_r84770	Pathway_WP3599_r84770
Pathway_WP35_r79952	Pathway_WP35_r79952
Pathway_WP3601_r84331	Pathway_WP3601_r84331
Pathway_WP363_r78571	Pathway_WP363_r78571
Pathway_WP364_r83783	Pathway_WP364_r83783
Pathway_WP366_r84196	Pathway_WP366_r84196
Pathway_WP368_r79271	Pathway_WP368_r79271
Pathway_WP382_r79951	Pathway_WP382_r79951
Pathway_WP383_r80200	Pathway_WP383_r80200
Pathway_WP384_r67054	Pathway_WP384_r67054
Pathway_WP391_r71373	Pathway_WP391_r71373
Pathway_WP395_r79978	Pathway_WP395_r79978
Pathway_WP399_r79474	Pathway_WP399_r79474
Pathway_WP3_r79527	Pathway_WP3_r79527
Pathway_WP400_r72084	Pathway_WP400_r72084
Pathway_WP404_r68960	Pathway_WP404_r68960
Pathway_WP405_r73594	Pathway_WP405_r73594
Pathway_WP408_r78546	Pathway_WP408_r78546
Pathway_WP410_r84683	Pathway_WP410_r84683
Pathway_WP411_r79980	Pathway_WP411_r79980
Pathway_WP422_r72129	Pathway_WP422_r72129
Pathway_WP428_r79854	Pathway_WP428_r79854
Pathway_WP430_r82344	Pathway_WP430_r82344
Pathway_WP437_r79266	Pathway_WP437_r79266
Pathway_WP438_r80022	Pathway_WP438_r80022
Pathway_WP43_r84102	Pathway_WP43_r84102
Pathway_WP453_r80206	Pathway_WP453_r80206
Pathway_WP455_r81793	Pathway_WP455_r81793
Pathway_WP45_r80001	Pathway_WP45_r80001
Pathway_WP465_r79226	Pathway_WP465_r79226
Pathway_WP466_r79981	Pathway_WP466_r79981
Pathway_WP474_r80208	Pathway_WP474_r80208
Pathway_WP477_r67139	Pathway_WP477_r67139
Pathway_WP47_r78542	Pathway_WP47_r78542
Pathway_WP481_r82731	Pathway_WP481_r82731
Pathway_WP496_r69016	Pathway_WP496_r69016
Pathway_WP497_r72142	Pathway_WP497_r72142
Pathway_WP49_r78543	Pathway_WP49_r78543
Pathway_WP500_r63201	Pathway_WP500_r63201
Pathway_WP501_r79715	Pathway_WP501_r79715
Pathway_WP516_r71358	Pathway_WP516_r71358
Pathway_WP51_r79977	Pathway_WP51_r79977
Pathway_WP521_r63156	Pathway_WP521_r63156
Pathway_WP524_r72112	Pathway_WP524_r72112
Pathway_WP528_r79855	Pathway_WP528_r79855
Pathway_WP530_r79331	Pathway_WP530_r79331
Pathway_WP531_r69021	Pathway_WP531_r69021
Pathway_WP534_r78585	Pathway_WP534_r78585
Pathway_WP536_r80211	Pathway_WP536_r80211
Pathway_WP53_r67360	Pathway_WP53_r67360
Pathway_WP545_r82142	Pathway_WP545_r82142
Pathway_WP550_r81207	Pathway_WP550_r81207
Pathway_WP554_r84372	Pathway_WP554_r84372
Pathway_WP558_r79680	Pathway_WP558_r79680
Pathway_WP560_r83868	Pathway_WP560_r83868
Pathway_WP561_r72035	Pathway_WP561_r72035
Pathway_WP581_r67199	Pathway_WP581_r67199
Pathway_WP585_r80201	Pathway_WP585_r80201
Pathway_WP58_r80015	Pathway_WP58_r80015
Pathway_WP615_r81193	Pathway_WP615_r81193
Pathway_WP619_r71168	Pathway_WP619_r71168
Pathway_WP61_r78592	Pathway_WP61_r78592
Pathway_WP623_r79961	Pathway_WP623_r79961
Pathway_WP666_r68893	Pathway_WP666_r68893
Pathway_WP673_r80202	Pathway_WP673_r80202
Pathway_WP678_r71506	Pathway_WP678_r71506
Pathway_WP688_r84769	Pathway_WP688_r84769
Pathway_WP690_r72132	Pathway_WP690_r72132
Pathway_WP691_r79986	Pathway_WP691_r79986
Pathway_WP692_r69031	Pathway_WP692_r69031
Pathway_WP694_r67062	Pathway_WP694_r67062
Pathway_WP696_r72081	Pathway_WP696_r72081
Pathway_WP697_r80025	Pathway_WP697_r80025
Pathway_WP698_r79224	Pathway_WP698_r79224
Pathway_WP699_r70509	Pathway_WP699_r70509
Pathway_WP69_r79955	Pathway_WP69_r79955
Pathway_WP702_r73516	Pathway_WP702_r73516
Pathway_WP704_r79563	Pathway_WP704_r79563
Pathway_WP706_r80056	Pathway_WP706_r80056
Pathway_WP707_r82937	Pathway_WP707_r82937
Pathway_WP710_r79974	Pathway_WP710_r79974
Pathway_WP712_r78491	Pathway_WP712_r78491
Pathway_WP716_r83589	Pathway_WP716_r83589
Pathway_WP727_r79969	Pathway_WP727_r79969
Pathway_WP732_r80010	Pathway_WP732_r80010
Pathway_WP733_r74441	Pathway_WP733_r74441
Pathway_WP734_r74438	Pathway_WP734_r74438
Pathway_WP75_r83867	Pathway_WP75_r83867
Pathway_WP78_r70014	Pathway_WP78_r70014
Pathway_WP80_r68938	Pathway_WP80_r68938
Pathway_WP98_r72088	Pathway_WP98_r72088
